timestamp,price,return,pnl,equity,expected_pnl,implementation_shortfall,volatility,volume_ratio,spread_bps,slippage_bps,signal_strength,news_risk,symbol,earnings_revision_pct,earnings_surprise_pct,revenue_growth_yoy,eps_growth_yoy,free_cash_flow_yield,valuation_percentile,debt_to_ebitda,interest_coverage,alpha_score,expected_return,information_coefficient,rank_ic,weight_error_bps,target_actual_weight_gap_bps,fundamental_age_days,as_of_lag_days,revision_lag_days,action,target_position,target_weight,decision_reason,target_quantity,kind,event_id,parent_id,available_at,decision_timestamp,strategy_id,strategy_version,model_version,feature_snapshot_id,fill_quantity,position_quantity,detail
2025-08-15T15:30:00,98.3799,-0.0002,746.0,746.0,892.16,247.75,0.11143,0.899,2.8142,0.7973,0.718,0.2624,AAPL,0.7,2.3,10.8,13.2,4.7,0.54,1.4,9.4,0.73,1.5,0.078,0.094,7.0,10.0,1.0,0.4,0.3,,100,0.041,Fundamental alpha score supported the long target.,,observation,observation-000,,2025-08-15T15:30:00,,,,,,,,Demo cycle 000: retained observation record for AAPL.
2025-08-15T15:35:00,98.3799,-0.0002,746.0,1492.0,892.16,247.75,0.11143,0.899,2.8142,0.7973,0.718,0.2624,AAPL,0.7,2.3,10.8,13.2,4.7,0.54,1.4,9.4,0.73,1.5,0.078,0.094,7.0,10.0,1.0,0.4,0.3,BUY,100,0.041,Fundamental alpha score supported the long target.,,decision,decision-000,observation-000,2025-08-15T15:35:00,2025-08-15T15:35:00,demo-mixed-fundamental-alpha,2025.08-demo,fundamental-ranker-2.1,features-000,,,BUY AAPL: Fundamental alpha score supported the long target.
2025-08-15T15:40:00,98.3799,-0.0002,746.0,2238.0,892.16,247.75,0.11143,0.899,2.8142,0.7973,0.718,0.2624,AAPL,0.7,2.3,10.8,13.2,4.7,0.54,1.4,9.4,0.73,1.5,0.078,0.094,7.0,10.0,1.0,0.4,0.3,,100,0.041,Fundamental alpha score supported the long target.,100,target,target-000,decision-000,2025-08-15T15:40:00,,,,,,,,Demo cycle 000: retained target record for AAPL.
2025-08-15T15:45:00,98.3799,-0.0002,746.0,2984.0,892.16,247.75,0.11143,0.899,2.8142,0.7973,0.718,0.2624,AAPL,0.7,2.3,10.8,13.2,4.7,0.54,1.4,9.4,0.73,1.5,0.078,0.094,7.0,10.0,1.0,0.4,0.3,,100,0.041,Fundamental alpha score supported the long target.,,fill,fill-000,target-000,2025-08-15T15:45:00,,,,,,100,,Demo cycle 000: retained fill record for AAPL.
2025-08-15T15:50:00,98.3799,-0.0002,746.0,3730.0,892.16,247.75,0.11143,0.899,2.8142,0.7973,0.718,0.2624,AAPL,0.7,2.3,10.8,13.2,4.7,0.54,1.4,9.4,0.73,1.5,0.078,0.094,7.0,10.0,1.0,0.4,0.3,,100,0.041,Fundamental alpha score supported the long target.,,position,position-000,fill-000,2025-08-15T15:50:00,,,,,,,100,Demo cycle 000: retained position record for AAPL.
2025-08-15T15:55:00,98.3799,-0.0002,746.0,4476.0,892.16,247.75,0.11143,0.899,2.8142,0.7973,0.718,0.2624,AAPL,0.7,2.3,10.8,13.2,4.7,0.54,1.4,9.4,0.73,1.5,0.078,0.094,7.0,10.0,1.0,0.4,0.3,,100,0.041,Fundamental alpha score supported the long target.,,pnl,pnl-000,position-000,2025-08-15T15:55:00,,,,,,,,Demo cycle 000: retained pnl record for AAPL.
2025-08-15T16:00:00,98.9254,-0.000186,1032.37,5508.37,891.38,-246.41,0.11248,0.9195,2.9463,1.1176,0.6563,0.1079,MSFT,0.836,2.436,10.936,13.336,4.745,0.547,1.434,9.536,0.744,1.545,0.079,0.095,7.54,10.54,1.14,0.47,0.35,,100,0.041,Fundamental alpha score supported the long target.,,observation,observation-001,,2025-08-15T16:00:00,,,,,,,,Demo cycle 001: retained observation record for MSFT.
2025-08-15T16:05:00,98.9254,-0.000186,1032.37,6540.74,891.38,-246.41,0.11248,0.9195,2.9463,1.1176,0.6563,0.1079,MSFT,0.836,2.436,10.936,13.336,4.745,0.547,1.434,9.536,0.744,1.545,0.079,0.095,7.54,10.54,1.14,0.47,0.35,BUY,100,0.041,Fundamental alpha score supported the long target.,,decision,decision-001,observation-001,2025-08-15T16:05:00,2025-08-15T16:05:00,demo-mixed-fundamental-alpha,2025.08-demo,fundamental-ranker-2.1,features-001,,,BUY MSFT: Fundamental alpha score supported the long target.
2025-08-15T16:10:00,98.9254,-0.000186,1032.37,7573.11,891.38,-246.41,0.11248,0.9195,2.9463,1.1176,0.6563,0.1079,MSFT,0.836,2.436,10.936,13.336,4.745,0.547,1.434,9.536,0.744,1.545,0.079,0.095,7.54,10.54,1.14,0.47,0.35,,100,0.041,Fundamental alpha score supported the long target.,100,target,target-001,decision-001,2025-08-15T16:10:00,,,,,,,,Demo cycle 001: retained target record for MSFT.
2025-08-15T16:15:00,98.9254,-0.000186,1032.37,8605.48,891.38,-246.41,0.11248,0.9195,2.9463,1.1176,0.6563,0.1079,MSFT,0.836,2.436,10.936,13.336,4.745,0.547,1.434,9.536,0.744,1.545,0.079,0.095,7.54,10.54,1.14,0.47,0.35,,100,0.041,Fundamental alpha score supported the long target.,,fill,fill-001,target-001,2025-08-15T16:15:00,,,,,,100,,Demo cycle 001: retained fill record for MSFT.
2025-08-15T16:20:00,98.9254,-0.000186,1032.37,9637.85,891.38,-246.41,0.11248,0.9195,2.9463,1.1176,0.6563,0.1079,MSFT,0.836,2.436,10.936,13.336,4.745,0.547,1.434,9.536,0.744,1.545,0.079,0.095,7.54,10.54,1.14,0.47,0.35,,100,0.041,Fundamental alpha score supported the long target.,,position,position-001,fill-001,2025-08-15T16:20:00,,,,,,,100,Demo cycle 001: retained position record for MSFT.
2025-08-15T16:25:00,98.9254,-0.000186,1032.37,10670.22,891.38,-246.41,0.11248,0.9195,2.9463,1.1176,0.6563,0.1079,MSFT,0.836,2.436,10.936,13.336,4.745,0.547,1.434,9.536,0.744,1.545,0.079,0.095,7.54,10.54,1.14,0.47,0.35,,100,0.041,Fundamental alpha score supported the long target.,,pnl,pnl-001,position-001,2025-08-15T16:25:00,,,,,,,,Demo cycle 001: retained pnl record for MSFT.
2025-08-15T16:30:00,99.165,-0.000182,794.78,11465.0,896.75,-238.57,0.10524,0.9695,2.8116,0.9703,0.7703,0.2571,NVDA,0.878,2.478,10.978,13.378,4.759,0.549,1.445,9.578,0.748,1.559,0.08,0.096,7.71,10.71,1.18,0.49,0.36,,100,0.041,Fundamental alpha score supported the long target.,,observation,observation-002,,2025-08-15T16:30:00,,,,,,,,Demo cycle 002: retained observation record for NVDA.
2025-08-15T16:35:00,99.165,-0.000182,794.78,12259.78,896.75,-238.57,0.10524,0.9695,2.8116,0.9703,0.7703,0.2571,NVDA,0.878,2.478,10.978,13.378,4.759,0.549,1.445,9.578,0.748,1.559,0.08,0.096,7.71,10.71,1.18,0.49,0.36,BUY,100,0.041,Fundamental alpha score supported the long target.,,decision,decision-002,observation-002,2025-08-15T16:35:00,2025-08-15T16:35:00,demo-mixed-fundamental-alpha,2025.08-demo,fundamental-ranker-2.1,features-002,,,BUY NVDA: Fundamental alpha score supported the long target.
2025-08-15T16:40:00,99.165,-0.000182,794.78,13054.56,896.75,-238.57,0.10524,0.9695,2.8116,0.9703,0.7703,0.2571,NVDA,0.878,2.478,10.978,13.378,4.759,0.549,1.445,9.578,0.748,1.559,0.08,0.096,7.71,10.71,1.18,0.49,0.36,,100,0.041,Fundamental alpha score supported the long target.,100,target,target-002,decision-002,2025-08-15T16:40:00,,,,,,,,Demo cycle 002: retained target record for NVDA.
2025-08-15T16:45:00,99.165,-0.000182,794.78,13849.34,896.75,-238.57,0.10524,0.9695,2.8116,0.9703,0.7703,0.2571,NVDA,0.878,2.478,10.978,13.378,4.759,0.549,1.445,9.578,0.748,1.559,0.08,0.096,7.71,10.71,1.18,0.49,0.36,,100,0.041,Fundamental alpha score supported the long target.,,fill,fill-002,target-002,2025-08-15T16:45:00,,,,,,100,,Demo cycle 002: retained fill record for NVDA.
2025-08-15T16:50:00,99.165,-0.000182,794.78,14644.12,896.75,-238.57,0.10524,0.9695,2.8116,0.9703,0.7703,0.2571,NVDA,0.878,2.478,10.978,13.378,4.759,0.549,1.445,9.578,0.748,1.559,0.08,0.096,7.71,10.71,1.18,0.49,0.36,,100,0.041,Fundamental alpha score supported the long target.,,position,position-002,fill-002,2025-08-15T16:50:00,,,,,,,100,Demo cycle 002: retained position record for NVDA.
2025-08-15T16:55:00,99.165,-0.000182,794.78,15438.9,896.75,-238.57,0.10524,0.9695,2.8116,0.9703,0.7703,0.2571,NVDA,0.878,2.478,10.978,13.378,4.759,0.549,1.445,9.578,0.748,1.559,0.08,0.096,7.71,10.71,1.18,0.49,0.36,,100,0.041,Fundamental alpha score supported the long target.,,pnl,pnl-002,position-002,2025-08-15T16:55:00,,,,,,,,Demo cycle 002: retained pnl record for NVDA.
2025-08-15T17:00:00,99.3356,-0.00019,477.34,15916.24,888.86,-308.42,0.11589,0.9551,2.8239,1.0982,0.7251,0.2245,JPM,0.797,2.397,10.897,13.297,4.732,0.545,1.424,9.497,0.74,1.532,0.079,0.095,7.39,10.39,1.1,0.45,0.33,,100,0.041,Fundamental alpha score supported the long target.,,observation,observation-003,,2025-08-15T17:00:00,,,,,,,,Demo cycle 003: retained observation record for JPM.
2025-08-15T17:05:00,99.3356,-0.00019,477.34,16393.58,888.86,-308.42,0.11589,0.9551,2.8239,1.0982,0.7251,0.2245,JPM,0.797,2.397,10.897,13.297,4.732,0.545,1.424,9.497,0.74,1.532,0.079,0.095,7.39,10.39,1.1,0.45,0.33,BUY,100,0.041,Fundamental alpha score supported the long target.,,decision,decision-003,observation-003,2025-08-15T17:05:00,2025-08-15T17:05:00,demo-mixed-fundamental-alpha,2025.08-demo,fundamental-ranker-2.1,features-003,,,BUY JPM: Fundamental alpha score supported the long target.
2025-08-15T17:10:00,99.3356,-0.00019,477.34,16870.92,888.86,-308.42,0.11589,0.9551,2.8239,1.0982,0.7251,0.2245,JPM,0.797,2.397,10.897,13.297,4.732,0.545,1.424,9.497,0.74,1.532,0.079,0.095,7.39,10.39,1.1,0.45,0.33,,100,0.041,Fundamental alpha score supported the long target.,100,target,target-003,decision-003,2025-08-15T17:10:00,,,,,,,,Demo cycle 003: retained target record for JPM.
2025-08-15T17:15:00,99.3356,-0.00019,477.34,17348.26,888.86,-308.42,0.11589,0.9551,2.8239,1.0982,0.7251,0.2245,JPM,0.797,2.397,10.897,13.297,4.732,0.545,1.424,9.497,0.74,1.532,0.079,0.095,7.39,10.39,1.1,0.45,0.33,,100,0.041,Fundamental alpha score supported the long target.,,fill,fill-003,target-003,2025-08-15T17:15:00,,,,,,100,,Demo cycle 003: retained fill record for JPM.
2025-08-15T17:20:00,99.3356,-0.00019,477.34,17825.6,888.86,-308.42,0.11589,0.9551,2.8239,1.0982,0.7251,0.2245,JPM,0.797,2.397,10.897,13.297,4.732,0.545,1.424,9.497,0.74,1.532,0.079,0.095,7.39,10.39,1.1,0.45,0.33,,100,0.041,Fundamental alpha score supported the long target.,,position,position-003,fill-003,2025-08-15T17:20:00,,,,,,,100,Demo cycle 003: retained position record for JPM.
2025-08-15T17:25:00,99.3356,-0.00019,477.34,18302.94,888.86,-308.42,0.11589,0.9551,2.8239,1.0982,0.7251,0.2245,JPM,0.797,2.397,10.897,13.297,4.732,0.545,1.424,9.497,0.74,1.532,0.079,0.095,7.39,10.39,1.1,0.45,0.33,,100,0.041,Fundamental alpha score supported the long target.,,pnl,pnl-003,position-003,2025-08-15T17:25:00,,,,,,,,Demo cycle 003: retained pnl record for JPM.
2025-08-15T17:30:00,99.2528,-0.000205,665.11,18968.05,885.27,-26.24,0.12072,1.0705,2.5302,0.8201,0.6917,0.2612,XOM,0.649,2.249,10.749,13.149,4.683,0.537,1.387,9.349,0.725,1.483,0.077,0.093,7.2,10.2,1.05,0.43,0.32,,100,0.041,Fundamental alpha score supported the long target.,,observation,observation-004,,2025-08-15T17:30:00,,,,,,,,Demo cycle 004: retained observation record for XOM.
2025-08-15T17:35:00,99.2528,-0.000205,665.11,19633.16,885.27,-26.24,0.12072,1.0705,2.5302,0.8201,0.6917,0.2612,XOM,0.649,2.249,10.749,13.149,4.683,0.537,1.387,9.349,0.725,1.483,0.077,0.093,7.2,10.2,1.05,0.43,0.32,BUY,100,0.041,Fundamental alpha score supported the long target.,,decision,decision-004,observation-004,2025-08-15T17:35:00,2025-08-15T17:35:00,demo-mixed-fundamental-alpha,2025.08-demo,fundamental-ranker-2.1,features-004,,,BUY XOM: Fundamental alpha score supported the long target.
2025-08-15T17:40:00,99.2528,-0.000205,665.11,20298.27,885.27,-26.24,0.12072,1.0705,2.5302,0.8201,0.6917,0.2612,XOM,0.649,2.249,10.749,13.149,4.683,0.537,1.387,9.349,0.725,1.483,0.077,0.093,7.2,10.2,1.05,0.43,0.32,,100,0.041,Fundamental alpha score supported the long target.,100,target,target-004,decision-004,2025-08-15T17:40:00,,,,,,,,Demo cycle 004: retained target record for XOM.
2025-08-15T17:45:00,99.2528,-0.000205,665.11,20963.38,885.27,-26.24,0.12072,1.0705,2.5302,0.8201,0.6917,0.2612,XOM,0.649,2.249,10.749,13.149,4.683,0.537,1.387,9.349,0.725,1.483,0.077,0.093,7.2,10.2,1.05,0.43,0.32,,100,0.041,Fundamental alpha score supported the long target.,,fill,fill-004,target-004,2025-08-15T17:45:00,,,,,,100,,Demo cycle 004: retained fill record for XOM.
2025-08-15T17:50:00,99.2528,-0.000205,665.11,21628.49,885.27,-26.24,0.12072,1.0705,2.5302,0.8201,0.6917,0.2612,XOM,0.649,2.249,10.749,13.149,4.683,0.537,1.387,9.349,0.725,1.483,0.077,0.093,7.2,10.2,1.05,0.43,0.32,,100,0.041,Fundamental alpha score supported the long target.,,position,position-004,fill-004,2025-08-15T17:50:00,,,,,,,100,Demo cycle 004: retained position record for XOM.
2025-08-15T17:55:00,99.2528,-0.000205,665.11,22293.6,885.27,-26.24,0.12072,1.0705,2.5302,0.8201,0.6917,0.2612,XOM,0.649,2.249,10.749,13.149,4.683,0.537,1.387,9.349,0.725,1.483,0.077,0.093,7.2,10.2,1.05,0.43,0.32,,100,0.041,Fundamental alpha score supported the long target.,,pnl,pnl-004,position-004,2025-08-15T17:55:00,,,,,,,,Demo cycle 004: retained pnl record for XOM.
2025-08-15T18:00:00,98.6928,-0.000216,1000.12,23293.72,860.36,-57.25,0.15432,1.0519,2.5489,1.0416,0.6555,0.4335,AAPL,0.536,2.136,10.636,13.036,4.645,0.532,1.359,9.236,0.714,1.445,0.076,0.092,7.66,10.66,1.16,0.48,0.35,,200,0.041,Fundamental alpha score supported the long target.,,observation,observation-005,,2025-08-15T18:00:00,,,,,,,,Demo cycle 005: retained observation record for AAPL.
2025-08-15T18:05:00,98.6928,-0.000216,1000.12,24293.84,860.36,-57.25,0.15432,1.0519,2.5489,1.0416,0.6555,0.4335,AAPL,0.536,2.136,10.636,13.036,4.645,0.532,1.359,9.236,0.714,1.445,0.076,0.092,7.66,10.66,1.16,0.48,0.35,BUY,200,0.041,Fundamental alpha score supported the long target.,,decision,decision-005,observation-005,2025-08-15T18:05:00,2025-08-15T18:05:00,demo-mixed-fundamental-alpha,2025.08-demo,fundamental-ranker-2.1,features-005,,,BUY AAPL: Fundamental alpha score supported the long target.
2025-08-15T18:10:00,98.6928,-0.000216,1000.12,25293.96,860.36,-57.25,0.15432,1.0519,2.5489,1.0416,0.6555,0.4335,AAPL,0.536,2.136,10.636,13.036,4.645,0.532,1.359,9.236,0.714,1.445,0.076,0.092,7.66,10.66,1.16,0.48,0.35,,200,0.041,Fundamental alpha score supported the long target.,200,target,target-005,decision-005,2025-08-15T18:10:00,,,,,,,,Demo cycle 005: retained target record for AAPL.
2025-08-15T18:15:00,98.6928,-0.000216,1000.12,26294.08,860.36,-57.25,0.15432,1.0519,2.5489,1.0416,0.6555,0.4335,AAPL,0.536,2.136,10.636,13.036,4.645,0.532,1.359,9.236,0.714,1.445,0.076,0.092,7.66,10.66,1.16,0.48,0.35,,200,0.041,Fundamental alpha score supported the long target.,,fill,fill-005,target-005,2025-08-15T18:15:00,,,,,,100,,Demo cycle 005: retained fill record for AAPL.
2025-08-15T18:20:00,98.6928,-0.000216,1000.12,27294.2,860.36,-57.25,0.15432,1.0519,2.5489,1.0416,0.6555,0.4335,AAPL,0.536,2.136,10.636,13.036,4.645,0.532,1.359,9.236,0.714,1.445,0.076,0.092,7.66,10.66,1.16,0.48,0.35,,200,0.041,Fundamental alpha score supported the long target.,,position,position-005,fill-005,2025-08-15T18:20:00,,,,,,,200,Demo cycle 005: retained position record for AAPL.
2025-08-15T18:25:00,98.6928,-0.000216,1000.12,28294.32,860.36,-57.25,0.15432,1.0519,2.5489,1.0416,0.6555,0.4335,AAPL,0.536,2.136,10.636,13.036,4.645,0.532,1.359,9.236,0.714,1.445,0.076,0.092,7.66,10.66,1.16,0.48,0.35,,200,0.041,Fundamental alpha score supported the long target.,,pnl,pnl-005,position-005,2025-08-15T18:25:00,,,,,,,,Demo cycle 005: retained pnl record for AAPL.
2025-08-15T18:30:00,98.3462,-0.000216,852.89,29147.21,868.69,-493.11,0.14309,1.0308,2.9075,0.9709,0.7062,0.2125,MSFT,0.536,2.136,10.636,13.036,4.645,0.532,1.359,9.236,0.714,1.445,0.076,0.092,7.65,10.65,1.16,0.48,0.35,,200,0.041,Fundamental alpha score supported the long target.,,observation,observation-006,,2025-08-15T18:30:00,,,,,,,,Demo cycle 006: retained observation record for MSFT.
2025-08-15T18:35:00,98.3462,-0.000216,852.89,30000.1,868.69,-493.11,0.14309,1.0308,2.9075,0.9709,0.7062,0.2125,MSFT,0.536,2.136,10.636,13.036,4.645,0.532,1.359,9.236,0.714,1.445,0.076,0.092,7.65,10.65,1.16,0.48,0.35,BUY,200,0.041,Fundamental alpha score supported the long target.,,decision,decision-006,observation-006,2025-08-15T18:35:00,2025-08-15T18:35:00,demo-mixed-fundamental-alpha,2025.08-demo,fundamental-ranker-2.1,features-006,,,BUY MSFT: Fundamental alpha score supported the long target.
2025-08-15T18:40:00,98.3462,-0.000216,852.89,30852.99,868.69,-493.11,0.14309,1.0308,2.9075,0.9709,0.7062,0.2125,MSFT,0.536,2.136,10.636,13.036,4.645,0.532,1.359,9.236,0.714,1.445,0.076,0.092,7.65,10.65,1.16,0.48,0.35,,200,0.041,Fundamental alpha score supported the long target.,200,target,target-006,decision-006,2025-08-15T18:40:00,,,,,,,,Demo cycle 006: retained target record for MSFT.
2025-08-15T18:45:00,98.3462,-0.000216,852.89,31705.88,868.69,-493.11,0.14309,1.0308,2.9075,0.9709,0.7062,0.2125,MSFT,0.536,2.136,10.636,13.036,4.645,0.532,1.359,9.236,0.714,1.445,0.076,0.092,7.65,10.65,1.16,0.48,0.35,,200,0.041,Fundamental alpha score supported the long target.,,fill,fill-006,target-006,2025-08-15T18:45:00,,,,,,100,,Demo cycle 006: retained fill record for MSFT.
2025-08-15T18:50:00,98.3462,-0.000216,852.89,32558.77,868.69,-493.11,0.14309,1.0308,2.9075,0.9709,0.7062,0.2125,MSFT,0.536,2.136,10.636,13.036,4.645,0.532,1.359,9.236,0.714,1.445,0.076,0.092,7.65,10.65,1.16,0.48,0.35,,200,0.041,Fundamental alpha score supported the long target.,,position,position-006,fill-006,2025-08-15T18:50:00,,,,,,,200,Demo cycle 006: retained position record for MSFT.
2025-08-15T18:55:00,98.3462,-0.000216,852.89,33411.66,868.69,-493.11,0.14309,1.0308,2.9075,0.9709,0.7062,0.2125,MSFT,0.536,2.136,10.636,13.036,4.645,0.532,1.359,9.236,0.714,1.445,0.076,0.092,7.65,10.65,1.16,0.48,0.35,,200,0.041,Fundamental alpha score supported the long target.,,pnl,pnl-006,position-006,2025-08-15T18:55:00,,,,,,,,Demo cycle 006: retained pnl record for MSFT.
2025-08-15T19:00:00,97.918,-0.000205,497.07,33908.73,864.51,-0.28,0.14872,1.1939,2.2918,0.5734,0.7174,0.1525,NVDA,0.65,2.25,10.75,13.15,4.683,0.537,1.387,9.35,0.725,1.483,0.077,0.093,7.2,10.2,1.05,0.43,0.32,,200,0.041,Fundamental alpha score supported the long target.,,observation,observation-007,,2025-08-15T19:00:00,,,,,,,,Demo cycle 007: retained observation record for NVDA.
2025-08-15T19:05:00,97.918,-0.000205,497.07,34405.8,864.51,-0.28,0.14872,1.1939,2.2918,0.5734,0.7174,0.1525,NVDA,0.65,2.25,10.75,13.15,4.683,0.537,1.387,9.35,0.725,1.483,0.077,0.093,7.2,10.2,1.05,0.43,0.32,BUY,200,0.041,Fundamental alpha score supported the long target.,,decision,decision-007,observation-007,2025-08-15T19:05:00,2025-08-15T19:05:00,demo-mixed-fundamental-alpha,2025.08-demo,fundamental-ranker-2.1,features-007,,,BUY NVDA: Fundamental alpha score supported the long target.
2025-08-15T19:10:00,97.918,-0.000205,497.07,34902.87,864.51,-0.28,0.14872,1.1939,2.2918,0.5734,0.7174,0.1525,NVDA,0.65,2.25,10.75,13.15,4.683,0.537,1.387,9.35,0.725,1.483,0.077,0.093,7.2,10.2,1.05,0.43,0.32,,200,0.041,Fundamental alpha score supported the long target.,200,target,target-007,decision-007,2025-08-15T19:10:00,,,,,,,,Demo cycle 007: retained target record for NVDA.
2025-08-15T19:15:00,97.918,-0.000205,497.07,35399.94,864.51,-0.28,0.14872,1.1939,2.2918,0.5734,0.7174,0.1525,NVDA,0.65,2.25,10.75,13.15,4.683,0.537,1.387,9.35,0.725,1.483,0.077,0.093,7.2,10.2,1.05,0.43,0.32,,200,0.041,Fundamental alpha score supported the long target.,,fill,fill-007,target-007,2025-08-15T19:15:00,,,,,,100,,Demo cycle 007: retained fill record for NVDA.
2025-08-15T19:20:00,97.918,-0.000205,497.07,35897.01,864.51,-0.28,0.14872,1.1939,2.2918,0.5734,0.7174,0.1525,NVDA,0.65,2.25,10.75,13.15,4.683,0.537,1.387,9.35,0.725,1.483,0.077,0.093,7.2,10.2,1.05,0.43,0.32,,200,0.041,Fundamental alpha score supported the long target.,,position,position-007,fill-007,2025-08-15T19:20:00,,,,,,,200,Demo cycle 007: retained position record for NVDA.
2025-08-15T19:25:00,97.918,-0.000205,497.07,36394.08,864.51,-0.28,0.14872,1.1939,2.2918,0.5734,0.7174,0.1525,NVDA,0.65,2.25,10.75,13.15,4.683,0.537,1.387,9.35,0.725,1.483,0.077,0.093,7.2,10.2,1.05,0.43,0.32,,200,0.041,Fundamental alpha score supported the long target.,,pnl,pnl-007,position-007,2025-08-15T19:25:00,,,,,,,,Demo cycle 007: retained pnl record for NVDA.
2025-08-15T19:30:00,97.1555,-0.00019,600.84,36994.92,864.95,50.31,0.14812,1.1475,2.4966,0.6953,0.7316,0.1015,JPM,0.798,2.398,10.898,13.298,4.733,0.545,1.424,9.498,0.74,1.533,0.079,0.095,7.39,10.39,1.1,0.45,0.33,,200,0.041,Fundamental alpha score supported the long target.,,observation,observation-008,,2025-08-15T19:30:00,,,,,,,,Demo cycle 008: retained observation record for JPM.
2025-08-15T19:35:00,97.1555,-0.00019,600.84,37595.76,864.95,50.31,0.14812,1.1475,2.4966,0.6953,0.7316,0.1015,JPM,0.798,2.398,10.898,13.298,4.733,0.545,1.424,9.498,0.74,1.533,0.079,0.095,7.39,10.39,1.1,0.45,0.33,BUY,200,0.041,Fundamental alpha score supported the long target.,,decision,decision-008,observation-008,2025-08-15T19:35:00,2025-08-15T19:35:00,demo-mixed-fundamental-alpha,2025.08-demo,fundamental-ranker-2.1,features-008,,,BUY JPM: Fundamental alpha score supported the long target.
2025-08-15T19:40:00,97.1555,-0.00019,600.84,38196.6,864.95,50.31,0.14812,1.1475,2.4966,0.6953,0.7316,0.1015,JPM,0.798,2.398,10.898,13.298,4.733,0.545,1.424,9.498,0.74,1.533,0.079,0.095,7.39,10.39,1.1,0.45,0.33,,200,0.041,Fundamental alpha score supported the long target.,200,target,target-008,decision-008,2025-08-15T19:40:00,,,,,,,,Demo cycle 008: retained target record for JPM.
2025-08-15T19:45:00,97.1555,-0.00019,600.84,38797.44,864.95,50.31,0.14812,1.1475,2.4966,0.6953,0.7316,0.1015,JPM,0.798,2.398,10.898,13.298,4.733,0.545,1.424,9.498,0.74,1.533,0.079,0.095,7.39,10.39,1.1,0.45,0.33,,200,0.041,Fundamental alpha score supported the long target.,,fill,fill-008,target-008,2025-08-15T19:45:00,,,,,,100,,Demo cycle 008: retained fill record for JPM.
2025-08-15T19:50:00,97.1555,-0.00019,600.84,39398.28,864.95,50.31,0.14812,1.1475,2.4966,0.6953,0.7316,0.1015,JPM,0.798,2.398,10.898,13.298,4.733,0.545,1.424,9.498,0.74,1.533,0.079,0.095,7.39,10.39,1.1,0.45,0.33,,200,0.041,Fundamental alpha score supported the long target.,,position,position-008,fill-008,2025-08-15T19:50:00,,,,,,,200,Demo cycle 008: retained position record for JPM.
2025-08-15T19:55:00,97.1555,-0.00019,600.84,39999.12,864.95,50.31,0.14812,1.1475,2.4966,0.6953,0.7316,0.1015,JPM,0.798,2.398,10.898,13.298,4.733,0.545,1.424,9.498,0.74,1.533,0.079,0.095,7.39,10.39,1.1,0.45,0.33,,200,0.041,Fundamental alpha score supported the long target.,,pnl,pnl-008,position-008,2025-08-15T19:55:00,,,,,,,,Demo cycle 008: retained pnl record for JPM.
2025-08-15T20:00:00,96.9931,-0.000182,980.33,40979.45,869.96,-287.69,0.14137,1.0634,2.8062,0.7277,0.7281,0.232,XOM,0.878,2.478,10.978,13.378,4.759,0.549,1.445,9.578,0.748,1.559,0.08,0.096,7.71,10.71,1.18,0.49,0.36,,200,0.041,Fundamental alpha score supported the long target.,,observation,observation-009,,2025-08-15T20:00:00,,,,,,,,Demo cycle 009: retained observation record for XOM.
2025-08-15T20:05:00,96.9931,-0.000182,980.33,41959.78,869.96,-287.69,0.14137,1.0634,2.8062,0.7277,0.7281,0.232,XOM,0.878,2.478,10.978,13.378,4.759,0.549,1.445,9.578,0.748,1.559,0.08,0.096,7.71,10.71,1.18,0.49,0.36,BUY,200,0.041,Fundamental alpha score supported the long target.,,decision,decision-009,observation-009,2025-08-15T20:05:00,2025-08-15T20:05:00,demo-mixed-fundamental-alpha,2025.08-demo,fundamental-ranker-2.1,features-009,,,BUY XOM: Fundamental alpha score supported the long target.
2025-08-15T20:10:00,96.9931,-0.000182,980.33,42940.11,869.96,-287.69,0.14137,1.0634,2.8062,0.7277,0.7281,0.232,XOM,0.878,2.478,10.978,13.378,4.759,0.549,1.445,9.578,0.748,1.559,0.08,0.096,7.71,10.71,1.18,0.49,0.36,,200,0.041,Fundamental alpha score supported the long target.,200,target,target-009,decision-009,2025-08-15T20:10:00,,,,,,,,Demo cycle 009: retained target record for XOM.
2025-08-15T20:15:00,96.9931,-0.000182,980.33,43920.44,869.96,-287.69,0.14137,1.0634,2.8062,0.7277,0.7281,0.232,XOM,0.878,2.478,10.978,13.378,4.759,0.549,1.445,9.578,0.748,1.559,0.08,0.096,7.71,10.71,1.18,0.49,0.36,,200,0.041,Fundamental alpha score supported the long target.,,fill,fill-009,target-009,2025-08-15T20:15:00,,,,,,100,,Demo cycle 009: retained fill record for XOM.
2025-08-15T20:20:00,96.9931,-0.000182,980.33,44900.77,869.96,-287.69,0.14137,1.0634,2.8062,0.7277,0.7281,0.232,XOM,0.878,2.478,10.978,13.378,4.759,0.549,1.445,9.578,0.748,1.559,0.08,0.096,7.71,10.71,1.18,0.49,0.36,,200,0.041,Fundamental alpha score supported the long target.,,position,position-009,fill-009,2025-08-15T20:20:00,,,,,,,200,Demo cycle 009: retained position record for XOM.
2025-08-15T20:25:00,96.9931,-0.000182,980.33,45881.1,869.96,-287.69,0.14137,1.0634,2.8062,0.7277,0.7281,0.232,XOM,0.878,2.478,10.978,13.378,4.759,0.549,1.445,9.578,0.748,1.559,0.08,0.096,7.71,10.71,1.18,0.49,0.36,,200,0.041,Fundamental alpha score supported the long target.,,pnl,pnl-009,position-009,2025-08-15T20:25:00,,,,,,,,Demo cycle 009: retained pnl record for XOM.
2025-08-15T20:30:00,97.4036,-0.000186,935.13,46816.23,861.79,-245.07,0.15239,1.1208,2.5867,0.8639,0.7364,0.1057,AAPL,0.836,2.436,10.936,13.336,4.745,0.547,1.434,9.536,0.744,1.545,0.079,0.095,7.54,10.54,1.14,0.47,0.35,,300,0.041,Fundamental alpha score supported the long target.,,observation,observation-010,,2025-08-15T20:30:00,,,,,,,,Demo cycle 010: retained observation record for AAPL.
2025-08-15T20:35:00,97.4036,-0.000186,935.13,47751.36,861.79,-245.07,0.15239,1.1208,2.5867,0.8639,0.7364,0.1057,AAPL,0.836,2.436,10.936,13.336,4.745,0.547,1.434,9.536,0.744,1.545,0.079,0.095,7.54,10.54,1.14,0.47,0.35,BUY,300,0.041,Fundamental alpha score supported the long target.,,decision,decision-010,observation-010,2025-08-15T20:35:00,2025-08-15T20:35:00,demo-mixed-fundamental-alpha,2025.08-demo,fundamental-ranker-2.1,features-010,,,BUY AAPL: Fundamental alpha score supported the long target.
2025-08-15T20:40:00,97.4036,-0.000186,935.13,48686.49,861.79,-245.07,0.15239,1.1208,2.5867,0.8639,0.7364,0.1057,AAPL,0.836,2.436,10.936,13.336,4.745,0.547,1.434,9.536,0.744,1.545,0.079,0.095,7.54,10.54,1.14,0.47,0.35,,300,0.041,Fundamental alpha score supported the long target.,300,target,target-010,decision-010,2025-08-15T20:40:00,,,,,,,,Demo cycle 010: retained target record for AAPL.
2025-08-15T20:45:00,97.4036,-0.000186,935.13,49621.62,861.79,-245.07,0.15239,1.1208,2.5867,0.8639,0.7364,0.1057,AAPL,0.836,2.436,10.936,13.336,4.745,0.547,1.434,9.536,0.744,1.545,0.079,0.095,7.54,10.54,1.14,0.47,0.35,,300,0.041,Fundamental alpha score supported the long target.,,fill,fill-010,target-010,2025-08-15T20:45:00,,,,,,100,,Demo cycle 010: retained fill record for AAPL.
2025-08-15T20:50:00,97.4036,-0.000186,935.13,50556.75,861.79,-245.07,0.15239,1.1208,2.5867,0.8639,0.7364,0.1057,AAPL,0.836,2.436,10.936,13.336,4.745,0.547,1.434,9.536,0.744,1.545,0.079,0.095,7.54,10.54,1.14,0.47,0.35,,300,0.041,Fundamental alpha score supported the long target.,,position,position-010,fill-010,2025-08-15T20:50:00,,,,,,,300,Demo cycle 010: retained position record for AAPL.
2025-08-15T20:55:00,97.4036,-0.000186,935.13,51491.88,861.79,-245.07,0.15239,1.1208,2.5867,0.8639,0.7364,0.1057,AAPL,0.836,2.436,10.936,13.336,4.745,0.547,1.434,9.536,0.744,1.545,0.079,0.095,7.54,10.54,1.14,0.47,0.35,,300,0.041,Fundamental alpha score supported the long target.,,pnl,pnl-010,position-010,2025-08-15T20:55:00,,,,,,,,Demo cycle 010: retained pnl record for AAPL.
2025-08-15T21:00:00,97.2284,-0.0002,546.66,52038.54,874.82,417.8,0.13482,1.0838,2.6491,0.9894,0.6688,0.3519,MSFT,0.699,2.299,10.799,13.199,4.7,0.54,1.4,9.399,0.73,1.5,0.078,0.094,7.0,10.0,1.0,0.4,0.3,,300,0.041,Fundamental alpha score supported the long target.,,observation,observation-011,,2025-08-15T21:00:00,,,,,,,,Demo cycle 011: retained observation record for MSFT.
2025-08-15T21:05:00,97.2284,-0.0002,546.66,52585.2,874.82,417.8,0.13482,1.0838,2.6491,0.9894,0.6688,0.3519,MSFT,0.699,2.299,10.799,13.199,4.7,0.54,1.4,9.399,0.73,1.5,0.078,0.094,7.0,10.0,1.0,0.4,0.3,BUY,300,0.041,Fundamental alpha score supported the long target.,,decision,decision-011,observation-011,2025-08-15T21:05:00,2025-08-15T21:05:00,demo-mixed-fundamental-alpha,2025.08-demo,fundamental-ranker-2.1,features-011,,,BUY MSFT: Fundamental alpha score supported the long target.
2025-08-15T21:10:00,97.2284,-0.0002,546.66,53131.86,874.82,417.8,0.13482,1.0838,2.6491,0.9894,0.6688,0.3519,MSFT,0.699,2.299,10.799,13.199,4.7,0.54,1.4,9.399,0.73,1.5,0.078,0.094,7.0,10.0,1.0,0.4,0.3,,300,0.041,Fundamental alpha score supported the long target.,300,target,target-011,decision-011,2025-08-15T21:10:00,,,,,,,,Demo cycle 011: retained target record for MSFT.
2025-08-15T21:15:00,97.2284,-0.0002,546.66,53678.52,874.82,417.8,0.13482,1.0838,2.6491,0.9894,0.6688,0.3519,MSFT,0.699,2.299,10.799,13.199,4.7,0.54,1.4,9.399,0.73,1.5,0.078,0.094,7.0,10.0,1.0,0.4,0.3,,300,0.041,Fundamental alpha score supported the long target.,,fill,fill-011,target-011,2025-08-15T21:15:00,,,,,,100,,Demo cycle 011: retained fill record for MSFT.
2025-08-15T21:20:00,97.2284,-0.0002,546.66,54225.18,874.82,417.8,0.13482,1.0838,2.6491,0.9894,0.6688,0.3519,MSFT,0.699,2.299,10.799,13.199,4.7,0.54,1.4,9.399,0.73,1.5,0.078,0.094,7.0,10.0,1.0,0.4,0.3,,300,0.041,Fundamental alpha score supported the long target.,,position,position-011,fill-011,2025-08-15T21:20:00,,,,,,,300,Demo cycle 011: retained position record for MSFT.
2025-08-15T21:25:00,97.2284,-0.0002,546.66,54771.84,874.82,417.8,0.13482,1.0838,2.6491,0.9894,0.6688,0.3519,MSFT,0.699,2.299,10.799,13.199,4.7,0.54,1.4,9.399,0.73,1.5,0.078,0.094,7.0,10.0,1.0,0.4,0.3,,300,0.041,Fundamental alpha score supported the long target.,,pnl,pnl-011,position-011,2025-08-15T21:25:00,,,,,,,,Demo cycle 011: retained pnl record for MSFT.
2025-08-15T21:30:00,97.1603,-0.000214,528.62,55300.46,754.89,811.39,0.29654,0.5879,4.8625,2.0107,0.2705,0.6612,NVDA,0.563,2.163,10.663,13.063,4.654,0.533,1.366,9.263,0.716,1.454,0.077,0.093,7.55,10.55,1.14,0.47,0.35,,300,0.041,Fundamental alpha score supported the long target.,,observation,observation-012,,2025-08-15T21:30:00,,,,,,,,Demo cycle 012: retained observation record for NVDA.
2025-08-15T21:35:00,97.1603,-0.000214,528.62,55829.08,754.89,811.39,0.29654,0.5879,4.8625,2.0107,0.2705,0.6612,NVDA,0.563,2.163,10.663,13.063,4.654,0.533,1.366,9.263,0.716,1.454,0.077,0.093,7.55,10.55,1.14,0.47,0.35,BUY,300,0.041,Fundamental alpha score supported the long target.,,decision,decision-012,observation-012,2025-08-15T21:35:00,2025-08-15T21:35:00,demo-mixed-fundamental-alpha,2025.08-demo,fundamental-ranker-2.1,features-012,,,BUY NVDA: Fundamental alpha score supported the long target.
2025-08-15T21:40:00,97.1603,-0.000214,528.62,56357.7,754.89,811.39,0.29654,0.5879,4.8625,2.0107,0.2705,0.6612,NVDA,0.563,2.163,10.663,13.063,4.654,0.533,1.366,9.263,0.716,1.454,0.077,0.093,7.55,10.55,1.14,0.47,0.35,,300,0.041,Fundamental alpha score supported the long target.,300,target,target-012,decision-012,2025-08-15T21:40:00,,,,,,,,Demo cycle 012: retained target record for NVDA.
2025-08-15T21:45:00,97.1603,-0.000214,528.62,56886.32,754.89,811.39,0.29654,0.5879,4.8625,2.0107,0.2705,0.6612,NVDA,0.563,2.163,10.663,13.063,4.654,0.533,1.366,9.263,0.716,1.454,0.077,0.093,7.55,10.55,1.14,0.47,0.35,,300,0.041,Fundamental alpha score supported the long target.,,fill,fill-012,target-012,2025-08-15T21:45:00,,,,,,100,,Demo cycle 012: retained fill record for NVDA.
2025-08-15T21:50:00,97.1603,-0.000214,528.62,57414.94,754.89,811.39,0.29654,0.5879,4.8625,2.0107,0.2705,0.6612,NVDA,0.563,2.163,10.663,13.063,4.654,0.533,1.366,9.263,0.716,1.454,0.077,0.093,7.55,10.55,1.14,0.47,0.35,,300,0.041,Fundamental alpha score supported the long target.,,position,position-012,fill-012,2025-08-15T21:50:00,,,,,,,300,Demo cycle 012: retained position record for NVDA.
2025-08-15T21:55:00,97.1603,-0.000214,528.62,57943.56,754.89,811.39,0.29654,0.5879,4.8625,2.0107,0.2705,0.6612,NVDA,0.563,2.163,10.663,13.063,4.654,0.533,1.366,9.263,0.716,1.454,0.077,0.093,7.55,10.55,1.14,0.47,0.35,,300,0.041,Fundamental alpha score supported the long target.,,pnl,pnl-012,position-012,2025-08-15T21:55:00,,,,,,,,Demo cycle 012: retained pnl record for NVDA.
2025-08-15T22:00:00,97.1077,-0.000218,906.29,58849.85,766.8,-75.76,0.28048,0.5511,4.9657,1.8984,0.3252,0.7025,JPM,0.522,2.122,10.622,13.022,4.641,0.531,1.355,9.222,0.712,1.441,0.076,0.092,7.71,10.71,1.18,0.49,0.36,,300,0.041,Fundamental alpha score supported the long target.,,observation,observation-013,,2025-08-15T22:00:00,,,,,,,,Demo cycle 013: retained observation record for JPM.
2025-08-15T22:05:00,97.1077,-0.000218,906.29,59756.14,766.8,-75.76,0.28048,0.5511,4.9657,1.8984,0.3252,0.7025,JPM,0.522,2.122,10.622,13.022,4.641,0.531,1.355,9.222,0.712,1.441,0.076,0.092,7.71,10.71,1.18,0.49,0.36,BUY,300,0.041,Fundamental alpha score supported the long target.,,decision,decision-013,observation-013,2025-08-15T22:05:00,2025-08-15T22:05:00,demo-mixed-fundamental-alpha,2025.08-demo,fundamental-ranker-2.1,features-013,,,BUY JPM: Fundamental alpha score supported the long target.
2025-08-15T22:10:00,97.1077,-0.000218,906.29,60662.43,766.8,-75.76,0.28048,0.5511,4.9657,1.8984,0.3252,0.7025,JPM,0.522,2.122,10.622,13.022,4.641,0.531,1.355,9.222,0.712,1.441,0.076,0.092,7.71,10.71,1.18,0.49,0.36,,300,0.041,Fundamental alpha score supported the long target.,300,target,target-013,decision-013,2025-08-15T22:10:00,,,,,,,,Demo cycle 013: retained target record for JPM.
2025-08-15T22:15:00,97.1077,-0.000218,906.29,61568.72,766.8,-75.76,0.28048,0.5511,4.9657,1.8984,0.3252,0.7025,JPM,0.522,2.122,10.622,13.022,4.641,0.531,1.355,9.222,0.712,1.441,0.076,0.092,7.71,10.71,1.18,0.49,0.36,,300,0.041,Fundamental alpha score supported the long target.,,fill,fill-013,target-013,2025-08-15T22:15:00,,,,,,100,,Demo cycle 013: retained fill record for JPM.
2025-08-15T22:20:00,97.1077,-0.000218,906.29,62475.01,766.8,-75.76,0.28048,0.5511,4.9657,1.8984,0.3252,0.7025,JPM,0.522,2.122,10.622,13.022,4.641,0.531,1.355,9.222,0.712,1.441,0.076,0.092,7.71,10.71,1.18,0.49,0.36,,300,0.041,Fundamental alpha score supported the long target.,,position,position-013,fill-013,2025-08-15T22:20:00,,,,,,,300,Demo cycle 013: retained position record for JPM.
2025-08-15T22:25:00,97.1077,-0.000218,906.29,63381.3,766.8,-75.76,0.28048,0.5511,4.9657,1.8984,0.3252,0.7025,JPM,0.522,2.122,10.622,13.022,4.641,0.531,1.355,9.222,0.712,1.441,0.076,0.092,7.71,10.71,1.18,0.49,0.36,,300,0.041,Fundamental alpha score supported the long target.,,pnl,pnl-013,position-013,2025-08-15T22:25:00,,,,,,,,Demo cycle 013: retained pnl record for JPM.
2025-08-15T22:30:00,98.1201,-0.00021,975.24,64356.54,753.48,752.44,0.29843,0.7137,4.9634,1.8568,0.1371,0.6886,XOM,0.603,2.203,10.703,13.103,4.668,0.535,1.376,9.303,0.72,1.468,0.077,0.093,7.39,10.39,1.1,0.45,0.33,,300,0.041,Fundamental alpha score supported the long target.,,observation,observation-014,,2025-08-15T22:30:00,,,,,,,,Demo cycle 014: retained observation record for XOM.
2025-08-15T22:35:00,98.1201,-0.00021,975.24,65331.78,753.48,752.44,0.29843,0.7137,4.9634,1.8568,0.1371,0.6886,XOM,0.603,2.203,10.703,13.103,4.668,0.535,1.376,9.303,0.72,1.468,0.077,0.093,7.39,10.39,1.1,0.45,0.33,BUY,300,0.041,Fundamental alpha score supported the long target.,,decision,decision-014,observation-014,2025-08-15T22:35:00,2025-08-15T22:35:00,demo-mixed-fundamental-alpha,2025.08-demo,fundamental-ranker-2.1,features-014,,,BUY XOM: Fundamental alpha score supported the long target.
2025-08-15T22:40:00,98.1201,-0.00021,975.24,66307.02,753.48,752.44,0.29843,0.7137,4.9634,1.8568,0.1371,0.6886,XOM,0.603,2.203,10.703,13.103,4.668,0.535,1.376,9.303,0.72,1.468,0.077,0.093,7.39,10.39,1.1,0.45,0.33,,300,0.041,Fundamental alpha score supported the long target.,300,target,target-014,decision-014,2025-08-15T22:40:00,,,,,,,,Demo cycle 014: retained target record for XOM.
2025-08-15T22:45:00,98.1201,-0.00021,975.24,67282.26,753.48,752.44,0.29843,0.7137,4.9634,1.8568,0.1371,0.6886,XOM,0.603,2.203,10.703,13.103,4.668,0.535,1.376,9.303,0.72,1.468,0.077,0.093,7.39,10.39,1.1,0.45,0.33,,300,0.041,Fundamental alpha score supported the long target.,,fill,fill-014,target-014,2025-08-15T22:45:00,,,,,,100,,Demo cycle 014: retained fill record for XOM.
2025-08-15T22:50:00,98.1201,-0.00021,975.24,68257.5,753.48,752.44,0.29843,0.7137,4.9634,1.8568,0.1371,0.6886,XOM,0.603,2.203,10.703,13.103,4.668,0.535,1.376,9.303,0.72,1.468,0.077,0.093,7.39,10.39,1.1,0.45,0.33,,300,0.041,Fundamental alpha score supported the long target.,,position,position-014,fill-014,2025-08-15T22:50:00,,,,,,,300,Demo cycle 014: retained position record for XOM.
2025-08-15T22:55:00,98.1201,-0.00021,975.24,69232.74,753.48,752.44,0.29843,0.7137,4.9634,1.8568,0.1371,0.6886,XOM,0.603,2.203,10.703,13.103,4.668,0.535,1.376,9.303,0.72,1.468,0.077,0.093,7.39,10.39,1.1,0.45,0.33,,300,0.041,Fundamental alpha score supported the long target.,,pnl,pnl-014,position-014,2025-08-15T22:55:00,,,,,,,,Demo cycle 014: retained pnl record for XOM.
2025-08-15T23:00:00,96.7261,-0.010995,-7203.73,62029.01,769.76,520.1,0.27648,0.546,5.3028,2.2352,0.249,0.9874,AAPL,-6.748,-6.648,2.052,-5.248,4.717,0.543,1.413,9.452,0.735,1.517,0.079,0.095,7.21,10.21,1.05,0.43,0.32,,300,0.041,The model kept the existing position because the retained signals did not cross its buy or sell threshold.,,observation,observation-015,,2025-08-15T23:00:00,,,,,,,,Demo cycle 015: retained observation record for AAPL.
2025-08-15T23:05:00,96.7261,-0.010995,-7203.73,54825.28,769.76,520.1,0.27648,0.546,5.3028,2.2352,0.249,0.9874,AAPL,-6.748,-6.648,2.052,-5.248,4.717,0.543,1.413,9.452,0.735,1.517,0.079,0.095,7.21,10.21,1.05,0.43,0.32,HOLD,300,0.041,The model kept the existing position because the retained signals did not cross its buy or sell threshold.,,decision,decision-015,observation-015,2025-08-15T23:05:00,2025-08-15T23:05:00,demo-mixed-fundamental-alpha,2025.08-demo,fundamental-ranker-2.1,features-015,,,HOLD AAPL: The model kept the existing position because the retained signals did not cross its buy or sell threshold.
2025-08-15T23:10:00,96.7261,-0.010995,-7203.73,47621.55,769.76,520.1,0.27648,0.546,5.3028,2.2352,0.249,0.9874,AAPL,-6.748,-6.648,2.052,-5.248,4.717,0.543,1.413,9.452,0.735,1.517,0.079,0.095,7.21,10.21,1.05,0.43,0.32,,300,0.041,The model kept the existing position because the retained signals did not cross its buy or sell threshold.,300,target,target-015,decision-015,2025-08-15T23:10:00,,,,,,,,Demo cycle 015: retained target record for AAPL.
2025-08-15T23:15:00,96.7261,-0.010995,-7203.73,40417.82,769.76,520.1,0.27648,0.546,5.3028,2.2352,0.249,0.9874,AAPL,-6.748,-6.648,2.052,-5.248,4.717,0.543,1.413,9.452,0.735,1.517,0.079,0.095,7.21,10.21,1.05,0.43,0.32,,300,0.041,The model kept the existing position because the retained signals did not cross its buy or sell threshold.,,fill,fill-015,target-015,2025-08-15T23:15:00,,,,,,0,,Demo cycle 015: retained fill record for AAPL.
2025-08-15T23:20:00,96.7261,-0.010995,-7203.73,33214.09,769.76,520.1,0.27648,0.546,5.3028,2.2352,0.249,0.9874,AAPL,-6.748,-6.648,2.052,-5.248,4.717,0.543,1.413,9.452,0.735,1.517,0.079,0.095,7.21,10.21,1.05,0.43,0.32,,300,0.041,The model kept the existing position because the retained signals did not cross its buy or sell threshold.,,position,position-015,fill-015,2025-08-15T23:20:00,,,,,,,300,Demo cycle 015: retained position record for AAPL.
2025-08-15T23:25:00,96.7261,-0.010995,-7203.73,26010.36,769.76,520.1,0.27648,0.546,5.3028,2.2352,0.249,0.9874,AAPL,-6.748,-6.648,2.052,-5.248,4.717,0.543,1.413,9.452,0.735,1.517,0.079,0.095,7.21,10.21,1.05,0.43,0.32,,300,0.041,The model kept the existing position because the retained signals did not cross its buy or sell threshold.,,pnl,pnl-015,position-015,2025-08-15T23:25:00,,,,,,,,Demo cycle 015: retained pnl record for AAPL.
2025-08-15T23:30:00,96.4727,-0.014984,-8895.03,17115.33,752.86,719.98,0.29927,0.6059,5.1464,1.9283,0.1784,0.8825,MSFT,0.864,2.464,10.964,13.364,4.755,0.548,1.441,9.564,0.126,0.455,-0.03,-0.054,7.66,10.66,1.16,0.48,0.35,,300,0.023,The model kept the existing position because the retained signals did not cross its buy or sell threshold.,,observation,observation-016,,2025-08-15T23:30:00,,,,,,,,Demo cycle 016: retained observation record for MSFT.
2025-08-15T23:35:00,96.4727,-0.014984,-8895.03,8220.3,752.86,719.98,0.29927,0.6059,5.1464,1.9283,0.1784,0.8825,MSFT,0.864,2.464,10.964,13.364,4.755,0.548,1.441,9.564,0.126,0.455,-0.03,-0.054,7.66,10.66,1.16,0.48,0.35,HOLD,300,0.023,The model kept the existing position because the retained signals did not cross its buy or sell threshold.,,decision,decision-016,observation-016,2025-08-15T23:35:00,2025-08-15T23:35:00,demo-mixed-fundamental-alpha,2025.08-demo,fundamental-ranker-2.1,features-016,,,HOLD MSFT: The model kept the existing position because the retained signals did not cross its buy or sell threshold.
2025-08-15T23:40:00,96.4727,-0.014984,-8895.03,-674.73,752.86,719.98,0.29927,0.6059,5.1464,1.9283,0.1784,0.8825,MSFT,0.864,2.464,10.964,13.364,4.755,0.548,1.441,9.564,0.126,0.455,-0.03,-0.054,7.66,10.66,1.16,0.48,0.35,,300,0.023,The model kept the existing position because the retained signals did not cross its buy or sell threshold.,300,target,target-016,decision-016,2025-08-15T23:40:00,,,,,,,,Demo cycle 016: retained target record for MSFT.
2025-08-15T23:45:00,96.4727,-0.014984,-8895.03,-9569.76,752.86,719.98,0.29927,0.6059,5.1464,1.9283,0.1784,0.8825,MSFT,0.864,2.464,10.964,13.364,4.755,0.548,1.441,9.564,0.126,0.455,-0.03,-0.054,7.66,10.66,1.16,0.48,0.35,,300,0.023,The model kept the existing position because the retained signals did not cross its buy or sell threshold.,,fill,fill-016,target-016,2025-08-15T23:45:00,,,,,,0,,Demo cycle 016: retained fill record for MSFT.
2025-08-15T23:50:00,96.4727,-0.014984,-8895.03,-18464.79,752.86,719.98,0.29927,0.6059,5.1464,1.9283,0.1784,0.8825,MSFT,0.864,2.464,10.964,13.364,4.755,0.548,1.441,9.564,0.126,0.455,-0.03,-0.054,7.66,10.66,1.16,0.48,0.35,,300,0.023,The model kept the existing position because the retained signals did not cross its buy or sell threshold.,,position,position-016,fill-016,2025-08-15T23:50:00,,,,,,,300,Demo cycle 016: retained position record for MSFT.
2025-08-15T23:55:00,96.4727,-0.014984,-8895.03,-27359.82,752.86,719.98,0.29927,0.6059,5.1464,1.9283,0.1784,0.8825,MSFT,0.864,2.464,10.964,13.364,4.755,0.548,1.441,9.564,0.126,0.455,-0.03,-0.054,7.66,10.66,1.16,0.48,0.35,,300,0.023,The model kept the existing position because the retained signals did not cross its buy or sell threshold.,,pnl,pnl-016,position-016,2025-08-15T23:55:00,,,,,,,,Demo cycle 016: retained pnl record for MSFT.
2025-08-16T00:00:00,95.9335,-0.000984,-10760.97,-38120.79,764.43,636.05,0.28368,0.4737,5.1857,1.9114,0.2448,0.9711,NVDA,0.863,2.463,10.963,13.363,4.754,0.548,1.441,9.563,0.746,1.554,0.08,0.096,101.65,118.65,1.16,0.48,0.35,,300,0.041,The model kept the existing position because the retained signals did not cross its buy or sell threshold.,,observation,observation-017,,2025-08-16T00:00:00,,,,,,,,Demo cycle 017: retained observation record for NVDA.
2025-08-16T00:05:00,95.9335,-0.000984,-10760.97,-48881.76,764.43,636.05,0.28368,0.4737,5.1857,1.9114,0.2448,0.9711,NVDA,0.863,2.463,10.963,13.363,4.754,0.548,1.441,9.563,0.746,1.554,0.08,0.096,101.65,118.65,1.16,0.48,0.35,HOLD,300,0.041,The model kept the existing position because the retained signals did not cross its buy or sell threshold.,,decision,decision-017,observation-017,2025-08-16T00:05:00,2025-08-16T00:05:00,demo-mixed-fundamental-alpha,2025.08-demo,fundamental-ranker-2.1,features-017,,,HOLD NVDA: The model kept the existing position because the retained signals did not cross its buy or sell threshold.
2025-08-16T00:10:00,95.9335,-0.000984,-10760.97,-59642.73,764.43,636.05,0.28368,0.4737,5.1857,1.9114,0.2448,0.9711,NVDA,0.863,2.463,10.963,13.363,4.754,0.548,1.441,9.563,0.746,1.554,0.08,0.096,101.65,118.65,1.16,0.48,0.35,,300,0.041,The model kept the existing position because the retained signals did not cross its buy or sell threshold.,300,target,target-017,decision-017,2025-08-16T00:10:00,,,,,,,,Demo cycle 017: retained target record for NVDA.
2025-08-16T00:15:00,95.9335,-0.000984,-10760.97,-70403.7,764.43,636.05,0.28368,0.4737,5.1857,1.9114,0.2448,0.9711,NVDA,0.863,2.463,10.963,13.363,4.754,0.548,1.441,9.563,0.746,1.554,0.08,0.096,101.65,118.65,1.16,0.48,0.35,,300,0.041,The model kept the existing position because the retained signals did not cross its buy or sell threshold.,,fill,fill-017,target-017,2025-08-16T00:15:00,,,,,,0,,Demo cycle 017: retained fill record for NVDA.
2025-08-16T00:20:00,95.9335,-0.000984,-10760.97,-81164.67,764.43,636.05,0.28368,0.4737,5.1857,1.9114,0.2448,0.9711,NVDA,0.863,2.463,10.963,13.363,4.754,0.548,1.441,9.563,0.746,1.554,0.08,0.096,101.65,118.65,1.16,0.48,0.35,,300,0.041,The model kept the existing position because the retained signals did not cross its buy or sell threshold.,,position,position-017,fill-017,2025-08-16T00:20:00,,,,,,,300,Demo cycle 017: retained position record for NVDA.
2025-08-16T00:25:00,95.9335,-0.000984,-10760.97,-91925.64,764.43,636.05,0.28368,0.4737,5.1857,1.9114,0.2448,0.9711,NVDA,0.863,2.463,10.963,13.363,4.754,0.548,1.441,9.563,0.746,1.554,0.08,0.096,101.65,118.65,1.16,0.48,0.35,,300,0.041,The model kept the existing position because the retained signals did not cross its buy or sell threshold.,,pnl,pnl-017,position-017,2025-08-16T00:25:00,,,,,,,,Demo cycle 017: retained pnl record for NVDA.
2025-08-16T00:30:00,95.9658,-0.002995,-7239.63,-99165.27,764.14,305.85,0.28406,0.5404,4.869,2.0692,0.2471,0.743,JPM,0.75,2.35,10.85,13.25,4.717,0.542,1.412,9.45,0.735,1.517,0.078,0.094,7.2,10.2,10.55,5.12,2.42,,300,0.041,The model kept the existing position because the retained signals did not cross its buy or sell threshold.,,observation,observation-018,,2025-08-16T00:30:00,,,,,,,,Demo cycle 018: retained observation record for JPM.
2025-08-16T00:35:00,95.9658,-0.002995,-7239.63,-106404.9,764.14,305.85,0.28406,0.5404,4.869,2.0692,0.2471,0.743,JPM,0.75,2.35,10.85,13.25,4.717,0.542,1.412,9.45,0.735,1.517,0.078,0.094,7.2,10.2,10.55,5.12,2.42,HOLD,300,0.041,The model kept the existing position because the retained signals did not cross its buy or sell threshold.,,decision,decision-018,observation-018,2025-08-16T00:35:00,2025-08-16T00:35:00,demo-mixed-fundamental-alpha,2025.08-demo,fundamental-ranker-2.1,features-018,,,HOLD JPM: The model kept the existing position because the retained signals did not cross its buy or sell threshold.
2025-08-16T00:40:00,95.9658,-0.002995,-7239.63,-113644.53,764.14,305.85,0.28406,0.5404,4.869,2.0692,0.2471,0.743,JPM,0.75,2.35,10.85,13.25,4.717,0.542,1.412,9.45,0.735,1.517,0.078,0.094,7.2,10.2,10.55,5.12,2.42,,300,0.041,The model kept the existing position because the retained signals did not cross its buy or sell threshold.,300,target,target-018,decision-018,2025-08-16T00:40:00,,,,,,,,Demo cycle 018: retained target record for JPM.
2025-08-16T00:45:00,95.9658,-0.002995,-7239.63,-120884.16,764.14,305.85,0.28406,0.5404,4.869,2.0692,0.2471,0.743,JPM,0.75,2.35,10.85,13.25,4.717,0.542,1.412,9.45,0.735,1.517,0.078,0.094,7.2,10.2,10.55,5.12,2.42,,300,0.041,The model kept the existing position because the retained signals did not cross its buy or sell threshold.,,fill,fill-018,target-018,2025-08-16T00:45:00,,,,,,0,,Demo cycle 018: retained fill record for JPM.
2025-08-16T00:50:00,95.9658,-0.002995,-7239.63,-128123.79,764.14,305.85,0.28406,0.5404,4.869,2.0692,0.2471,0.743,JPM,0.75,2.35,10.85,13.25,4.717,0.542,1.412,9.45,0.735,1.517,0.078,0.094,7.2,10.2,10.55,5.12,2.42,,300,0.041,The model kept the existing position because the retained signals did not cross its buy or sell threshold.,,position,position-018,fill-018,2025-08-16T00:50:00,,,,,,,300,Demo cycle 018: retained position record for JPM.
2025-08-16T00:55:00,95.9658,-0.002995,-7239.63,-135363.42,764.14,305.85,0.28406,0.5404,4.869,2.0692,0.2471,0.743,JPM,0.75,2.35,10.85,13.25,4.717,0.542,1.412,9.45,0.735,1.517,0.078,0.094,7.2,10.2,10.55,5.12,2.42,,300,0.041,The model kept the existing position because the retained signals did not cross its buy or sell threshold.,,pnl,pnl-018,position-018,2025-08-16T00:55:00,,,,,,,,Demo cycle 018: retained pnl record for JPM.
2025-08-16T01:00:00,95.8567,-0.01001,-6817.76,-142181.18,768.2,492.97,0.27859,0.6478,4.5468,1.6929,0.3049,0.8037,XOM,0.602,2.202,10.702,13.102,4.667,0.535,4.475,2.502,0.72,1.467,0.077,0.093,7.39,10.39,1.1,0.45,0.33,,300,0.041,The model kept the existing position because the retained signals did not cross its buy or sell threshold.,,observation,observation-019,,2025-08-16T01:00:00,,,,,,,,Demo cycle 019: retained observation record for XOM.
2025-08-16T01:05:00,95.8567,-0.01001,-6817.76,-148998.94,768.2,492.97,0.27859,0.6478,4.5468,1.6929,0.3049,0.8037,XOM,0.602,2.202,10.702,13.102,4.667,0.535,4.475,2.502,0.72,1.467,0.077,0.093,7.39,10.39,1.1,0.45,0.33,HOLD,300,0.041,The model kept the existing position because the retained signals did not cross its buy or sell threshold.,,decision,decision-019,observation-019,2025-08-16T01:05:00,2025-08-16T01:05:00,demo-mixed-fundamental-alpha,2025.08-demo,fundamental-ranker-2.1,features-019,,,HOLD XOM: The model kept the existing position because the retained signals did not cross its buy or sell threshold.
2025-08-16T01:10:00,95.8567,-0.01001,-6817.76,-155816.7,768.2,492.97,0.27859,0.6478,4.5468,1.6929,0.3049,0.8037,XOM,0.602,2.202,10.702,13.102,4.667,0.535,4.475,2.502,0.72,1.467,0.077,0.093,7.39,10.39,1.1,0.45,0.33,,300,0.041,The model kept the existing position because the retained signals did not cross its buy or sell threshold.,300,target,target-019,decision-019,2025-08-16T01:10:00,,,,,,,,Demo cycle 019: retained target record for XOM.
2025-08-16T01:15:00,95.8567,-0.01001,-6817.76,-162634.46,768.2,492.97,0.27859,0.6478,4.5468,1.6929,0.3049,0.8037,XOM,0.602,2.202,10.702,13.102,4.667,0.535,4.475,2.502,0.72,1.467,0.077,0.093,7.39,10.39,1.1,0.45,0.33,,300,0.041,The model kept the existing position because the retained signals did not cross its buy or sell threshold.,,fill,fill-019,target-019,2025-08-16T01:15:00,,,,,,0,,Demo cycle 019: retained fill record for XOM.
2025-08-16T01:20:00,95.8567,-0.01001,-6817.76,-169452.22,768.2,492.97,0.27859,0.6478,4.5468,1.6929,0.3049,0.8037,XOM,0.602,2.202,10.702,13.102,4.667,0.535,4.475,2.502,0.72,1.467,0.077,0.093,7.39,10.39,1.1,0.45,0.33,,300,0.041,The model kept the existing position because the retained signals did not cross its buy or sell threshold.,,position,position-019,fill-019,2025-08-16T01:20:00,,,,,,,300,Demo cycle 019: retained position record for XOM.
2025-08-16T01:25:00,95.8567,-0.01001,-6817.76,-176269.98,768.2,492.97,0.27859,0.6478,4.5468,1.6929,0.3049,0.8037,XOM,0.602,2.202,10.702,13.102,4.667,0.535,4.475,2.502,0.72,1.467,0.077,0.093,7.39,10.39,1.1,0.45,0.33,,300,0.041,The model kept the existing position because the retained signals did not cross its buy or sell threshold.,,pnl,pnl-019,position-019,2025-08-16T01:25:00,,,,,,,,Demo cycle 019: retained pnl record for XOM.
2025-08-16T01:30:00,95.4529,-0.011018,-7355.92,-183625.9,788.79,408.6,0.25082,0.5644,4.744,1.9094,0.303,1.0048,AAPL,-6.978,-6.878,1.822,-5.478,4.641,0.531,1.355,9.222,0.712,1.441,0.076,0.092,7.71,10.71,1.18,0.49,0.36,,100,-0.035,The model sold because its alpha signal had deteriorated and the retained inputs showed rising risk.,,observation,observation-020,,2025-08-16T01:30:00,,,,,,,,Demo cycle 020: retained observation record for AAPL.
2025-08-16T01:35:00,95.4529,-0.011018,-7355.92,-190981.82,788.79,408.6,0.25082,0.5644,4.744,1.9094,0.303,1.0048,AAPL,-6.978,-6.878,1.822,-5.478,4.641,0.531,1.355,9.222,0.712,1.441,0.076,0.092,7.71,10.71,1.18,0.49,0.36,SELL,100,-0.035,The model sold because its alpha signal had deteriorated and the retained inputs showed rising risk.,,decision,decision-020,observation-020,2025-08-16T01:35:00,2025-08-16T01:35:00,demo-mixed-fundamental-alpha,2025.08-demo,fundamental-ranker-2.1,features-020,,,SELL AAPL: The model sold because its alpha signal had deteriorated and the retained inputs showed rising risk.
2025-08-16T01:40:00,95.4529,-0.011018,-7355.92,-198337.74,788.79,408.6,0.25082,0.5644,4.744,1.9094,0.303,1.0048,AAPL,-6.978,-6.878,1.822,-5.478,4.641,0.531,1.355,9.222,0.712,1.441,0.076,0.092,7.71,10.71,1.18,0.49,0.36,,100,-0.035,The model sold because its alpha signal had deteriorated and the retained inputs showed rising risk.,100,target,target-020,decision-020,2025-08-16T01:40:00,,,,,,,,Demo cycle 020: retained target record for AAPL.
2025-08-16T01:45:00,95.4529,-0.011018,-7355.92,-205693.66,788.79,408.6,0.25082,0.5644,4.744,1.9094,0.303,1.0048,AAPL,-6.978,-6.878,1.822,-5.478,4.641,0.531,1.355,9.222,0.712,1.441,0.076,0.092,7.71,10.71,1.18,0.49,0.36,,100,-0.035,The model sold because its alpha signal had deteriorated and the retained inputs showed rising risk.,,fill,fill-020,target-020,2025-08-16T01:45:00,,,,,,-200,,Demo cycle 020: retained fill record for AAPL.
2025-08-16T01:50:00,95.4529,-0.011018,-7355.92,-213049.58,788.79,408.6,0.25082,0.5644,4.744,1.9094,0.303,1.0048,AAPL,-6.978,-6.878,1.822,-5.478,4.641,0.531,1.355,9.222,0.712,1.441,0.076,0.092,7.71,10.71,1.18,0.49,0.36,,100,-0.035,The model sold because its alpha signal had deteriorated and the retained inputs showed rising risk.,,position,position-020,fill-020,2025-08-16T01:50:00,,,,,,,100,Demo cycle 020: retained position record for AAPL.
2025-08-16T01:55:00,95.4529,-0.011018,-7355.92,-220405.5,788.79,408.6,0.25082,0.5644,4.744,1.9094,0.303,1.0048,AAPL,-6.978,-6.878,1.822,-5.478,4.641,0.531,1.355,9.222,0.712,1.441,0.076,0.092,7.71,10.71,1.18,0.49,0.36,,100,-0.035,The model sold because its alpha signal had deteriorated and the retained inputs showed rising risk.,,pnl,pnl-020,position-020,2025-08-16T01:55:00,,,,,,,,Demo cycle 020: retained pnl record for AAPL.
2025-08-16T02:00:00,95.8945,-0.015014,-8633.52,-229039.02,776.72,614.88,0.2671,0.5746,5.0318,1.8356,0.2849,0.7988,MSFT,0.565,2.165,10.665,13.065,4.655,0.533,1.366,9.265,0.096,0.355,-0.033,-0.057,7.54,10.54,1.14,0.47,0.35,,100,-0.035,The model sold because its alpha signal had deteriorated and the retained inputs showed rising risk.,,observation,observation-021,,2025-08-16T02:00:00,,,,,,,,Demo cycle 021: retained observation record for MSFT.
2025-08-16T02:05:00,95.8945,-0.015014,-8633.52,-237672.54,776.72,614.88,0.2671,0.5746,5.0318,1.8356,0.2849,0.7988,MSFT,0.565,2.165,10.665,13.065,4.655,0.533,1.366,9.265,0.096,0.355,-0.033,-0.057,7.54,10.54,1.14,0.47,0.35,SELL,100,-0.035,The model sold because its alpha signal had deteriorated and the retained inputs showed rising risk.,,decision,decision-021,observation-021,2025-08-16T02:05:00,2025-08-16T02:05:00,demo-mixed-fundamental-alpha,2025.08-demo,fundamental-ranker-2.1,features-021,,,SELL MSFT: The model sold because its alpha signal had deteriorated and the retained inputs showed rising risk.
2025-08-16T02:10:00,95.8945,-0.015014,-8633.52,-246306.06,776.72,614.88,0.2671,0.5746,5.0318,1.8356,0.2849,0.7988,MSFT,0.565,2.165,10.665,13.065,4.655,0.533,1.366,9.265,0.096,0.355,-0.033,-0.057,7.54,10.54,1.14,0.47,0.35,,100,-0.035,The model sold because its alpha signal had deteriorated and the retained inputs showed rising risk.,100,target,target-021,decision-021,2025-08-16T02:10:00,,,,,,,,Demo cycle 021: retained target record for MSFT.
2025-08-16T02:15:00,95.8945,-0.015014,-8633.52,-254939.58,776.72,614.88,0.2671,0.5746,5.0318,1.8356,0.2849,0.7988,MSFT,0.565,2.165,10.665,13.065,4.655,0.533,1.366,9.265,0.096,0.355,-0.033,-0.057,7.54,10.54,1.14,0.47,0.35,,100,-0.035,The model sold because its alpha signal had deteriorated and the retained inputs showed rising risk.,,fill,fill-021,target-021,2025-08-16T02:15:00,,,,,,-200,,Demo cycle 021: retained fill record for MSFT.
2025-08-16T02:20:00,95.8945,-0.015014,-8633.52,-263573.1,776.72,614.88,0.2671,0.5746,5.0318,1.8356,0.2849,0.7988,MSFT,0.565,2.165,10.665,13.065,4.655,0.533,1.366,9.265,0.096,0.355,-0.033,-0.057,7.54,10.54,1.14,0.47,0.35,,100,-0.035,The model sold because its alpha signal had deteriorated and the retained inputs showed rising risk.,,position,position-021,fill-021,2025-08-16T02:20:00,,,,,,,100,Demo cycle 021: retained position record for MSFT.
2025-08-16T02:25:00,95.8945,-0.015014,-8633.52,-272206.62,776.72,614.88,0.2671,0.5746,5.0318,1.8356,0.2849,0.7988,MSFT,0.565,2.165,10.665,13.065,4.655,0.533,1.366,9.265,0.096,0.355,-0.033,-0.057,7.54,10.54,1.14,0.47,0.35,,100,-0.035,The model sold because its alpha signal had deteriorated and the retained inputs showed rising risk.,,pnl,pnl-021,position-021,2025-08-16T02:25:00,,,,,,,,Demo cycle 021: retained pnl record for MSFT.
2025-08-16T02:30:00,95.3092,-0.001,-10589.95,-282796.57,776.06,702.54,0.26799,0.5291,4.9394,1.8468,0.2223,0.6839,NVDA,0.701,2.301,10.801,13.201,4.7,0.54,1.4,9.401,0.73,1.5,0.078,0.094,101.01,118.01,1.0,0.4,0.3,,100,-0.035,The model sold because its alpha signal had deteriorated and the retained inputs showed rising risk.,,observation,observation-022,,2025-08-16T02:30:00,,,,,,,,Demo cycle 022: retained observation record for NVDA.
2025-08-16T02:35:00,95.3092,-0.001,-10589.95,-293386.52,776.06,702.54,0.26799,0.5291,4.9394,1.8468,0.2223,0.6839,NVDA,0.701,2.301,10.801,13.201,4.7,0.54,1.4,9.401,0.73,1.5,0.078,0.094,101.01,118.01,1.0,0.4,0.3,SELL,100,-0.035,The model sold because its alpha signal had deteriorated and the retained inputs showed rising risk.,,decision,decision-022,observation-022,2025-08-16T02:35:00,2025-08-16T02:35:00,demo-mixed-fundamental-alpha,2025.08-demo,fundamental-ranker-2.1,features-022,,,SELL NVDA: The model sold because its alpha signal had deteriorated and the retained inputs showed rising risk.
2025-08-16T02:40:00,95.3092,-0.001,-10589.95,-303976.47,776.06,702.54,0.26799,0.5291,4.9394,1.8468,0.2223,0.6839,NVDA,0.701,2.301,10.801,13.201,4.7,0.54,1.4,9.401,0.73,1.5,0.078,0.094,101.01,118.01,1.0,0.4,0.3,,100,-0.035,The model sold because its alpha signal had deteriorated and the retained inputs showed rising risk.,100,target,target-022,decision-022,2025-08-16T02:40:00,,,,,,,,Demo cycle 022: retained target record for NVDA.
2025-08-16T02:45:00,95.3092,-0.001,-10589.95,-314566.42,776.06,702.54,0.26799,0.5291,4.9394,1.8468,0.2223,0.6839,NVDA,0.701,2.301,10.801,13.201,4.7,0.54,1.4,9.401,0.73,1.5,0.078,0.094,101.01,118.01,1.0,0.4,0.3,,100,-0.035,The model sold because its alpha signal had deteriorated and the retained inputs showed rising risk.,,fill,fill-022,target-022,2025-08-16T02:45:00,,,,,,-200,,Demo cycle 022: retained fill record for NVDA.
2025-08-16T02:50:00,95.3092,-0.001,-10589.95,-325156.37,776.06,702.54,0.26799,0.5291,4.9394,1.8468,0.2223,0.6839,NVDA,0.701,2.301,10.801,13.201,4.7,0.54,1.4,9.401,0.73,1.5,0.078,0.094,101.01,118.01,1.0,0.4,0.3,,100,-0.035,The model sold because its alpha signal had deteriorated and the retained inputs showed rising risk.,,position,position-022,fill-022,2025-08-16T02:50:00,,,,,,,100,Demo cycle 022: retained position record for NVDA.
2025-08-16T02:55:00,95.3092,-0.001,-10589.95,-335746.32,776.06,702.54,0.26799,0.5291,4.9394,1.8468,0.2223,0.6839,NVDA,0.701,2.301,10.801,13.201,4.7,0.54,1.4,9.401,0.73,1.5,0.078,0.094,101.01,118.01,1.0,0.4,0.3,,100,-0.035,The model sold because its alpha signal had deteriorated and the retained inputs showed rising risk.,,pnl,pnl-022,position-022,2025-08-16T02:55:00,,,,,,,,Demo cycle 022: retained pnl record for NVDA.
2025-08-16T03:00:00,95.5237,-0.002986,-7486.78,-343233.1,788.9,434.31,0.25068,0.6619,4.208,1.6948,0.2521,0.7825,JPM,0.837,2.437,10.937,13.337,4.746,0.547,1.434,9.537,0.744,1.546,0.079,0.095,7.55,10.55,10.64,5.17,2.45,,100,-0.035,The model sold because its alpha signal had deteriorated and the retained inputs showed rising risk.,,observation,observation-023,,2025-08-16T03:00:00,,,,,,,,Demo cycle 023: retained observation record for JPM.
2025-08-16T03:05:00,95.5237,-0.002986,-7486.78,-350719.88,788.9,434.31,0.25068,0.6619,4.208,1.6948,0.2521,0.7825,JPM,0.837,2.437,10.937,13.337,4.746,0.547,1.434,9.537,0.744,1.546,0.079,0.095,7.55,10.55,10.64,5.17,2.45,SELL,100,-0.035,The model sold because its alpha signal had deteriorated and the retained inputs showed rising risk.,,decision,decision-023,observation-023,2025-08-16T03:05:00,2025-08-16T03:05:00,demo-mixed-fundamental-alpha,2025.08-demo,fundamental-ranker-2.1,features-023,,,SELL JPM: The model sold because its alpha signal had deteriorated and the retained inputs showed rising risk.
2025-08-16T03:10:00,95.5237,-0.002986,-7486.78,-358206.66,788.9,434.31,0.25068,0.6619,4.208,1.6948,0.2521,0.7825,JPM,0.837,2.437,10.937,13.337,4.746,0.547,1.434,9.537,0.744,1.546,0.079,0.095,7.55,10.55,10.64,5.17,2.45,,100,-0.035,The model sold because its alpha signal had deteriorated and the retained inputs showed rising risk.,100,target,target-023,decision-023,2025-08-16T03:10:00,,,,,,,,Demo cycle 023: retained target record for JPM.
2025-08-16T03:15:00,95.5237,-0.002986,-7486.78,-365693.44,788.9,434.31,0.25068,0.6619,4.208,1.6948,0.2521,0.7825,JPM,0.837,2.437,10.937,13.337,4.746,0.547,1.434,9.537,0.744,1.546,0.079,0.095,7.55,10.55,10.64,5.17,2.45,,100,-0.035,The model sold because its alpha signal had deteriorated and the retained inputs showed rising risk.,,fill,fill-023,target-023,2025-08-16T03:15:00,,,,,,-200,,Demo cycle 023: retained fill record for JPM.
2025-08-16T03:20:00,95.5237,-0.002986,-7486.78,-373180.22,788.9,434.31,0.25068,0.6619,4.208,1.6948,0.2521,0.7825,JPM,0.837,2.437,10.937,13.337,4.746,0.547,1.434,9.537,0.744,1.546,0.079,0.095,7.55,10.55,10.64,5.17,2.45,,100,-0.035,The model sold because its alpha signal had deteriorated and the retained inputs showed rising risk.,,position,position-023,fill-023,2025-08-16T03:20:00,,,,,,,100,Demo cycle 023: retained position record for JPM.
2025-08-16T03:25:00,95.5237,-0.002986,-7486.78,-380667.0,788.9,434.31,0.25068,0.6619,4.208,1.6948,0.2521,0.7825,JPM,0.837,2.437,10.937,13.337,4.746,0.547,1.434,9.537,0.744,1.546,0.079,0.095,7.55,10.55,10.64,5.17,2.45,,100,-0.035,The model sold because its alpha signal had deteriorated and the retained inputs showed rising risk.,,pnl,pnl-023,position-023,2025-08-16T03:25:00,,,,,,,,Demo cycle 023: retained pnl record for JPM.
2025-08-16T03:30:00,95.5592,-0.009982,-7018.44,-387685.44,781.49,651.35,0.26067,0.7045,4.7483,1.6829,0.2076,0.7852,XOM,0.878,2.478,10.978,13.378,4.759,0.549,4.544,2.778,0.748,1.559,0.08,0.096,7.71,10.71,1.18,0.49,0.36,,100,-0.035,The model sold because its alpha signal had deteriorated and the retained inputs showed rising risk.,,observation,observation-024,,2025-08-16T03:30:00,,,,,,,,Demo cycle 024: retained observation record for XOM.
2025-08-16T03:35:00,95.5592,-0.009982,-7018.44,-394703.88,781.49,651.35,0.26067,0.7045,4.7483,1.6829,0.2076,0.7852,XOM,0.878,2.478,10.978,13.378,4.759,0.549,4.544,2.778,0.748,1.559,0.08,0.096,7.71,10.71,1.18,0.49,0.36,SELL,100,-0.035,The model sold because its alpha signal had deteriorated and the retained inputs showed rising risk.,,decision,decision-024,observation-024,2025-08-16T03:35:00,2025-08-16T03:35:00,demo-mixed-fundamental-alpha,2025.08-demo,fundamental-ranker-2.1,features-024,,,SELL XOM: The model sold because its alpha signal had deteriorated and the retained inputs showed rising risk.
2025-08-16T03:40:00,95.5592,-0.009982,-7018.44,-401722.32,781.49,651.35,0.26067,0.7045,4.7483,1.6829,0.2076,0.7852,XOM,0.878,2.478,10.978,13.378,4.759,0.549,4.544,2.778,0.748,1.559,0.08,0.096,7.71,10.71,1.18,0.49,0.36,,100,-0.035,The model sold because its alpha signal had deteriorated and the retained inputs showed rising risk.,100,target,target-024,decision-024,2025-08-16T03:40:00,,,,,,,,Demo cycle 024: retained target record for XOM.
2025-08-16T03:45:00,95.5592,-0.009982,-7018.44,-408740.76,781.49,651.35,0.26067,0.7045,4.7483,1.6829,0.2076,0.7852,XOM,0.878,2.478,10.978,13.378,4.759,0.549,4.544,2.778,0.748,1.559,0.08,0.096,7.71,10.71,1.18,0.49,0.36,,100,-0.035,The model sold because its alpha signal had deteriorated and the retained inputs showed rising risk.,,fill,fill-024,target-024,2025-08-16T03:45:00,,,,,,-200,,Demo cycle 024: retained fill record for XOM.
2025-08-16T03:50:00,95.5592,-0.009982,-7018.44,-415759.2,781.49,651.35,0.26067,0.7045,4.7483,1.6829,0.2076,0.7852,XOM,0.878,2.478,10.978,13.378,4.759,0.549,4.544,2.778,0.748,1.559,0.08,0.096,7.71,10.71,1.18,0.49,0.36,,100,-0.035,The model sold because its alpha signal had deteriorated and the retained inputs showed rising risk.,,position,position-024,fill-024,2025-08-16T03:50:00,,,,,,,100,Demo cycle 024: retained position record for XOM.
2025-08-16T03:55:00,95.5592,-0.009982,-7018.44,-422777.64,781.49,651.35,0.26067,0.7045,4.7483,1.6829,0.2076,0.7852,XOM,0.878,2.478,10.978,13.378,4.759,0.549,4.544,2.778,0.748,1.559,0.08,0.096,7.71,10.71,1.18,0.49,0.36,,100,-0.035,The model sold because its alpha signal had deteriorated and the retained inputs showed rising risk.,,pnl,pnl-024,position-024,2025-08-16T03:55:00,,,,,,,,Demo cycle 024: retained pnl record for XOM.
2025-08-16T04:00:00,96.0,-0.01099,-7120.39,-429898.03,796.2,232.58,0.24084,0.7591,3.8944,1.4338,0.2523,0.7914,AAPL,-6.704,-6.604,2.096,-5.204,4.732,0.545,1.424,9.496,0.74,1.532,0.079,0.095,7.38,10.38,1.1,0.45,0.33,,200,0.041,Existing long target remained in place while the growth evidence deteriorated.,,observation,observation-025,,2025-08-16T04:00:00,,,,,,,,Demo cycle 025: retained observation record for AAPL.
2025-08-16T04:05:00,96.0,-0.01099,-7120.39,-437018.42,796.2,232.58,0.24084,0.7591,3.8944,1.4338,0.2523,0.7914,AAPL,-6.704,-6.604,2.096,-5.204,4.732,0.545,1.424,9.496,0.74,1.532,0.079,0.095,7.38,10.38,1.1,0.45,0.33,BUY,200,0.041,Existing long target remained in place while the growth evidence deteriorated.,,decision,decision-025,observation-025,2025-08-16T04:05:00,2025-08-16T04:05:00,demo-mixed-fundamental-alpha,2025.08-demo,fundamental-ranker-2.1,features-025,,,BUY AAPL: Existing long target remained in place while the growth evidence deteriorated.
2025-08-16T04:10:00,96.0,-0.01099,-7120.39,-444138.81,796.2,232.58,0.24084,0.7591,3.8944,1.4338,0.2523,0.7914,AAPL,-6.704,-6.604,2.096,-5.204,4.732,0.545,1.424,9.496,0.74,1.532,0.079,0.095,7.38,10.38,1.1,0.45,0.33,,200,0.041,Existing long target remained in place while the growth evidence deteriorated.,200,target,target-025,decision-025,2025-08-16T04:10:00,,,,,,,,Demo cycle 025: retained target record for AAPL.
2025-08-16T04:15:00,96.0,-0.01099,-7120.39,-451259.2,796.2,232.58,0.24084,0.7591,3.8944,1.4338,0.2523,0.7914,AAPL,-6.704,-6.604,2.096,-5.204,4.732,0.545,1.424,9.496,0.74,1.532,0.079,0.095,7.38,10.38,1.1,0.45,0.33,,200,0.041,Existing long target remained in place while the growth evidence deteriorated.,,fill,fill-025,target-025,2025-08-16T04:15:00,,,,,,100,,Demo cycle 025: retained fill record for AAPL.
2025-08-16T04:20:00,96.0,-0.01099,-7120.39,-458379.59,796.2,232.58,0.24084,0.7591,3.8944,1.4338,0.2523,0.7914,AAPL,-6.704,-6.604,2.096,-5.204,4.732,0.545,1.424,9.496,0.74,1.532,0.079,0.095,7.38,10.38,1.1,0.45,0.33,,200,0.041,Existing long target remained in place while the growth evidence deteriorated.,,position,position-025,fill-025,2025-08-16T04:20:00,,,,,,,200,Demo cycle 025: retained position record for AAPL.
2025-08-16T04:25:00,96.0,-0.01099,-7120.39,-465499.98,796.2,232.58,0.24084,0.7591,3.8944,1.4338,0.2523,0.7914,AAPL,-6.704,-6.604,2.096,-5.204,4.732,0.545,1.424,9.496,0.74,1.532,0.079,0.095,7.38,10.38,1.1,0.45,0.33,,200,0.041,Existing long target remained in place while the growth evidence deteriorated.,,pnl,pnl-025,position-025,2025-08-16T04:25:00,,,,,,,,Demo cycle 025: retained pnl record for AAPL.
2025-08-16T04:30:00,96.2031,-0.015005,-8382.85,-473882.83,796.92,707.23,0.23987,0.7031,4.3645,1.6703,0.2616,0.7911,MSFT,0.648,2.248,10.748,13.148,4.683,0.537,1.387,9.348,0.105,0.383,-0.033,-0.057,7.21,10.21,1.05,0.43,0.32,,200,0.023,The model still held the name although the alpha ranking was decaying.,,observation,observation-026,,2025-08-16T04:30:00,,,,,,,,Demo cycle 026: retained observation record for MSFT.
2025-08-16T04:35:00,96.2031,-0.015005,-8382.85,-482265.68,796.92,707.23,0.23987,0.7031,4.3645,1.6703,0.2616,0.7911,MSFT,0.648,2.248,10.748,13.148,4.683,0.537,1.387,9.348,0.105,0.383,-0.033,-0.057,7.21,10.21,1.05,0.43,0.32,BUY,200,0.023,The model still held the name although the alpha ranking was decaying.,,decision,decision-026,observation-026,2025-08-16T04:35:00,2025-08-16T04:35:00,demo-mixed-fundamental-alpha,2025.08-demo,fundamental-ranker-2.1,features-026,,,BUY MSFT: The model still held the name although the alpha ranking was decaying.
2025-08-16T04:40:00,96.2031,-0.015005,-8382.85,-490648.53,796.92,707.23,0.23987,0.7031,4.3645,1.6703,0.2616,0.7911,MSFT,0.648,2.248,10.748,13.148,4.683,0.537,1.387,9.348,0.105,0.383,-0.033,-0.057,7.21,10.21,1.05,0.43,0.32,,200,0.023,The model still held the name although the alpha ranking was decaying.,200,target,target-026,decision-026,2025-08-16T04:40:00,,,,,,,,Demo cycle 026: retained target record for MSFT.
2025-08-16T04:45:00,96.2031,-0.015005,-8382.85,-499031.38,796.92,707.23,0.23987,0.7031,4.3645,1.6703,0.2616,0.7911,MSFT,0.648,2.248,10.748,13.148,4.683,0.537,1.387,9.348,0.105,0.383,-0.033,-0.057,7.21,10.21,1.05,0.43,0.32,,200,0.023,The model still held the name although the alpha ranking was decaying.,,fill,fill-026,target-026,2025-08-16T04:45:00,,,,,,100,,Demo cycle 026: retained fill record for MSFT.
2025-08-16T04:50:00,96.2031,-0.015005,-8382.85,-507414.23,796.92,707.23,0.23987,0.7031,4.3645,1.6703,0.2616,0.7911,MSFT,0.648,2.248,10.748,13.148,4.683,0.537,1.387,9.348,0.105,0.383,-0.033,-0.057,7.21,10.21,1.05,0.43,0.32,,200,0.023,The model still held the name although the alpha ranking was decaying.,,position,position-026,fill-026,2025-08-16T04:50:00,,,,,,,200,Demo cycle 026: retained position record for MSFT.
2025-08-16T04:55:00,96.2031,-0.015005,-8382.85,-515797.08,796.92,707.23,0.23987,0.7031,4.3645,1.6703,0.2616,0.7911,MSFT,0.648,2.248,10.748,13.148,4.683,0.537,1.387,9.348,0.105,0.383,-0.033,-0.057,7.21,10.21,1.05,0.43,0.32,,200,0.023,The model still held the name although the alpha ranking was decaying.,,pnl,pnl-026,position-026,2025-08-16T04:55:00,,,,,,,,Demo cycle 026: retained pnl record for MSFT.
2025-08-16T05:00:00,96.7141,-0.001016,-10784.99,-526582.07,779.5,722.04,0.26335,0.8546,4.4827,1.7482,0.2663,0.7704,NVDA,0.536,2.136,10.636,13.036,4.645,0.532,1.359,9.236,0.714,1.445,0.076,0.092,101.66,118.66,1.16,0.48,0.35,,200,0.041,Target remained positive; realised weight diverged from the recorded target.,,observation,observation-027,,2025-08-16T05:00:00,,,,,,,,Demo cycle 027: retained observation record for NVDA.
2025-08-16T05:05:00,96.7141,-0.001016,-10784.99,-537367.06,779.5,722.04,0.26335,0.8546,4.4827,1.7482,0.2663,0.7704,NVDA,0.536,2.136,10.636,13.036,4.645,0.532,1.359,9.236,0.714,1.445,0.076,0.092,101.66,118.66,1.16,0.48,0.35,BUY,200,0.041,Target remained positive; realised weight diverged from the recorded target.,,decision,decision-027,observation-027,2025-08-16T05:05:00,2025-08-16T05:05:00,demo-mixed-fundamental-alpha,2025.08-demo,fundamental-ranker-2.1,features-027,,,BUY NVDA: Target remained positive; realised weight diverged from the recorded target.
2025-08-16T05:10:00,96.7141,-0.001016,-10784.99,-548152.05,779.5,722.04,0.26335,0.8546,4.4827,1.7482,0.2663,0.7704,NVDA,0.536,2.136,10.636,13.036,4.645,0.532,1.359,9.236,0.714,1.445,0.076,0.092,101.66,118.66,1.16,0.48,0.35,,200,0.041,Target remained positive; realised weight diverged from the recorded target.,200,target,target-027,decision-027,2025-08-16T05:10:00,,,,,,,,Demo cycle 027: retained target record for NVDA.
2025-08-16T05:15:00,96.7141,-0.001016,-10784.99,-558937.04,779.5,722.04,0.26335,0.8546,4.4827,1.7482,0.2663,0.7704,NVDA,0.536,2.136,10.636,13.036,4.645,0.532,1.359,9.236,0.714,1.445,0.076,0.092,101.66,118.66,1.16,0.48,0.35,,200,0.041,Target remained positive; realised weight diverged from the recorded target.,,fill,fill-027,target-027,2025-08-16T05:15:00,,,,,,100,,Demo cycle 027: retained fill record for NVDA.
2025-08-16T05:20:00,96.7141,-0.001016,-10784.99,-569722.03,779.5,722.04,0.26335,0.8546,4.4827,1.7482,0.2663,0.7704,NVDA,0.536,2.136,10.636,13.036,4.645,0.532,1.359,9.236,0.714,1.445,0.076,0.092,101.66,118.66,1.16,0.48,0.35,,200,0.041,Target remained positive; realised weight diverged from the recorded target.,,position,position-027,fill-027,2025-08-16T05:20:00,,,,,,,200,Demo cycle 027: retained position record for NVDA.
2025-08-16T05:25:00,96.7141,-0.001016,-10784.99,-580507.02,779.5,722.04,0.26335,0.8546,4.4827,1.7482,0.2663,0.7704,NVDA,0.536,2.136,10.636,13.036,4.645,0.532,1.359,9.236,0.714,1.445,0.076,0.092,101.66,118.66,1.16,0.48,0.35,,200,0.041,Target remained positive; realised weight diverged from the recorded target.,,pnl,pnl-027,position-027,2025-08-16T05:25:00,,,,,,,,Demo cycle 027: retained pnl record for NVDA.
2025-08-16T05:30:00,95.546,-0.003016,-7775.1,-588282.12,792.28,438.47,0.24612,0.7509,4.0611,1.5681,0.227,0.5791,JPM,0.537,2.137,10.637,13.037,4.646,0.532,1.359,9.237,0.714,1.446,0.076,0.092,7.65,10.65,10.66,5.18,2.45,,200,0.041,The decision used an older recorded fundamental snapshot.,,observation,observation-028,,2025-08-16T05:30:00,,,,,,,,Demo cycle 028: retained observation record for JPM.
2025-08-16T05:35:00,95.546,-0.003016,-7775.1,-596057.22,792.28,438.47,0.24612,0.7509,4.0611,1.5681,0.227,0.5791,JPM,0.537,2.137,10.637,13.037,4.646,0.532,1.359,9.237,0.714,1.446,0.076,0.092,7.65,10.65,10.66,5.18,2.45,BUY,200,0.041,The decision used an older recorded fundamental snapshot.,,decision,decision-028,observation-028,2025-08-16T05:35:00,2025-08-16T05:35:00,demo-mixed-fundamental-alpha,2025.08-demo,fundamental-ranker-2.1,features-028,,,BUY JPM: The decision used an older recorded fundamental snapshot.
2025-08-16T05:40:00,95.546,-0.003016,-7775.1,-603832.32,792.28,438.47,0.24612,0.7509,4.0611,1.5681,0.227,0.5791,JPM,0.537,2.137,10.637,13.037,4.646,0.532,1.359,9.237,0.714,1.446,0.076,0.092,7.65,10.65,10.66,5.18,2.45,,200,0.041,The decision used an older recorded fundamental snapshot.,200,target,target-028,decision-028,2025-08-16T05:40:00,,,,,,,,Demo cycle 028: retained target record for JPM.
2025-08-16T05:45:00,95.546,-0.003016,-7775.1,-611607.42,792.28,438.47,0.24612,0.7509,4.0611,1.5681,0.227,0.5791,JPM,0.537,2.137,10.637,13.037,4.646,0.532,1.359,9.237,0.714,1.446,0.076,0.092,7.65,10.65,10.66,5.18,2.45,,200,0.041,The decision used an older recorded fundamental snapshot.,,fill,fill-028,target-028,2025-08-16T05:45:00,,,,,,100,,Demo cycle 028: retained fill record for JPM.
2025-08-16T05:50:00,95.546,-0.003016,-7775.1,-619382.52,792.28,438.47,0.24612,0.7509,4.0611,1.5681,0.227,0.5791,JPM,0.537,2.137,10.637,13.037,4.646,0.532,1.359,9.237,0.714,1.446,0.076,0.092,7.65,10.65,10.66,5.18,2.45,,200,0.041,The decision used an older recorded fundamental snapshot.,,position,position-028,fill-028,2025-08-16T05:50:00,,,,,,,200,Demo cycle 028: retained position record for JPM.
2025-08-16T05:55:00,95.546,-0.003016,-7775.1,-627157.62,792.28,438.47,0.24612,0.7509,4.0611,1.5681,0.227,0.5791,JPM,0.537,2.137,10.637,13.037,4.646,0.532,1.359,9.237,0.714,1.446,0.076,0.092,7.65,10.65,10.66,5.18,2.45,,200,0.041,The decision used an older recorded fundamental snapshot.,,pnl,pnl-028,position-028,2025-08-16T05:55:00,,,,,,,,Demo cycle 028: retained pnl record for JPM.
2025-08-16T06:00:00,96.0772,-0.010005,-6882.42,-634040.04,796.96,617.29,0.2398,0.8232,3.9839,1.3853,0.2754,0.7632,XOM,0.651,2.251,10.751,13.151,4.684,0.538,4.488,2.551,0.725,1.484,0.078,0.094,7.2,10.2,1.05,0.42,0.32,,200,0.041,The existing long target remained despite worsening debt-service risk.,,observation,observation-029,,2025-08-16T06:00:00,,,,,,,,Demo cycle 029: retained observation record for XOM.
2025-08-16T06:05:00,96.0772,-0.010005,-6882.42,-640922.46,796.96,617.29,0.2398,0.8232,3.9839,1.3853,0.2754,0.7632,XOM,0.651,2.251,10.751,13.151,4.684,0.538,4.488,2.551,0.725,1.484,0.078,0.094,7.2,10.2,1.05,0.42,0.32,BUY,200,0.041,The existing long target remained despite worsening debt-service risk.,,decision,decision-029,observation-029,2025-08-16T06:05:00,2025-08-16T06:05:00,demo-mixed-fundamental-alpha,2025.08-demo,fundamental-ranker-2.1,features-029,,,BUY XOM: The existing long target remained despite worsening debt-service risk.
2025-08-16T06:10:00,96.0772,-0.010005,-6882.42,-647804.88,796.96,617.29,0.2398,0.8232,3.9839,1.3853,0.2754,0.7632,XOM,0.651,2.251,10.751,13.151,4.684,0.538,4.488,2.551,0.725,1.484,0.078,0.094,7.2,10.2,1.05,0.42,0.32,,200,0.041,The existing long target remained despite worsening debt-service risk.,200,target,target-029,decision-029,2025-08-16T06:10:00,,,,,,,,Demo cycle 029: retained target record for XOM.
2025-08-16T06:15:00,96.0772,-0.010005,-6882.42,-654687.3,796.96,617.29,0.2398,0.8232,3.9839,1.3853,0.2754,0.7632,XOM,0.651,2.251,10.751,13.151,4.684,0.538,4.488,2.551,0.725,1.484,0.078,0.094,7.2,10.2,1.05,0.42,0.32,,200,0.041,The existing long target remained despite worsening debt-service risk.,,fill,fill-029,target-029,2025-08-16T06:15:00,,,,,,100,,Demo cycle 029: retained fill record for XOM.
2025-08-16T06:20:00,96.0772,-0.010005,-6882.42,-661569.72,796.96,617.29,0.2398,0.8232,3.9839,1.3853,0.2754,0.7632,XOM,0.651,2.251,10.751,13.151,4.684,0.538,4.488,2.551,0.725,1.484,0.078,0.094,7.2,10.2,1.05,0.42,0.32,,200,0.041,The existing long target remained despite worsening debt-service risk.,,position,position-029,fill-029,2025-08-16T06:20:00,,,,,,,200,Demo cycle 029: retained position record for XOM.
2025-08-16T06:25:00,96.0772,-0.010005,-6882.42,-668452.14,796.96,617.29,0.2398,0.8232,3.9839,1.3853,0.2754,0.7632,XOM,0.651,2.251,10.751,13.151,4.684,0.538,4.488,2.551,0.725,1.484,0.078,0.094,7.2,10.2,1.05,0.42,0.32,,200,0.041,The existing long target remained despite worsening debt-service risk.,,pnl,pnl-029,position-029,2025-08-16T06:25:00,,,,,,,,Demo cycle 029: retained pnl record for XOM.
2025-08-16T06:30:00,95.5032,-0.01099,-6826.61,-675278.75,794.61,769.01,0.24297,0.8546,4.2197,1.4141,0.3249,0.7478,AAPL,-6.701,-6.601,2.099,-5.201,4.733,0.545,1.425,9.499,0.74,1.533,0.079,0.095,7.4,10.4,1.1,0.45,0.33,,300,0.041,Existing long target remained in place while the growth evidence deteriorated.,,observation,observation-030,,2025-08-16T06:30:00,,,,,,,,Demo cycle 030: retained observation record for AAPL.
2025-08-16T06:35:00,95.5032,-0.01099,-6826.61,-682105.36,794.61,769.01,0.24297,0.8546,4.2197,1.4141,0.3249,0.7478,AAPL,-6.701,-6.601,2.099,-5.201,4.733,0.545,1.425,9.499,0.74,1.533,0.079,0.095,7.4,10.4,1.1,0.45,0.33,BUY,300,0.041,Existing long target remained in place while the growth evidence deteriorated.,,decision,decision-030,observation-030,2025-08-16T06:35:00,2025-08-16T06:35:00,demo-mixed-fundamental-alpha,2025.08-demo,fundamental-ranker-2.1,features-030,,,BUY AAPL: Existing long target remained in place while the growth evidence deteriorated.
2025-08-16T06:40:00,95.5032,-0.01099,-6826.61,-688931.97,794.61,769.01,0.24297,0.8546,4.2197,1.4141,0.3249,0.7478,AAPL,-6.701,-6.601,2.099,-5.201,4.733,0.545,1.425,9.499,0.74,1.533,0.079,0.095,7.4,10.4,1.1,0.45,0.33,,300,0.041,Existing long target remained in place while the growth evidence deteriorated.,300,target,target-030,decision-030,2025-08-16T06:40:00,,,,,,,,Demo cycle 030: retained target record for AAPL.
2025-08-16T06:45:00,95.5032,-0.01099,-6826.61,-695758.58,794.61,769.01,0.24297,0.8546,4.2197,1.4141,0.3249,0.7478,AAPL,-6.701,-6.601,2.099,-5.201,4.733,0.545,1.425,9.499,0.74,1.533,0.079,0.095,7.4,10.4,1.1,0.45,0.33,,300,0.041,Existing long target remained in place while the growth evidence deteriorated.,,fill,fill-030,target-030,2025-08-16T06:45:00,,,,,,100,,Demo cycle 030: retained fill record for AAPL.
2025-08-16T06:50:00,95.5032,-0.01099,-6826.61,-702585.19,794.61,769.01,0.24297,0.8546,4.2197,1.4141,0.3249,0.7478,AAPL,-6.701,-6.601,2.099,-5.201,4.733,0.545,1.425,9.499,0.74,1.533,0.079,0.095,7.4,10.4,1.1,0.45,0.33,,300,0.041,Existing long target remained in place while the growth evidence deteriorated.,,position,position-030,fill-030,2025-08-16T06:50:00,,,,,,,300,Demo cycle 030: retained position record for AAPL.
2025-08-16T06:55:00,95.5032,-0.01099,-6826.61,-709411.8,794.61,769.01,0.24297,0.8546,4.2197,1.4141,0.3249,0.7478,AAPL,-6.701,-6.601,2.099,-5.201,4.733,0.545,1.425,9.499,0.74,1.533,0.079,0.095,7.4,10.4,1.1,0.45,0.33,,300,0.041,Existing long target remained in place while the growth evidence deteriorated.,,pnl,pnl-030,position-030,2025-08-16T06:55:00,,,,,,,,Demo cycle 030: retained pnl record for AAPL.
2025-08-16T07:00:00,94.7677,-0.014982,-8477.15,-717888.95,778.84,402.54,0.26424,0.7278,4.4539,1.6049,0.3084,0.6809,MSFT,0.878,2.478,10.978,13.378,4.759,0.549,1.445,9.578,0.128,0.459,-0.03,-0.054,7.71,10.71,1.18,0.49,0.36,,300,0.023,The model still held the name although the alpha ranking was decaying.,,observation,observation-031,,2025-08-16T07:00:00,,,,,,,,Demo cycle 031: retained observation record for MSFT.
2025-08-16T07:05:00,94.7677,-0.014982,-8477.15,-726366.1,778.84,402.54,0.26424,0.7278,4.4539,1.6049,0.3084,0.6809,MSFT,0.878,2.478,10.978,13.378,4.759,0.549,1.445,9.578,0.128,0.459,-0.03,-0.054,7.71,10.71,1.18,0.49,0.36,BUY,300,0.023,The model still held the name although the alpha ranking was decaying.,,decision,decision-031,observation-031,2025-08-16T07:05:00,2025-08-16T07:05:00,demo-mixed-fundamental-alpha,2025.08-demo,fundamental-ranker-2.1,features-031,,,BUY MSFT: The model still held the name although the alpha ranking was decaying.
2025-08-16T07:10:00,94.7677,-0.014982,-8477.15,-734843.25,778.84,402.54,0.26424,0.7278,4.4539,1.6049,0.3084,0.6809,MSFT,0.878,2.478,10.978,13.378,4.759,0.549,1.445,9.578,0.128,0.459,-0.03,-0.054,7.71,10.71,1.18,0.49,0.36,,300,0.023,The model still held the name although the alpha ranking was decaying.,300,target,target-031,decision-031,2025-08-16T07:10:00,,,,,,,,Demo cycle 031: retained target record for MSFT.
2025-08-16T07:15:00,94.7677,-0.014982,-8477.15,-743320.4,778.84,402.54,0.26424,0.7278,4.4539,1.6049,0.3084,0.6809,MSFT,0.878,2.478,10.978,13.378,4.759,0.549,1.445,9.578,0.128,0.459,-0.03,-0.054,7.71,10.71,1.18,0.49,0.36,,300,0.023,The model still held the name although the alpha ranking was decaying.,,fill,fill-031,target-031,2025-08-16T07:15:00,,,,,,100,,Demo cycle 031: retained fill record for MSFT.
2025-08-16T07:20:00,94.7677,-0.014982,-8477.15,-751797.55,778.84,402.54,0.26424,0.7278,4.4539,1.6049,0.3084,0.6809,MSFT,0.878,2.478,10.978,13.378,4.759,0.549,1.445,9.578,0.128,0.459,-0.03,-0.054,7.71,10.71,1.18,0.49,0.36,,300,0.023,The model still held the name although the alpha ranking was decaying.,,position,position-031,fill-031,2025-08-16T07:20:00,,,,,,,300,Demo cycle 031: retained position record for MSFT.
2025-08-16T07:25:00,94.7677,-0.014982,-8477.15,-760274.7,778.84,402.54,0.26424,0.7278,4.4539,1.6049,0.3084,0.6809,MSFT,0.878,2.478,10.978,13.378,4.759,0.549,1.445,9.578,0.128,0.459,-0.03,-0.054,7.71,10.71,1.18,0.49,0.36,,300,0.023,The model still held the name although the alpha ranking was decaying.,,pnl,pnl-031,position-031,2025-08-16T07:25:00,,,,,,,,Demo cycle 031: retained pnl record for MSFT.
2025-08-16T07:30:00,95.3924,-0.000987,-11078.11,-771352.81,787.26,289.08,0.25289,0.7826,4.2512,1.7163,0.2473,0.7001,NVDA,0.835,2.435,10.935,13.335,4.745,0.547,1.434,9.535,0.743,1.545,0.079,0.095,101.54,118.54,1.13,0.47,0.34,,300,0.041,Target remained positive; realised weight diverged from the recorded target.,,observation,observation-032,,2025-08-16T07:30:00,,,,,,,,Demo cycle 032: retained observation record for NVDA.
2025-08-16T07:35:00,95.3924,-0.000987,-11078.11,-782430.92,787.26,289.08,0.25289,0.7826,4.2512,1.7163,0.2473,0.7001,NVDA,0.835,2.435,10.935,13.335,4.745,0.547,1.434,9.535,0.743,1.545,0.079,0.095,101.54,118.54,1.13,0.47,0.34,BUY,300,0.041,Target remained positive; realised weight diverged from the recorded target.,,decision,decision-032,observation-032,2025-08-16T07:35:00,2025-08-16T07:35:00,demo-mixed-fundamental-alpha,2025.08-demo,fundamental-ranker-2.1,features-032,,,BUY NVDA: Target remained positive; realised weight diverged from the recorded target.
2025-08-16T07:40:00,95.3924,-0.000987,-11078.11,-793509.03,787.26,289.08,0.25289,0.7826,4.2512,1.7163,0.2473,0.7001,NVDA,0.835,2.435,10.935,13.335,4.745,0.547,1.434,9.535,0.743,1.545,0.079,0.095,101.54,118.54,1.13,0.47,0.34,,300,0.041,Target remained positive; realised weight diverged from the recorded target.,300,target,target-032,decision-032,2025-08-16T07:40:00,,,,,,,,Demo cycle 032: retained target record for NVDA.
2025-08-16T07:45:00,95.3924,-0.000987,-11078.11,-804587.14,787.26,289.08,0.25289,0.7826,4.2512,1.7163,0.2473,0.7001,NVDA,0.835,2.435,10.935,13.335,4.745,0.547,1.434,9.535,0.743,1.545,0.079,0.095,101.54,118.54,1.13,0.47,0.34,,300,0.041,Target remained positive; realised weight diverged from the recorded target.,,fill,fill-032,target-032,2025-08-16T07:45:00,,,,,,100,,Demo cycle 032: retained fill record for NVDA.
2025-08-16T07:50:00,95.3924,-0.000987,-11078.11,-815665.25,787.26,289.08,0.25289,0.7826,4.2512,1.7163,0.2473,0.7001,NVDA,0.835,2.435,10.935,13.335,4.745,0.547,1.434,9.535,0.743,1.545,0.079,0.095,101.54,118.54,1.13,0.47,0.34,,300,0.041,Target remained positive; realised weight diverged from the recorded target.,,position,position-032,fill-032,2025-08-16T07:50:00,,,,,,,300,Demo cycle 032: retained position record for NVDA.
2025-08-16T07:55:00,95.3924,-0.000987,-11078.11,-826743.36,787.26,289.08,0.25289,0.7826,4.2512,1.7163,0.2473,0.7001,NVDA,0.835,2.435,10.935,13.335,4.745,0.547,1.434,9.535,0.743,1.545,0.079,0.095,101.54,118.54,1.13,0.47,0.34,,300,0.041,Target remained positive; realised weight diverged from the recorded target.,,pnl,pnl-032,position-032,2025-08-16T07:55:00,,,,,,,,Demo cycle 032: retained pnl record for NVDA.
2025-08-16T08:00:00,95.3266,-0.003,-7704.11,-834447.47,786.22,343.73,0.25428,0.6969,4.358,1.6763,0.2652,0.8319,JPM,0.698,2.298,10.798,13.198,4.699,0.54,1.399,9.398,0.73,1.499,0.078,0.094,7.01,10.01,10.5,5.1,2.4,,300,0.041,The decision used an older recorded fundamental snapshot.,,observation,observation-033,,2025-08-16T08:00:00,,,,,,,,Demo cycle 033: retained observation record for JPM.
2025-08-16T08:05:00,95.3266,-0.003,-7704.11,-842151.58,786.22,343.73,0.25428,0.6969,4.358,1.6763,0.2652,0.8319,JPM,0.698,2.298,10.798,13.198,4.699,0.54,1.399,9.398,0.73,1.499,0.078,0.094,7.01,10.01,10.5,5.1,2.4,BUY,300,0.041,The decision used an older recorded fundamental snapshot.,,decision,decision-033,observation-033,2025-08-16T08:05:00,2025-08-16T08:05:00,demo-mixed-fundamental-alpha,2025.08-demo,fundamental-ranker-2.1,features-033,,,BUY JPM: The decision used an older recorded fundamental snapshot.
2025-08-16T08:10:00,95.3266,-0.003,-7704.11,-849855.69,786.22,343.73,0.25428,0.6969,4.358,1.6763,0.2652,0.8319,JPM,0.698,2.298,10.798,13.198,4.699,0.54,1.399,9.398,0.73,1.499,0.078,0.094,7.01,10.01,10.5,5.1,2.4,,300,0.041,The decision used an older recorded fundamental snapshot.,300,target,target-033,decision-033,2025-08-16T08:10:00,,,,,,,,Demo cycle 033: retained target record for JPM.
2025-08-16T08:15:00,95.3266,-0.003,-7704.11,-857559.8,786.22,343.73,0.25428,0.6969,4.358,1.6763,0.2652,0.8319,JPM,0.698,2.298,10.798,13.198,4.699,0.54,1.399,9.398,0.73,1.499,0.078,0.094,7.01,10.01,10.5,5.1,2.4,,300,0.041,The decision used an older recorded fundamental snapshot.,,fill,fill-033,target-033,2025-08-16T08:15:00,,,,,,100,,Demo cycle 033: retained fill record for JPM.
2025-08-16T08:20:00,95.3266,-0.003,-7704.11,-865263.91,786.22,343.73,0.25428,0.6969,4.358,1.6763,0.2652,0.8319,JPM,0.698,2.298,10.798,13.198,4.699,0.54,1.399,9.398,0.73,1.499,0.078,0.094,7.01,10.01,10.5,5.1,2.4,,300,0.041,The decision used an older recorded fundamental snapshot.,,position,position-033,fill-033,2025-08-16T08:20:00,,,,,,,300,Demo cycle 033: retained position record for JPM.
2025-08-16T08:25:00,95.3266,-0.003,-7704.11,-872968.02,786.22,343.73,0.25428,0.6969,4.358,1.6763,0.2652,0.8319,JPM,0.698,2.298,10.798,13.198,4.699,0.54,1.399,9.398,0.73,1.499,0.078,0.094,7.01,10.01,10.5,5.1,2.4,,300,0.041,The decision used an older recorded fundamental snapshot.,,pnl,pnl-033,position-033,2025-08-16T08:25:00,,,,,,,,Demo cycle 033: retained pnl record for JPM.
2025-08-16T08:30:00,94.5719,-0.010014,-6569.48,-879537.5,763.83,622.85,0.28448,0.7278,4.646,1.7995,0.27,0.8036,XOM,0.563,2.163,10.663,13.063,4.654,0.533,4.466,2.463,0.716,1.454,0.077,0.093,7.55,10.55,1.14,0.47,0.35,,300,0.041,The existing long target remained despite worsening debt-service risk.,,observation,observation-034,,2025-08-16T08:30:00,,,,,,,,Demo cycle 034: retained observation record for XOM.
2025-08-16T08:35:00,94.5719,-0.010014,-6569.48,-886106.98,763.83,622.85,0.28448,0.7278,4.646,1.7995,0.27,0.8036,XOM,0.563,2.163,10.663,13.063,4.654,0.533,4.466,2.463,0.716,1.454,0.077,0.093,7.55,10.55,1.14,0.47,0.35,BUY,300,0.041,The existing long target remained despite worsening debt-service risk.,,decision,decision-034,observation-034,2025-08-16T08:35:00,2025-08-16T08:35:00,demo-mixed-fundamental-alpha,2025.08-demo,fundamental-ranker-2.1,features-034,,,BUY XOM: The existing long target remained despite worsening debt-service risk.
2025-08-16T08:40:00,94.5719,-0.010014,-6569.48,-892676.46,763.83,622.85,0.28448,0.7278,4.646,1.7995,0.27,0.8036,XOM,0.563,2.163,10.663,13.063,4.654,0.533,4.466,2.463,0.716,1.454,0.077,0.093,7.55,10.55,1.14,0.47,0.35,,300,0.041,The existing long target remained despite worsening debt-service risk.,300,target,target-034,decision-034,2025-08-16T08:40:00,,,,,,,,Demo cycle 034: retained target record for XOM.
2025-08-16T08:45:00,94.5719,-0.010014,-6569.48,-899245.94,763.83,622.85,0.28448,0.7278,4.646,1.7995,0.27,0.8036,XOM,0.563,2.163,10.663,13.063,4.654,0.533,4.466,2.463,0.716,1.454,0.077,0.093,7.55,10.55,1.14,0.47,0.35,,300,0.041,The existing long target remained despite worsening debt-service risk.,,fill,fill-034,target-034,2025-08-16T08:45:00,,,,,,100,,Demo cycle 034: retained fill record for XOM.
2025-08-16T08:50:00,94.5719,-0.010014,-6569.48,-905815.42,763.83,622.85,0.28448,0.7278,4.646,1.7995,0.27,0.8036,XOM,0.563,2.163,10.663,13.063,4.654,0.533,4.466,2.463,0.716,1.454,0.077,0.093,7.55,10.55,1.14,0.47,0.35,,300,0.041,The existing long target remained despite worsening debt-service risk.,,position,position-034,fill-034,2025-08-16T08:50:00,,,,,,,300,Demo cycle 034: retained position record for XOM.
2025-08-16T08:55:00,94.5719,-0.010014,-6569.48,-912384.9,763.83,622.85,0.28448,0.7278,4.646,1.7995,0.27,0.8036,XOM,0.563,2.163,10.663,13.063,4.654,0.533,4.466,2.463,0.716,1.454,0.077,0.093,7.55,10.55,1.14,0.47,0.35,,300,0.041,The existing long target remained despite worsening debt-service risk.,,pnl,pnl-034,position-034,2025-08-16T08:55:00,,,,,,,,Demo cycle 034: retained pnl record for XOM.
2025-08-16T09:00:00,93.7604,-0.011018,-6858.69,-919243.59,764.47,590.83,0.28362,0.6914,4.3806,1.9188,0.246,0.6472,AAPL,-6.978,-6.878,1.822,-5.478,4.641,0.531,1.356,9.222,0.712,1.441,0.076,0.092,7.71,10.71,1.18,0.49,0.36,,400,0.041,Existing long target remained in place while the growth evidence deteriorated.,,observation,observation-035,,2025-08-16T09:00:00,,,,,,,,Demo cycle 035: retained observation record for AAPL.
2025-08-16T09:05:00,93.7604,-0.011018,-6858.69,-926102.28,764.47,590.83,0.28362,0.6914,4.3806,1.9188,0.246,0.6472,AAPL,-6.978,-6.878,1.822,-5.478,4.641,0.531,1.356,9.222,0.712,1.441,0.076,0.092,7.71,10.71,1.18,0.49,0.36,BUY,400,0.041,Existing long target remained in place while the growth evidence deteriorated.,,decision,decision-035,observation-035,2025-08-16T09:05:00,2025-08-16T09:05:00,demo-mixed-fundamental-alpha,2025.08-demo,fundamental-ranker-2.1,features-035,,,BUY AAPL: Existing long target remained in place while the growth evidence deteriorated.
2025-08-16T09:10:00,93.7604,-0.011018,-6858.69,-932960.97,764.47,590.83,0.28362,0.6914,4.3806,1.9188,0.246,0.6472,AAPL,-6.978,-6.878,1.822,-5.478,4.641,0.531,1.356,9.222,0.712,1.441,0.076,0.092,7.71,10.71,1.18,0.49,0.36,,400,0.041,Existing long target remained in place while the growth evidence deteriorated.,400,target,target-035,decision-035,2025-08-16T09:10:00,,,,,,,,Demo cycle 035: retained target record for AAPL.
2025-08-16T09:15:00,93.7604,-0.011018,-6858.69,-939819.66,764.47,590.83,0.28362,0.6914,4.3806,1.9188,0.246,0.6472,AAPL,-6.978,-6.878,1.822,-5.478,4.641,0.531,1.356,9.222,0.712,1.441,0.076,0.092,7.71,10.71,1.18,0.49,0.36,,400,0.041,Existing long target remained in place while the growth evidence deteriorated.,,fill,fill-035,target-035,2025-08-16T09:15:00,,,,,,100,,Demo cycle 035: retained fill record for AAPL.
2025-08-16T09:20:00,93.7604,-0.011018,-6858.69,-946678.35,764.47,590.83,0.28362,0.6914,4.3806,1.9188,0.246,0.6472,AAPL,-6.978,-6.878,1.822,-5.478,4.641,0.531,1.356,9.222,0.712,1.441,0.076,0.092,7.71,10.71,1.18,0.49,0.36,,400,0.041,Existing long target remained in place while the growth evidence deteriorated.,,position,position-035,fill-035,2025-08-16T09:20:00,,,,,,,400,Demo cycle 035: retained position record for AAPL.
2025-08-16T09:25:00,93.7604,-0.011018,-6858.69,-953537.04,764.47,590.83,0.28362,0.6914,4.3806,1.9188,0.246,0.6472,AAPL,-6.978,-6.878,1.822,-5.478,4.641,0.531,1.356,9.222,0.712,1.441,0.076,0.092,7.71,10.71,1.18,0.49,0.36,,400,0.041,Existing long target remained in place while the growth evidence deteriorated.,,pnl,pnl-035,position-035,2025-08-16T09:25:00,,,,,,,,Demo cycle 035: retained pnl record for AAPL.
2025-08-16T09:30:00,93.6244,-0.01501,-8811.42,-962348.46,766.86,447.18,0.2804,0.5734,5.1666,2.0368,0.2782,0.8225,MSFT,0.605,2.205,10.705,13.105,4.668,0.535,1.376,9.305,0.1,0.368,-0.033,-0.057,7.38,10.38,1.1,0.45,0.33,,400,0.023,The model still held the name although the alpha ranking was decaying.,,observation,observation-036,,2025-08-16T09:30:00,,,,,,,,Demo cycle 036: retained observation record for MSFT.
2025-08-16T09:35:00,93.6244,-0.01501,-8811.42,-971159.88,766.86,447.18,0.2804,0.5734,5.1666,2.0368,0.2782,0.8225,MSFT,0.605,2.205,10.705,13.105,4.668,0.535,1.376,9.305,0.1,0.368,-0.033,-0.057,7.38,10.38,1.1,0.45,0.33,BUY,400,0.023,The model still held the name although the alpha ranking was decaying.,,decision,decision-036,observation-036,2025-08-16T09:35:00,2025-08-16T09:35:00,demo-mixed-fundamental-alpha,2025.08-demo,fundamental-ranker-2.1,features-036,,,BUY MSFT: The model still held the name although the alpha ranking was decaying.
2025-08-16T09:40:00,93.6244,-0.01501,-8811.42,-979971.3,766.86,447.18,0.2804,0.5734,5.1666,2.0368,0.2782,0.8225,MSFT,0.605,2.205,10.705,13.105,4.668,0.535,1.376,9.305,0.1,0.368,-0.033,-0.057,7.38,10.38,1.1,0.45,0.33,,400,0.023,The model still held the name although the alpha ranking was decaying.,400,target,target-036,decision-036,2025-08-16T09:40:00,,,,,,,,Demo cycle 036: retained target record for MSFT.
2025-08-16T09:45:00,93.6244,-0.01501,-8811.42,-988782.72,766.86,447.18,0.2804,0.5734,5.1666,2.0368,0.2782,0.8225,MSFT,0.605,2.205,10.705,13.105,4.668,0.535,1.376,9.305,0.1,0.368,-0.033,-0.057,7.38,10.38,1.1,0.45,0.33,,400,0.023,The model still held the name although the alpha ranking was decaying.,,fill,fill-036,target-036,2025-08-16T09:45:00,,,,,,100,,Demo cycle 036: retained fill record for MSFT.
2025-08-16T09:50:00,93.6244,-0.01501,-8811.42,-997594.14,766.86,447.18,0.2804,0.5734,5.1666,2.0368,0.2782,0.8225,MSFT,0.605,2.205,10.705,13.105,4.668,0.535,1.376,9.305,0.1,0.368,-0.033,-0.057,7.38,10.38,1.1,0.45,0.33,,400,0.023,The model still held the name although the alpha ranking was decaying.,,position,position-036,fill-036,2025-08-16T09:50:00,,,,,,,400,Demo cycle 036: retained position record for MSFT.
2025-08-16T09:55:00,93.6244,-0.01501,-8811.42,-1006405.56,766.86,447.18,0.2804,0.5734,5.1666,2.0368,0.2782,0.8225,MSFT,0.605,2.205,10.705,13.105,4.668,0.535,1.376,9.305,0.1,0.368,-0.033,-0.057,7.38,10.38,1.1,0.45,0.33,,400,0.023,The model still held the name although the alpha ranking was decaying.,,pnl,pnl-036,position-036,2025-08-16T09:55:00,,,,,,,,Demo cycle 036: retained pnl record for MSFT.
2025-08-16T10:00:00,93.0525,-0.000995,-11109.94,-1017515.5,753.03,522.2,0.29904,0.5901,4.9687,1.9262,0.2267,0.7552,NVDA,0.753,2.353,10.853,13.253,4.718,0.543,1.413,9.453,0.735,1.518,0.079,0.095,101.21,118.21,1.05,0.43,0.32,,400,0.041,Target remained positive; realised weight diverged from the recorded target.,,observation,observation-037,,2025-08-16T10:00:00,,,,,,,,Demo cycle 037: retained observation record for NVDA.
2025-08-16T10:05:00,93.0525,-0.000995,-11109.94,-1028625.44,753.03,522.2,0.29904,0.5901,4.9687,1.9262,0.2267,0.7552,NVDA,0.753,2.353,10.853,13.253,4.718,0.543,1.413,9.453,0.735,1.518,0.079,0.095,101.21,118.21,1.05,0.43,0.32,BUY,400,0.041,Target remained positive; realised weight diverged from the recorded target.,,decision,decision-037,observation-037,2025-08-16T10:05:00,2025-08-16T10:05:00,demo-mixed-fundamental-alpha,2025.08-demo,fundamental-ranker-2.1,features-037,,,BUY NVDA: Target remained positive; realised weight diverged from the recorded target.
2025-08-16T10:10:00,93.0525,-0.000995,-11109.94,-1039735.38,753.03,522.2,0.29904,0.5901,4.9687,1.9262,0.2267,0.7552,NVDA,0.753,2.353,10.853,13.253,4.718,0.543,1.413,9.453,0.735,1.518,0.079,0.095,101.21,118.21,1.05,0.43,0.32,,400,0.041,Target remained positive; realised weight diverged from the recorded target.,400,target,target-037,decision-037,2025-08-16T10:10:00,,,,,,,,Demo cycle 037: retained target record for NVDA.
2025-08-16T10:15:00,93.0525,-0.000995,-11109.94,-1050845.32,753.03,522.2,0.29904,0.5901,4.9687,1.9262,0.2267,0.7552,NVDA,0.753,2.353,10.853,13.253,4.718,0.543,1.413,9.453,0.735,1.518,0.079,0.095,101.21,118.21,1.05,0.43,0.32,,400,0.041,Target remained positive; realised weight diverged from the recorded target.,,fill,fill-037,target-037,2025-08-16T10:15:00,,,,,,100,,Demo cycle 037: retained fill record for NVDA.
2025-08-16T10:20:00,93.0525,-0.000995,-11109.94,-1061955.26,753.03,522.2,0.29904,0.5901,4.9687,1.9262,0.2267,0.7552,NVDA,0.753,2.353,10.853,13.253,4.718,0.543,1.413,9.453,0.735,1.518,0.079,0.095,101.21,118.21,1.05,0.43,0.32,,400,0.041,Target remained positive; realised weight diverged from the recorded target.,,position,position-037,fill-037,2025-08-16T10:20:00,,,,,,,400,Demo cycle 037: retained position record for NVDA.
2025-08-16T10:25:00,93.0525,-0.000995,-11109.94,-1073065.2,753.03,522.2,0.29904,0.5901,4.9687,1.9262,0.2267,0.7552,NVDA,0.753,2.353,10.853,13.253,4.718,0.543,1.413,9.453,0.735,1.518,0.079,0.095,101.21,118.21,1.05,0.43,0.32,,400,0.041,Target remained positive; realised weight diverged from the recorded target.,,pnl,pnl-037,position-037,2025-08-16T10:25:00,,,,,,,,Demo cycle 037: retained pnl record for NVDA.
2025-08-16T10:30:00,92.9562,-0.002984,-7379.31,-1080444.51,739.7,1036.66,0.31702,0.5929,5.4148,2.1164,0.16,0.6882,JPM,0.865,2.465,10.965,13.365,4.755,0.548,1.441,9.565,0.746,1.555,0.08,0.096,7.66,10.66,10.66,5.18,2.45,,400,0.041,The decision used an older recorded fundamental snapshot.,,observation,observation-038,,2025-08-16T10:30:00,,,,,,,,Demo cycle 038: retained observation record for JPM.
2025-08-16T10:35:00,92.9562,-0.002984,-7379.31,-1087823.82,739.7,1036.66,0.31702,0.5929,5.4148,2.1164,0.16,0.6882,JPM,0.865,2.465,10.965,13.365,4.755,0.548,1.441,9.565,0.746,1.555,0.08,0.096,7.66,10.66,10.66,5.18,2.45,BUY,400,0.041,The decision used an older recorded fundamental snapshot.,,decision,decision-038,observation-038,2025-08-16T10:35:00,2025-08-16T10:35:00,demo-mixed-fundamental-alpha,2025.08-demo,fundamental-ranker-2.1,features-038,,,BUY JPM: The decision used an older recorded fundamental snapshot.
2025-08-16T10:40:00,92.9562,-0.002984,-7379.31,-1095203.13,739.7,1036.66,0.31702,0.5929,5.4148,2.1164,0.16,0.6882,JPM,0.865,2.465,10.965,13.365,4.755,0.548,1.441,9.565,0.746,1.555,0.08,0.096,7.66,10.66,10.66,5.18,2.45,,400,0.041,The decision used an older recorded fundamental snapshot.,400,target,target-038,decision-038,2025-08-16T10:40:00,,,,,,,,Demo cycle 038: retained target record for JPM.
2025-08-16T10:45:00,92.9562,-0.002984,-7379.31,-1102582.44,739.7,1036.66,0.31702,0.5929,5.4148,2.1164,0.16,0.6882,JPM,0.865,2.465,10.965,13.365,4.755,0.548,1.441,9.565,0.746,1.555,0.08,0.096,7.66,10.66,10.66,5.18,2.45,,400,0.041,The decision used an older recorded fundamental snapshot.,,fill,fill-038,target-038,2025-08-16T10:45:00,,,,,,100,,Demo cycle 038: retained fill record for JPM.
2025-08-16T10:50:00,92.9562,-0.002984,-7379.31,-1109961.75,739.7,1036.66,0.31702,0.5929,5.4148,2.1164,0.16,0.6882,JPM,0.865,2.465,10.965,13.365,4.755,0.548,1.441,9.565,0.746,1.555,0.08,0.096,7.66,10.66,10.66,5.18,2.45,,400,0.041,The decision used an older recorded fundamental snapshot.,,position,position-038,fill-038,2025-08-16T10:50:00,,,,,,,400,Demo cycle 038: retained position record for JPM.
2025-08-16T10:55:00,92.9562,-0.002984,-7379.31,-1117341.06,739.7,1036.66,0.31702,0.5929,5.4148,2.1164,0.16,0.6882,JPM,0.865,2.465,10.965,13.365,4.755,0.548,1.441,9.565,0.746,1.555,0.08,0.096,7.66,10.66,10.66,5.18,2.45,,400,0.041,The decision used an older recorded fundamental snapshot.,,pnl,pnl-038,position-038,2025-08-16T10:55:00,,,,,,,,Demo cycle 038: retained pnl record for JPM.
2025-08-16T11:00:00,92.1908,-0.009984,-6481.57,-1123822.63,742.76,916.84,0.31289,0.5847,5.3177,2.0109,0.2595,0.6818,XOM,0.863,2.463,10.963,13.363,4.754,0.548,4.541,2.763,0.746,1.554,0.08,0.096,7.65,10.65,1.16,0.48,0.35,,400,0.041,The existing long target remained despite worsening debt-service risk.,,observation,observation-039,,2025-08-16T11:00:00,,,,,,,,Demo cycle 039: retained observation record for XOM.
2025-08-16T11:05:00,92.1908,-0.009984,-6481.57,-1130304.2,742.76,916.84,0.31289,0.5847,5.3177,2.0109,0.2595,0.6818,XOM,0.863,2.463,10.963,13.363,4.754,0.548,4.541,2.763,0.746,1.554,0.08,0.096,7.65,10.65,1.16,0.48,0.35,BUY,400,0.041,The existing long target remained despite worsening debt-service risk.,,decision,decision-039,observation-039,2025-08-16T11:05:00,2025-08-16T11:05:00,demo-mixed-fundamental-alpha,2025.08-demo,fundamental-ranker-2.1,features-039,,,BUY XOM: The existing long target remained despite worsening debt-service risk.
2025-08-16T11:10:00,92.1908,-0.009984,-6481.57,-1136785.77,742.76,916.84,0.31289,0.5847,5.3177,2.0109,0.2595,0.6818,XOM,0.863,2.463,10.963,13.363,4.754,0.548,4.541,2.763,0.746,1.554,0.08,0.096,7.65,10.65,1.16,0.48,0.35,,400,0.041,The existing long target remained despite worsening debt-service risk.,400,target,target-039,decision-039,2025-08-16T11:10:00,,,,,,,,Demo cycle 039: retained target record for XOM.
2025-08-16T11:15:00,92.1908,-0.009984,-6481.57,-1143267.34,742.76,916.84,0.31289,0.5847,5.3177,2.0109,0.2595,0.6818,XOM,0.863,2.463,10.963,13.363,4.754,0.548,4.541,2.763,0.746,1.554,0.08,0.096,7.65,10.65,1.16,0.48,0.35,,400,0.041,The existing long target remained despite worsening debt-service risk.,,fill,fill-039,target-039,2025-08-16T11:15:00,,,,,,100,,Demo cycle 039: retained fill record for XOM.
2025-08-16T11:20:00,92.1908,-0.009984,-6481.57,-1149748.91,742.76,916.84,0.31289,0.5847,5.3177,2.0109,0.2595,0.6818,XOM,0.863,2.463,10.963,13.363,4.754,0.548,4.541,2.763,0.746,1.554,0.08,0.096,7.65,10.65,1.16,0.48,0.35,,400,0.041,The existing long target remained despite worsening debt-service risk.,,position,position-039,fill-039,2025-08-16T11:20:00,,,,,,,400,Demo cycle 039: retained position record for XOM.
2025-08-16T11:25:00,92.1908,-0.009984,-6481.57,-1156230.48,742.76,916.84,0.31289,0.5847,5.3177,2.0109,0.2595,0.6818,XOM,0.863,2.463,10.963,13.363,4.754,0.548,4.541,2.763,0.746,1.554,0.08,0.096,7.65,10.65,1.16,0.48,0.35,,400,0.041,The existing long target remained despite worsening debt-service risk.,,pnl,pnl-039,position-039,2025-08-16T11:25:00,,,,,,,,Demo cycle 039: retained pnl record for XOM.
2025-08-16T11:30:00,91.7914,-0.010995,-7152.83,-1163383.31,754.1,596.82,0.2976,0.575,5.3588,2.0689,0.3285,0.7785,AAPL,-6.752,-6.652,2.048,-5.252,4.716,0.542,1.412,9.448,0.735,1.516,0.078,0.094,7.19,10.19,1.05,0.42,0.32,,400,0.041,The model kept the existing position because the retained signals did not cross its buy or sell threshold.,,observation,observation-040,,2025-08-16T11:30:00,,,,,,,,Demo cycle 040: retained observation record for AAPL.
2025-08-16T11:35:00,91.7914,-0.010995,-7152.83,-1170536.14,754.1,596.82,0.2976,0.575,5.3588,2.0689,0.3285,0.7785,AAPL,-6.752,-6.652,2.048,-5.252,4.716,0.542,1.412,9.448,0.735,1.516,0.078,0.094,7.19,10.19,1.05,0.42,0.32,HOLD,400,0.041,The model kept the existing position because the retained signals did not cross its buy or sell threshold.,,decision,decision-040,observation-040,2025-08-16T11:35:00,2025-08-16T11:35:00,demo-mixed-fundamental-alpha,2025.08-demo,fundamental-ranker-2.1,features-040,,,HOLD AAPL: The model kept the existing position because the retained signals did not cross its buy or sell threshold.
2025-08-16T11:40:00,91.7914,-0.010995,-7152.83,-1177688.97,754.1,596.82,0.2976,0.575,5.3588,2.0689,0.3285,0.7785,AAPL,-6.752,-6.652,2.048,-5.252,4.716,0.542,1.412,9.448,0.735,1.516,0.078,0.094,7.19,10.19,1.05,0.42,0.32,,400,0.041,The model kept the existing position because the retained signals did not cross its buy or sell threshold.,400,target,target-040,decision-040,2025-08-16T11:40:00,,,,,,,,Demo cycle 040: retained target record for AAPL.
2025-08-16T11:45:00,91.7914,-0.010995,-7152.83,-1184841.8,754.1,596.82,0.2976,0.575,5.3588,2.0689,0.3285,0.7785,AAPL,-6.752,-6.652,2.048,-5.252,4.716,0.542,1.412,9.448,0.735,1.516,0.078,0.094,7.19,10.19,1.05,0.42,0.32,,400,0.041,The model kept the existing position because the retained signals did not cross its buy or sell threshold.,,fill,fill-040,target-040,2025-08-16T11:45:00,,,,,,0,,Demo cycle 040: retained fill record for AAPL.
2025-08-16T11:50:00,91.7914,-0.010995,-7152.83,-1191994.63,754.1,596.82,0.2976,0.575,5.3588,2.0689,0.3285,0.7785,AAPL,-6.752,-6.652,2.048,-5.252,4.716,0.542,1.412,9.448,0.735,1.516,0.078,0.094,7.19,10.19,1.05,0.42,0.32,,400,0.041,The model kept the existing position because the retained signals did not cross its buy or sell threshold.,,position,position-040,fill-040,2025-08-16T11:50:00,,,,,,,400,Demo cycle 040: retained position record for AAPL.
2025-08-16T11:55:00,91.7914,-0.010995,-7152.83,-1199147.46,754.1,596.82,0.2976,0.575,5.3588,2.0689,0.3285,0.7785,AAPL,-6.752,-6.652,2.048,-5.252,4.716,0.542,1.412,9.448,0.735,1.516,0.078,0.094,7.19,10.19,1.05,0.42,0.32,,400,0.041,The model kept the existing position because the retained signals did not cross its buy or sell threshold.,,pnl,pnl-040,position-040,2025-08-16T11:55:00,,,,,,,,Demo cycle 040: retained pnl record for AAPL.
2025-08-16T12:00:00,91.9745,-0.01501,-8927.22,-1208074.68,754.15,470.04,0.29753,0.551,5.1601,1.9783,0.251,0.7628,MSFT,0.601,2.201,10.701,13.101,4.667,0.535,1.375,9.301,0.1,0.367,-0.033,-0.057,7.4,10.4,1.1,0.45,0.33,,400,0.023,The model kept the existing position because the retained signals did not cross its buy or sell threshold.,,observation,observation-041,,2025-08-16T12:00:00,,,,,,,,Demo cycle 041: retained observation record for MSFT.
2025-08-16T12:05:00,91.9745,-0.01501,-8927.22,-1217001.9,754.15,470.04,0.29753,0.551,5.1601,1.9783,0.251,0.7628,MSFT,0.601,2.201,10.701,13.101,4.667,0.535,1.375,9.301,0.1,0.367,-0.033,-0.057,7.4,10.4,1.1,0.45,0.33,HOLD,400,0.023,The model kept the existing position because the retained signals did not cross its buy or sell threshold.,,decision,decision-041,observation-041,2025-08-16T12:05:00,2025-08-16T12:05:00,demo-mixed-fundamental-alpha,2025.08-demo,fundamental-ranker-2.1,features-041,,,HOLD MSFT: The model kept the existing position because the retained signals did not cross its buy or sell threshold.
2025-08-16T12:10:00,91.9745,-0.01501,-8927.22,-1225929.12,754.15,470.04,0.29753,0.551,5.1601,1.9783,0.251,0.7628,MSFT,0.601,2.201,10.701,13.101,4.667,0.535,1.375,9.301,0.1,0.367,-0.033,-0.057,7.4,10.4,1.1,0.45,0.33,,400,0.023,The model kept the existing position because the retained signals did not cross its buy or sell threshold.,400,target,target-041,decision-041,2025-08-16T12:10:00,,,,,,,,Demo cycle 041: retained target record for MSFT.
2025-08-16T12:15:00,91.9745,-0.01501,-8927.22,-1234856.34,754.15,470.04,0.29753,0.551,5.1601,1.9783,0.251,0.7628,MSFT,0.601,2.201,10.701,13.101,4.667,0.535,1.375,9.301,0.1,0.367,-0.033,-0.057,7.4,10.4,1.1,0.45,0.33,,400,0.023,The model kept the existing position because the retained signals did not cross its buy or sell threshold.,,fill,fill-041,target-041,2025-08-16T12:15:00,,,,,,0,,Demo cycle 041: retained fill record for MSFT.
2025-08-16T12:20:00,91.9745,-0.01501,-8927.22,-1243783.56,754.15,470.04,0.29753,0.551,5.1601,1.9783,0.251,0.7628,MSFT,0.601,2.201,10.701,13.101,4.667,0.535,1.375,9.301,0.1,0.367,-0.033,-0.057,7.4,10.4,1.1,0.45,0.33,,400,0.023,The model kept the existing position because the retained signals did not cross its buy or sell threshold.,,position,position-041,fill-041,2025-08-16T12:20:00,,,,,,,400,Demo cycle 041: retained position record for MSFT.
2025-08-16T12:25:00,91.9745,-0.01501,-8927.22,-1252710.78,754.15,470.04,0.29753,0.551,5.1601,1.9783,0.251,0.7628,MSFT,0.601,2.201,10.701,13.101,4.667,0.535,1.375,9.301,0.1,0.367,-0.033,-0.057,7.4,10.4,1.1,0.45,0.33,,400,0.023,The model kept the existing position because the retained signals did not cross its buy or sell threshold.,,pnl,pnl-041,position-041,2025-08-16T12:25:00,,,,,,,,Demo cycle 041: retained pnl record for MSFT.
2025-08-16T12:30:00,92.5231,-0.001018,-10832.42,-1263543.2,750.0,751.48,0.30312,0.5687,4.9294,1.7777,0.1873,0.5811,NVDA,0.521,2.121,10.621,13.021,4.64,0.531,1.355,9.221,0.712,1.44,0.076,0.092,101.71,118.71,1.18,0.49,0.36,,400,0.041,The model kept the existing position because the retained signals did not cross its buy or sell threshold.,,observation,observation-042,,2025-08-16T12:30:00,,,,,,,,Demo cycle 042: retained observation record for NVDA.
2025-08-16T12:35:00,92.5231,-0.001018,-10832.42,-1274375.62,750.0,751.48,0.30312,0.5687,4.9294,1.7777,0.1873,0.5811,NVDA,0.521,2.121,10.621,13.021,4.64,0.531,1.355,9.221,0.712,1.44,0.076,0.092,101.71,118.71,1.18,0.49,0.36,HOLD,400,0.041,The model kept the existing position because the retained signals did not cross its buy or sell threshold.,,decision,decision-042,observation-042,2025-08-16T12:35:00,2025-08-16T12:35:00,demo-mixed-fundamental-alpha,2025.08-demo,fundamental-ranker-2.1,features-042,,,HOLD NVDA: The model kept the existing position because the retained signals did not cross its buy or sell threshold.
2025-08-16T12:40:00,92.5231,-0.001018,-10832.42,-1285208.04,750.0,751.48,0.30312,0.5687,4.9294,1.7777,0.1873,0.5811,NVDA,0.521,2.121,10.621,13.021,4.64,0.531,1.355,9.221,0.712,1.44,0.076,0.092,101.71,118.71,1.18,0.49,0.36,,400,0.041,The model kept the existing position because the retained signals did not cross its buy or sell threshold.,400,target,target-042,decision-042,2025-08-16T12:40:00,,,,,,,,Demo cycle 042: retained target record for NVDA.
2025-08-16T12:45:00,92.5231,-0.001018,-10832.42,-1296040.46,750.0,751.48,0.30312,0.5687,4.9294,1.7777,0.1873,0.5811,NVDA,0.521,2.121,10.621,13.021,4.64,0.531,1.355,9.221,0.712,1.44,0.076,0.092,101.71,118.71,1.18,0.49,0.36,,400,0.041,The model kept the existing position because the retained signals did not cross its buy or sell threshold.,,fill,fill-042,target-042,2025-08-16T12:45:00,,,,,,0,,Demo cycle 042: retained fill record for NVDA.
2025-08-16T12:50:00,92.5231,-0.001018,-10832.42,-1306872.88,750.0,751.48,0.30312,0.5687,4.9294,1.7777,0.1873,0.5811,NVDA,0.521,2.121,10.621,13.021,4.64,0.531,1.355,9.221,0.712,1.44,0.076,0.092,101.71,118.71,1.18,0.49,0.36,,400,0.041,The model kept the existing position because the retained signals did not cross its buy or sell threshold.,,position,position-042,fill-042,2025-08-16T12:50:00,,,,,,,400,Demo cycle 042: retained position record for NVDA.
2025-08-16T12:55:00,92.5231,-0.001018,-10832.42,-1317705.3,750.0,751.48,0.30312,0.5687,4.9294,1.7777,0.1873,0.5811,NVDA,0.521,2.121,10.621,13.021,4.64,0.531,1.355,9.221,0.712,1.44,0.076,0.092,101.71,118.71,1.18,0.49,0.36,,400,0.041,The model kept the existing position because the retained signals did not cross its buy or sell threshold.,,pnl,pnl-042,position-042,2025-08-16T12:55:00,,,,,,,,Demo cycle 042: retained pnl record for NVDA.
2025-08-16T13:00:00,92.9644,-0.003013,-7238.31,-1324943.61,767.24,354.75,0.27989,0.6244,4.966,1.8034,0.3002,0.6038,JPM,0.566,2.166,10.666,13.066,4.655,0.533,1.366,9.266,0.717,1.455,0.077,0.093,7.54,10.54,10.63,5.17,2.44,,400,0.041,The model kept the existing position because the retained signals did not cross its buy or sell threshold.,,observation,observation-043,,2025-08-16T13:00:00,,,,,,,,Demo cycle 043: retained observation record for JPM.
2025-08-16T13:05:00,92.9644,-0.003013,-7238.31,-1332181.92,767.24,354.75,0.27989,0.6244,4.966,1.8034,0.3002,0.6038,JPM,0.566,2.166,10.666,13.066,4.655,0.533,1.366,9.266,0.717,1.455,0.077,0.093,7.54,10.54,10.63,5.17,2.44,HOLD,400,0.041,The model kept the existing position because the retained signals did not cross its buy or sell threshold.,,decision,decision-043,observation-043,2025-08-16T13:05:00,2025-08-16T13:05:00,demo-mixed-fundamental-alpha,2025.08-demo,fundamental-ranker-2.1,features-043,,,HOLD JPM: The model kept the existing position because the retained signals did not cross its buy or sell threshold.
2025-08-16T13:10:00,92.9644,-0.003013,-7238.31,-1339420.23,767.24,354.75,0.27989,0.6244,4.966,1.8034,0.3002,0.6038,JPM,0.566,2.166,10.666,13.066,4.655,0.533,1.366,9.266,0.717,1.455,0.077,0.093,7.54,10.54,10.63,5.17,2.44,,400,0.041,The model kept the existing position because the retained signals did not cross its buy or sell threshold.,400,target,target-043,decision-043,2025-08-16T13:10:00,,,,,,,,Demo cycle 043: retained target record for JPM.
2025-08-16T13:15:00,92.9644,-0.003013,-7238.31,-1346658.54,767.24,354.75,0.27989,0.6244,4.966,1.8034,0.3002,0.6038,JPM,0.566,2.166,10.666,13.066,4.655,0.533,1.366,9.266,0.717,1.455,0.077,0.093,7.54,10.54,10.63,5.17,2.44,,400,0.041,The model kept the existing position because the retained signals did not cross its buy or sell threshold.,,fill,fill-043,target-043,2025-08-16T13:15:00,,,,,,0,,Demo cycle 043: retained fill record for JPM.
2025-08-16T13:20:00,92.9644,-0.003013,-7238.31,-1353896.85,767.24,354.75,0.27989,0.6244,4.966,1.8034,0.3002,0.6038,JPM,0.566,2.166,10.666,13.066,4.655,0.533,1.366,9.266,0.717,1.455,0.077,0.093,7.54,10.54,10.63,5.17,2.44,,400,0.041,The model kept the existing position because the retained signals did not cross its buy or sell threshold.,,position,position-043,fill-043,2025-08-16T13:20:00,,,,,,,400,Demo cycle 043: retained position record for JPM.
2025-08-16T13:25:00,92.9644,-0.003013,-7238.31,-1361135.16,767.24,354.75,0.27989,0.6244,4.966,1.8034,0.3002,0.6038,JPM,0.566,2.166,10.666,13.066,4.655,0.533,1.366,9.266,0.717,1.455,0.077,0.093,7.54,10.54,10.63,5.17,2.44,,400,0.041,The model kept the existing position because the retained signals did not cross its buy or sell threshold.,,pnl,pnl-043,position-043,2025-08-16T13:25:00,,,,,,,,Demo cycle 043: retained pnl record for JPM.
2025-08-16T13:30:00,94.1444,-0.01,-6757.29,-1367892.45,761.72,799.52,0.28732,0.5425,5.1931,1.9993,0.2164,0.6792,XOM,0.703,2.303,10.803,13.203,4.701,0.54,4.501,2.603,0.73,1.501,0.078,0.094,7.01,10.01,1.0,0.4,0.3,,400,0.041,The model kept the existing position because the retained signals did not cross its buy or sell threshold.,,observation,observation-044,,2025-08-16T13:30:00,,,,,,,,Demo cycle 044: retained observation record for XOM.
2025-08-16T13:35:00,94.1444,-0.01,-6757.29,-1374649.74,761.72,799.52,0.28732,0.5425,5.1931,1.9993,0.2164,0.6792,XOM,0.703,2.303,10.803,13.203,4.701,0.54,4.501,2.603,0.73,1.501,0.078,0.094,7.01,10.01,1.0,0.4,0.3,HOLD,400,0.041,The model kept the existing position because the retained signals did not cross its buy or sell threshold.,,decision,decision-044,observation-044,2025-08-16T13:35:00,2025-08-16T13:35:00,demo-mixed-fundamental-alpha,2025.08-demo,fundamental-ranker-2.1,features-044,,,HOLD XOM: The model kept the existing position because the retained signals did not cross its buy or sell threshold.
2025-08-16T13:40:00,94.1444,-0.01,-6757.29,-1381407.03,761.72,799.52,0.28732,0.5425,5.1931,1.9993,0.2164,0.6792,XOM,0.703,2.303,10.803,13.203,4.701,0.54,4.501,2.603,0.73,1.501,0.078,0.094,7.01,10.01,1.0,0.4,0.3,,400,0.041,The model kept the existing position because the retained signals did not cross its buy or sell threshold.,400,target,target-044,decision-044,2025-08-16T13:40:00,,,,,,,,Demo cycle 044: retained target record for XOM.
2025-08-16T13:45:00,94.1444,-0.01,-6757.29,-1388164.32,761.72,799.52,0.28732,0.5425,5.1931,1.9993,0.2164,0.6792,XOM,0.703,2.303,10.803,13.203,4.701,0.54,4.501,2.603,0.73,1.501,0.078,0.094,7.01,10.01,1.0,0.4,0.3,,400,0.041,The model kept the existing position because the retained signals did not cross its buy or sell threshold.,,fill,fill-044,target-044,2025-08-16T13:45:00,,,,,,0,,Demo cycle 044: retained fill record for XOM.
2025-08-16T13:50:00,94.1444,-0.01,-6757.29,-1394921.61,761.72,799.52,0.28732,0.5425,5.1931,1.9993,0.2164,0.6792,XOM,0.703,2.303,10.803,13.203,4.701,0.54,4.501,2.603,0.73,1.501,0.078,0.094,7.01,10.01,1.0,0.4,0.3,,400,0.041,The model kept the existing position because the retained signals did not cross its buy or sell threshold.,,position,position-044,fill-044,2025-08-16T13:50:00,,,,,,,400,Demo cycle 044: retained position record for XOM.
2025-08-16T13:55:00,94.1444,-0.01,-6757.29,-1401678.9,761.72,799.52,0.28732,0.5425,5.1931,1.9993,0.2164,0.6792,XOM,0.703,2.303,10.803,13.203,4.701,0.54,4.501,2.603,0.73,1.501,0.078,0.094,7.01,10.01,1.0,0.4,0.3,,400,0.041,The model kept the existing position because the retained signals did not cross its buy or sell threshold.,,pnl,pnl-044,position-044,2025-08-16T13:55:00,,,,,,,,Demo cycle 044: retained pnl record for XOM.
2025-08-16T14:00:00,94.2345,-0.010986,-7342.56,-1409021.46,762.69,1107.64,0.28602,0.6707,4.6006,1.8377,0.2167,0.745,AAPL,-6.662,-6.562,2.138,-5.162,4.746,0.547,1.434,9.538,0.744,1.546,0.079,0.095,7.55,10.55,1.14,0.47,0.35,,500,0.041,Existing long target remained in place while the growth evidence deteriorated.,,observation,observation-045,,2025-08-16T14:00:00,,,,,,,,Demo cycle 045: retained observation record for AAPL.
2025-08-16T14:05:00,94.2345,-0.010986,-7342.56,-1416364.02,762.69,1107.64,0.28602,0.6707,4.6006,1.8377,0.2167,0.745,AAPL,-6.662,-6.562,2.138,-5.162,4.746,0.547,1.434,9.538,0.744,1.546,0.079,0.095,7.55,10.55,1.14,0.47,0.35,BUY,500,0.041,Existing long target remained in place while the growth evidence deteriorated.,,decision,decision-045,observation-045,2025-08-16T14:05:00,2025-08-16T14:05:00,demo-mixed-fundamental-alpha,2025.08-demo,fundamental-ranker-2.1,features-045,,,BUY AAPL: Existing long target remained in place while the growth evidence deteriorated.
2025-08-16T14:10:00,94.2345,-0.010986,-7342.56,-1423706.58,762.69,1107.64,0.28602,0.6707,4.6006,1.8377,0.2167,0.745,AAPL,-6.662,-6.562,2.138,-5.162,4.746,0.547,1.434,9.538,0.744,1.546,0.079,0.095,7.55,10.55,1.14,0.47,0.35,,500,0.041,Existing long target remained in place while the growth evidence deteriorated.,500,target,target-045,decision-045,2025-08-16T14:10:00,,,,,,,,Demo cycle 045: retained target record for AAPL.
2025-08-16T14:15:00,94.2345,-0.010986,-7342.56,-1431049.14,762.69,1107.64,0.28602,0.6707,4.6006,1.8377,0.2167,0.745,AAPL,-6.662,-6.562,2.138,-5.162,4.746,0.547,1.434,9.538,0.744,1.546,0.079,0.095,7.55,10.55,1.14,0.47,0.35,,500,0.041,Existing long target remained in place while the growth evidence deteriorated.,,fill,fill-045,target-045,2025-08-16T14:15:00,,,,,,100,,Demo cycle 045: retained fill record for AAPL.
2025-08-16T14:20:00,94.2345,-0.010986,-7342.56,-1438391.7,762.69,1107.64,0.28602,0.6707,4.6006,1.8377,0.2167,0.745,AAPL,-6.662,-6.562,2.138,-5.162,4.746,0.547,1.434,9.538,0.744,1.546,0.079,0.095,7.55,10.55,1.14,0.47,0.35,,500,0.041,Existing long target remained in place while the growth evidence deteriorated.,,position,position-045,fill-045,2025-08-16T14:20:00,,,,,,,500,Demo cycle 045: retained position record for AAPL.
2025-08-16T14:25:00,94.2345,-0.010986,-7342.56,-1445734.26,762.69,1107.64,0.28602,0.6707,4.6006,1.8377,0.2167,0.745,AAPL,-6.662,-6.562,2.138,-5.162,4.746,0.547,1.434,9.538,0.744,1.546,0.079,0.095,7.55,10.55,1.14,0.47,0.35,,500,0.041,Existing long target remained in place while the growth evidence deteriorated.,,pnl,pnl-045,position-045,2025-08-16T14:25:00,,,,,,,,Demo cycle 045: retained pnl record for AAPL.
2025-08-16T14:30:00,94.1629,-0.014982,-8672.9,-1454407.16,771.13,851.12,0.27464,0.7166,4.4944,1.5562,0.2684,0.5709,MSFT,0.878,2.478,10.978,13.378,4.759,0.549,1.444,9.578,0.128,0.459,-0.03,-0.054,7.71,10.71,1.18,0.49,0.36,,500,0.023,The model still held the name although the alpha ranking was decaying.,,observation,observation-046,,2025-08-16T14:30:00,,,,,,,,Demo cycle 046: retained observation record for MSFT.
2025-08-16T14:35:00,94.1629,-0.014982,-8672.9,-1463080.06,771.13,851.12,0.27464,0.7166,4.4944,1.5562,0.2684,0.5709,MSFT,0.878,2.478,10.978,13.378,4.759,0.549,1.444,9.578,0.128,0.459,-0.03,-0.054,7.71,10.71,1.18,0.49,0.36,BUY,500,0.023,The model still held the name although the alpha ranking was decaying.,,decision,decision-046,observation-046,2025-08-16T14:35:00,2025-08-16T14:35:00,demo-mixed-fundamental-alpha,2025.08-demo,fundamental-ranker-2.1,features-046,,,BUY MSFT: The model still held the name although the alpha ranking was decaying.
2025-08-16T14:40:00,94.1629,-0.014982,-8672.9,-1471752.96,771.13,851.12,0.27464,0.7166,4.4944,1.5562,0.2684,0.5709,MSFT,0.878,2.478,10.978,13.378,4.759,0.549,1.444,9.578,0.128,0.459,-0.03,-0.054,7.71,10.71,1.18,0.49,0.36,,500,0.023,The model still held the name although the alpha ranking was decaying.,500,target,target-046,decision-046,2025-08-16T14:40:00,,,,,,,,Demo cycle 046: retained target record for MSFT.
2025-08-16T14:45:00,94.1629,-0.014982,-8672.9,-1480425.86,771.13,851.12,0.27464,0.7166,4.4944,1.5562,0.2684,0.5709,MSFT,0.878,2.478,10.978,13.378,4.759,0.549,1.444,9.578,0.128,0.459,-0.03,-0.054,7.71,10.71,1.18,0.49,0.36,,500,0.023,The model still held the name although the alpha ranking was decaying.,,fill,fill-046,target-046,2025-08-16T14:45:00,,,,,,100,,Demo cycle 046: retained fill record for MSFT.
2025-08-16T14:50:00,94.1629,-0.014982,-8672.9,-1489098.76,771.13,851.12,0.27464,0.7166,4.4944,1.5562,0.2684,0.5709,MSFT,0.878,2.478,10.978,13.378,4.759,0.549,1.444,9.578,0.128,0.459,-0.03,-0.054,7.71,10.71,1.18,0.49,0.36,,500,0.023,The model still held the name although the alpha ranking was decaying.,,position,position-046,fill-046,2025-08-16T14:50:00,,,,,,,500,Demo cycle 046: retained position record for MSFT.
2025-08-16T14:55:00,94.1629,-0.014982,-8672.9,-1497771.66,771.13,851.12,0.27464,0.7166,4.4944,1.5562,0.2684,0.5709,MSFT,0.878,2.478,10.978,13.378,4.759,0.549,1.444,9.578,0.128,0.459,-0.03,-0.054,7.71,10.71,1.18,0.49,0.36,,500,0.023,The model still held the name although the alpha ranking was decaying.,,pnl,pnl-046,position-046,2025-08-16T14:55:00,,,,,,,,Demo cycle 046: retained pnl record for MSFT.
2025-08-16T15:00:00,94.6521,-0.000991,-10589.89,-1508361.55,765.23,352.47,0.28259,0.7279,4.4339,1.756,0.2647,0.6695,NVDA,0.795,2.395,10.895,13.295,4.732,0.545,1.424,9.495,0.739,1.532,0.079,0.095,101.38,118.38,1.09,0.45,0.33,,500,0.041,Target remained positive; realised weight diverged from the recorded target.,,observation,observation-047,,2025-08-16T15:00:00,,,,,,,,Demo cycle 047: retained observation record for NVDA.
2025-08-16T15:05:00,94.6521,-0.000991,-10589.89,-1518951.44,765.23,352.47,0.28259,0.7279,4.4339,1.756,0.2647,0.6695,NVDA,0.795,2.395,10.895,13.295,4.732,0.545,1.424,9.495,0.739,1.532,0.079,0.095,101.38,118.38,1.09,0.45,0.33,BUY,500,0.041,Target remained positive; realised weight diverged from the recorded target.,,decision,decision-047,observation-047,2025-08-16T15:05:00,2025-08-16T15:05:00,demo-mixed-fundamental-alpha,2025.08-demo,fundamental-ranker-2.1,features-047,,,BUY NVDA: Target remained positive; realised weight diverged from the recorded target.
2025-08-16T15:10:00,94.6521,-0.000991,-10589.89,-1529541.33,765.23,352.47,0.28259,0.7279,4.4339,1.756,0.2647,0.6695,NVDA,0.795,2.395,10.895,13.295,4.732,0.545,1.424,9.495,0.739,1.532,0.079,0.095,101.38,118.38,1.09,0.45,0.33,,500,0.041,Target remained positive; realised weight diverged from the recorded target.,500,target,target-047,decision-047,2025-08-16T15:10:00,,,,,,,,Demo cycle 047: retained target record for NVDA.
2025-08-16T15:15:00,94.6521,-0.000991,-10589.89,-1540131.22,765.23,352.47,0.28259,0.7279,4.4339,1.756,0.2647,0.6695,NVDA,0.795,2.395,10.895,13.295,4.732,0.545,1.424,9.495,0.739,1.532,0.079,0.095,101.38,118.38,1.09,0.45,0.33,,500,0.041,Target remained positive; realised weight diverged from the recorded target.,,fill,fill-047,target-047,2025-08-16T15:15:00,,,,,,100,,Demo cycle 047: retained fill record for NVDA.
2025-08-16T15:20:00,94.6521,-0.000991,-10589.89,-1550721.11,765.23,352.47,0.28259,0.7279,4.4339,1.756,0.2647,0.6695,NVDA,0.795,2.395,10.895,13.295,4.732,0.545,1.424,9.495,0.739,1.532,0.079,0.095,101.38,118.38,1.09,0.45,0.33,,500,0.041,Target remained positive; realised weight diverged from the recorded target.,,position,position-047,fill-047,2025-08-16T15:20:00,,,,,,,500,Demo cycle 047: retained position record for NVDA.
2025-08-16T15:25:00,94.6521,-0.000991,-10589.89,-1561311.0,765.23,352.47,0.28259,0.7279,4.4339,1.756,0.2647,0.6695,NVDA,0.795,2.395,10.895,13.295,4.732,0.545,1.424,9.495,0.739,1.532,0.079,0.095,101.38,118.38,1.09,0.45,0.33,,500,0.041,Target remained positive; realised weight diverged from the recorded target.,,pnl,pnl-047,position-047,2025-08-16T15:25:00,,,,,,,,Demo cycle 047: retained pnl record for NVDA.
2025-08-16T15:30:00,94.1872,-0.003005,-7441.71,-1568752.71,775.8,370.9,0.26834,0.8072,3.9552,1.3034,0.2562,0.7544,JPM,0.646,2.246,10.746,13.146,4.682,0.537,1.387,9.346,0.725,1.482,0.077,0.093,7.21,10.21,10.55,5.13,2.42,,500,0.041,The decision used an older recorded fundamental snapshot.,,observation,observation-048,,2025-08-16T15:30:00,,,,,,,,Demo cycle 048: retained observation record for JPM.
2025-08-16T15:35:00,94.1872,-0.003005,-7441.71,-1576194.42,775.8,370.9,0.26834,0.8072,3.9552,1.3034,0.2562,0.7544,JPM,0.646,2.246,10.746,13.146,4.682,0.537,1.387,9.346,0.725,1.482,0.077,0.093,7.21,10.21,10.55,5.13,2.42,BUY,500,0.041,The decision used an older recorded fundamental snapshot.,,decision,decision-048,observation-048,2025-08-16T15:35:00,2025-08-16T15:35:00,demo-mixed-fundamental-alpha,2025.08-demo,fundamental-ranker-2.1,features-048,,,BUY JPM: The decision used an older recorded fundamental snapshot.
2025-08-16T15:40:00,94.1872,-0.003005,-7441.71,-1583636.13,775.8,370.9,0.26834,0.8072,3.9552,1.3034,0.2562,0.7544,JPM,0.646,2.246,10.746,13.146,4.682,0.537,1.387,9.346,0.725,1.482,0.077,0.093,7.21,10.21,10.55,5.13,2.42,,500,0.041,The decision used an older recorded fundamental snapshot.,500,target,target-048,decision-048,2025-08-16T15:40:00,,,,,,,,Demo cycle 048: retained target record for JPM.
2025-08-16T15:45:00,94.1872,-0.003005,-7441.71,-1591077.84,775.8,370.9,0.26834,0.8072,3.9552,1.3034,0.2562,0.7544,JPM,0.646,2.246,10.746,13.146,4.682,0.537,1.387,9.346,0.725,1.482,0.077,0.093,7.21,10.21,10.55,5.13,2.42,,500,0.041,The decision used an older recorded fundamental snapshot.,,fill,fill-048,target-048,2025-08-16T15:45:00,,,,,,100,,Demo cycle 048: retained fill record for JPM.
2025-08-16T15:50:00,94.1872,-0.003005,-7441.71,-1598519.55,775.8,370.9,0.26834,0.8072,3.9552,1.3034,0.2562,0.7544,JPM,0.646,2.246,10.746,13.146,4.682,0.537,1.387,9.346,0.725,1.482,0.077,0.093,7.21,10.21,10.55,5.13,2.42,,500,0.041,The decision used an older recorded fundamental snapshot.,,position,position-048,fill-048,2025-08-16T15:50:00,,,,,,,500,Demo cycle 048: retained position record for JPM.
2025-08-16T15:55:00,94.1872,-0.003005,-7441.71,-1605961.26,775.8,370.9,0.26834,0.8072,3.9552,1.3034,0.2562,0.7544,JPM,0.646,2.246,10.746,13.146,4.682,0.537,1.387,9.346,0.725,1.482,0.077,0.093,7.21,10.21,10.55,5.13,2.42,,500,0.041,The decision used an older recorded fundamental snapshot.,,pnl,pnl-048,position-048,2025-08-16T15:55:00,,,,,,,,Demo cycle 048: retained pnl record for JPM.
2025-08-16T16:00:00,94.0525,-0.010016,-7023.7,-1612984.96,754.69,943.76,0.2968,0.6984,4.4898,1.7539,0.1757,0.7713,XOM,0.535,2.135,10.635,13.035,4.645,0.532,4.459,2.435,0.714,1.445,0.076,0.092,7.66,10.66,1.16,0.48,0.35,,500,0.041,The existing long target remained despite worsening debt-service risk.,,observation,observation-049,,2025-08-16T16:00:00,,,,,,,,Demo cycle 049: retained observation record for XOM.
2025-08-16T16:05:00,94.0525,-0.010016,-7023.7,-1620008.66,754.69,943.76,0.2968,0.6984,4.4898,1.7539,0.1757,0.7713,XOM,0.535,2.135,10.635,13.035,4.645,0.532,4.459,2.435,0.714,1.445,0.076,0.092,7.66,10.66,1.16,0.48,0.35,BUY,500,0.041,The existing long target remained despite worsening debt-service risk.,,decision,decision-049,observation-049,2025-08-16T16:05:00,2025-08-16T16:05:00,demo-mixed-fundamental-alpha,2025.08-demo,fundamental-ranker-2.1,features-049,,,BUY XOM: The existing long target remained despite worsening debt-service risk.
2025-08-16T16:10:00,94.0525,-0.010016,-7023.7,-1627032.36,754.69,943.76,0.2968,0.6984,4.4898,1.7539,0.1757,0.7713,XOM,0.535,2.135,10.635,13.035,4.645,0.532,4.459,2.435,0.714,1.445,0.076,0.092,7.66,10.66,1.16,0.48,0.35,,500,0.041,The existing long target remained despite worsening debt-service risk.,500,target,target-049,decision-049,2025-08-16T16:10:00,,,,,,,,Demo cycle 049: retained target record for XOM.
2025-08-16T16:15:00,94.0525,-0.010016,-7023.7,-1634056.06,754.69,943.76,0.2968,0.6984,4.4898,1.7539,0.1757,0.7713,XOM,0.535,2.135,10.635,13.035,4.645,0.532,4.459,2.435,0.714,1.445,0.076,0.092,7.66,10.66,1.16,0.48,0.35,,500,0.041,The existing long target remained despite worsening debt-service risk.,,fill,fill-049,target-049,2025-08-16T16:15:00,,,,,,100,,Demo cycle 049: retained fill record for XOM.
2025-08-16T16:20:00,94.0525,-0.010016,-7023.7,-1641079.76,754.69,943.76,0.2968,0.6984,4.4898,1.7539,0.1757,0.7713,XOM,0.535,2.135,10.635,13.035,4.645,0.532,4.459,2.435,0.714,1.445,0.076,0.092,7.66,10.66,1.16,0.48,0.35,,500,0.041,The existing long target remained despite worsening debt-service risk.,,position,position-049,fill-049,2025-08-16T16:20:00,,,,,,,500,Demo cycle 049: retained position record for XOM.
2025-08-16T16:25:00,94.0525,-0.010016,-7023.7,-1648103.46,754.69,943.76,0.2968,0.6984,4.4898,1.7539,0.1757,0.7713,XOM,0.535,2.135,10.635,13.035,4.645,0.532,4.459,2.435,0.714,1.445,0.076,0.092,7.66,10.66,1.16,0.48,0.35,,500,0.041,The existing long target remained despite worsening debt-service risk.,,pnl,pnl-049,position-049,2025-08-16T16:25:00,,,,,,,,Demo cycle 049: retained pnl record for XOM.
2025-08-16T16:30:00,92.8828,-0.011016,-7187.02,-1655290.48,763.97,469.02,0.28429,0.6781,4.9433,1.9042,0.2602,0.7632,AAPL,-6.962,-6.862,1.838,-5.462,4.646,0.532,1.359,9.238,0.714,1.446,0.076,0.092,7.65,10.65,1.16,0.48,0.35,,600,0.041,Existing long target remained in place while the growth evidence deteriorated.,,observation,observation-050,,2025-08-16T16:30:00,,,,,,,,Demo cycle 050: retained observation record for AAPL.
2025-08-16T16:35:00,92.8828,-0.011016,-7187.02,-1662477.5,763.97,469.02,0.28429,0.6781,4.9433,1.9042,0.2602,0.7632,AAPL,-6.962,-6.862,1.838,-5.462,4.646,0.532,1.359,9.238,0.714,1.446,0.076,0.092,7.65,10.65,1.16,0.48,0.35,BUY,600,0.041,Existing long target remained in place while the growth evidence deteriorated.,,decision,decision-050,observation-050,2025-08-16T16:35:00,2025-08-16T16:35:00,demo-mixed-fundamental-alpha,2025.08-demo,fundamental-ranker-2.1,features-050,,,BUY AAPL: Existing long target remained in place while the growth evidence deteriorated.
2025-08-16T16:40:00,92.8828,-0.011016,-7187.02,-1669664.52,763.97,469.02,0.28429,0.6781,4.9433,1.9042,0.2602,0.7632,AAPL,-6.962,-6.862,1.838,-5.462,4.646,0.532,1.359,9.238,0.714,1.446,0.076,0.092,7.65,10.65,1.16,0.48,0.35,,600,0.041,Existing long target remained in place while the growth evidence deteriorated.,600,target,target-050,decision-050,2025-08-16T16:40:00,,,,,,,,Demo cycle 050: retained target record for AAPL.
2025-08-16T16:45:00,92.8828,-0.011016,-7187.02,-1676851.54,763.97,469.02,0.28429,0.6781,4.9433,1.9042,0.2602,0.7632,AAPL,-6.962,-6.862,1.838,-5.462,4.646,0.532,1.359,9.238,0.714,1.446,0.076,0.092,7.65,10.65,1.16,0.48,0.35,,600,0.041,Existing long target remained in place while the growth evidence deteriorated.,,fill,fill-050,target-050,2025-08-16T16:45:00,,,,,,100,,Demo cycle 050: retained fill record for AAPL.
2025-08-16T16:50:00,92.8828,-0.011016,-7187.02,-1684038.56,763.97,469.02,0.28429,0.6781,4.9433,1.9042,0.2602,0.7632,AAPL,-6.962,-6.862,1.838,-5.462,4.646,0.532,1.359,9.238,0.714,1.446,0.076,0.092,7.65,10.65,1.16,0.48,0.35,,600,0.041,Existing long target remained in place while the growth evidence deteriorated.,,position,position-050,fill-050,2025-08-16T16:50:00,,,,,,,600,Demo cycle 050: retained position record for AAPL.
2025-08-16T16:55:00,92.8828,-0.011016,-7187.02,-1691225.58,763.97,469.02,0.28429,0.6781,4.9433,1.9042,0.2602,0.7632,AAPL,-6.962,-6.862,1.838,-5.462,4.646,0.532,1.359,9.238,0.714,1.446,0.076,0.092,7.65,10.65,1.16,0.48,0.35,,600,0.041,Existing long target remained in place while the growth evidence deteriorated.,,pnl,pnl-050,position-050,2025-08-16T16:55:00,,,,,,,,Demo cycle 050: retained pnl record for AAPL.
2025-08-16T17:00:00,92.9071,-0.015005,-8402.72,-1699628.3,773.17,612.85,0.27188,0.7733,4.5811,1.6958,0.2924,0.6983,MSFT,0.652,2.252,10.752,13.152,4.684,0.538,1.388,9.352,0.105,0.384,-0.032,-0.056,7.19,10.19,1.05,0.42,0.32,,600,0.023,The model still held the name although the alpha ranking was decaying.,,observation,observation-051,,2025-08-16T17:00:00,,,,,,,,Demo cycle 051: retained observation record for MSFT.
2025-08-16T17:05:00,92.9071,-0.015005,-8402.72,-1708031.02,773.17,612.85,0.27188,0.7733,4.5811,1.6958,0.2924,0.6983,MSFT,0.652,2.252,10.752,13.152,4.684,0.538,1.388,9.352,0.105,0.384,-0.032,-0.056,7.19,10.19,1.05,0.42,0.32,BUY,600,0.023,The model still held the name although the alpha ranking was decaying.,,decision,decision-051,observation-051,2025-08-16T17:05:00,2025-08-16T17:05:00,demo-mixed-fundamental-alpha,2025.08-demo,fundamental-ranker-2.1,features-051,,,BUY MSFT: The model still held the name although the alpha ranking was decaying.
2025-08-16T17:10:00,92.9071,-0.015005,-8402.72,-1716433.74,773.17,612.85,0.27188,0.7733,4.5811,1.6958,0.2924,0.6983,MSFT,0.652,2.252,10.752,13.152,4.684,0.538,1.388,9.352,0.105,0.384,-0.032,-0.056,7.19,10.19,1.05,0.42,0.32,,600,0.023,The model still held the name although the alpha ranking was decaying.,600,target,target-051,decision-051,2025-08-16T17:10:00,,,,,,,,Demo cycle 051: retained target record for MSFT.
2025-08-16T17:15:00,92.9071,-0.015005,-8402.72,-1724836.46,773.17,612.85,0.27188,0.7733,4.5811,1.6958,0.2924,0.6983,MSFT,0.652,2.252,10.752,13.152,4.684,0.538,1.388,9.352,0.105,0.384,-0.032,-0.056,7.19,10.19,1.05,0.42,0.32,,600,0.023,The model still held the name although the alpha ranking was decaying.,,fill,fill-051,target-051,2025-08-16T17:15:00,,,,,,100,,Demo cycle 051: retained fill record for MSFT.
2025-08-16T17:20:00,92.9071,-0.015005,-8402.72,-1733239.18,773.17,612.85,0.27188,0.7733,4.5811,1.6958,0.2924,0.6983,MSFT,0.652,2.252,10.752,13.152,4.684,0.538,1.388,9.352,0.105,0.384,-0.032,-0.056,7.19,10.19,1.05,0.42,0.32,,600,0.023,The model still held the name although the alpha ranking was decaying.,,position,position-051,fill-051,2025-08-16T17:20:00,,,,,,,600,Demo cycle 051: retained position record for MSFT.
2025-08-16T17:25:00,92.9071,-0.015005,-8402.72,-1741641.9,773.17,612.85,0.27188,0.7733,4.5811,1.6958,0.2924,0.6983,MSFT,0.652,2.252,10.752,13.152,4.684,0.538,1.388,9.352,0.105,0.384,-0.032,-0.056,7.19,10.19,1.05,0.42,0.32,,600,0.023,The model still held the name although the alpha ranking was decaying.,,pnl,pnl-051,position-051,2025-08-16T17:25:00,,,,,,,,Demo cycle 051: retained pnl record for MSFT.
2025-08-16T17:30:00,93.2503,-0.00099,-10720.89,-1752362.79,790.39,565.66,0.24866,0.7315,3.9728,1.6024,0.2692,0.7363,NVDA,0.8,2.4,10.9,13.3,4.733,0.545,1.425,9.5,0.74,1.533,0.079,0.095,101.4,118.4,1.1,0.45,0.33,,600,0.041,Target remained positive; realised weight diverged from the recorded target.,,observation,observation-052,,2025-08-16T17:30:00,,,,,,,,Demo cycle 052: retained observation record for NVDA.
2025-08-16T17:35:00,93.2503,-0.00099,-10720.89,-1763083.68,790.39,565.66,0.24866,0.7315,3.9728,1.6024,0.2692,0.7363,NVDA,0.8,2.4,10.9,13.3,4.733,0.545,1.425,9.5,0.74,1.533,0.079,0.095,101.4,118.4,1.1,0.45,0.33,BUY,600,0.041,Target remained positive; realised weight diverged from the recorded target.,,decision,decision-052,observation-052,2025-08-16T17:35:00,2025-08-16T17:35:00,demo-mixed-fundamental-alpha,2025.08-demo,fundamental-ranker-2.1,features-052,,,BUY NVDA: Target remained positive; realised weight diverged from the recorded target.
2025-08-16T17:40:00,93.2503,-0.00099,-10720.89,-1773804.57,790.39,565.66,0.24866,0.7315,3.9728,1.6024,0.2692,0.7363,NVDA,0.8,2.4,10.9,13.3,4.733,0.545,1.425,9.5,0.74,1.533,0.079,0.095,101.4,118.4,1.1,0.45,0.33,,600,0.041,Target remained positive; realised weight diverged from the recorded target.,600,target,target-052,decision-052,2025-08-16T17:40:00,,,,,,,,Demo cycle 052: retained target record for NVDA.
2025-08-16T17:45:00,93.2503,-0.00099,-10720.89,-1784525.46,790.39,565.66,0.24866,0.7315,3.9728,1.6024,0.2692,0.7363,NVDA,0.8,2.4,10.9,13.3,4.733,0.545,1.425,9.5,0.74,1.533,0.079,0.095,101.4,118.4,1.1,0.45,0.33,,600,0.041,Target remained positive; realised weight diverged from the recorded target.,,fill,fill-052,target-052,2025-08-16T17:45:00,,,,,,100,,Demo cycle 052: retained fill record for NVDA.
2025-08-16T17:50:00,93.2503,-0.00099,-10720.89,-1795246.35,790.39,565.66,0.24866,0.7315,3.9728,1.6024,0.2692,0.7363,NVDA,0.8,2.4,10.9,13.3,4.733,0.545,1.425,9.5,0.74,1.533,0.079,0.095,101.4,118.4,1.1,0.45,0.33,,600,0.041,Target remained positive; realised weight diverged from the recorded target.,,position,position-052,fill-052,2025-08-16T17:50:00,,,,,,,600,Demo cycle 052: retained position record for NVDA.
2025-08-16T17:55:00,93.2503,-0.00099,-10720.89,-1805967.24,790.39,565.66,0.24866,0.7315,3.9728,1.6024,0.2692,0.7363,NVDA,0.8,2.4,10.9,13.3,4.733,0.545,1.425,9.5,0.74,1.533,0.079,0.095,101.4,118.4,1.1,0.45,0.33,,600,0.041,Target remained positive; realised weight diverged from the recorded target.,,pnl,pnl-052,position-052,2025-08-16T17:55:00,,,,,,,,Demo cycle 052: retained pnl record for NVDA.
2025-08-16T18:00:00,93.4809,-0.002982,-7730.12,-1813697.36,796.9,979.57,0.23988,0.6196,4.6227,1.7867,0.2904,0.6808,JPM,0.879,2.479,10.979,13.379,4.76,0.549,1.445,9.579,0.748,1.56,0.08,0.096,7.71,10.71,10.68,5.19,2.46,,600,0.041,The decision used an older recorded fundamental snapshot.,,observation,observation-053,,2025-08-16T18:00:00,,,,,,,,Demo cycle 053: retained observation record for JPM.
2025-08-16T18:05:00,93.4809,-0.002982,-7730.12,-1821427.48,796.9,979.57,0.23988,0.6196,4.6227,1.7867,0.2904,0.6808,JPM,0.879,2.479,10.979,13.379,4.76,0.549,1.445,9.579,0.748,1.56,0.08,0.096,7.71,10.71,10.68,5.19,2.46,BUY,600,0.041,The decision used an older recorded fundamental snapshot.,,decision,decision-053,observation-053,2025-08-16T18:05:00,2025-08-16T18:05:00,demo-mixed-fundamental-alpha,2025.08-demo,fundamental-ranker-2.1,features-053,,,BUY JPM: The decision used an older recorded fundamental snapshot.
2025-08-16T18:10:00,93.4809,-0.002982,-7730.12,-1829157.6,796.9,979.57,0.23988,0.6196,4.6227,1.7867,0.2904,0.6808,JPM,0.879,2.479,10.979,13.379,4.76,0.549,1.445,9.579,0.748,1.56,0.08,0.096,7.71,10.71,10.68,5.19,2.46,,600,0.041,The decision used an older recorded fundamental snapshot.,600,target,target-053,decision-053,2025-08-16T18:10:00,,,,,,,,Demo cycle 053: retained target record for JPM.
2025-08-16T18:15:00,93.4809,-0.002982,-7730.12,-1836887.72,796.9,979.57,0.23988,0.6196,4.6227,1.7867,0.2904,0.6808,JPM,0.879,2.479,10.979,13.379,4.76,0.549,1.445,9.579,0.748,1.56,0.08,0.096,7.71,10.71,10.68,5.19,2.46,,600,0.041,The decision used an older recorded fundamental snapshot.,,fill,fill-053,target-053,2025-08-16T18:15:00,,,,,,100,,Demo cycle 053: retained fill record for JPM.
2025-08-16T18:20:00,93.4809,-0.002982,-7730.12,-1844617.84,796.9,979.57,0.23988,0.6196,4.6227,1.7867,0.2904,0.6808,JPM,0.879,2.479,10.979,13.379,4.76,0.549,1.445,9.579,0.748,1.56,0.08,0.096,7.71,10.71,10.68,5.19,2.46,,600,0.041,The decision used an older recorded fundamental snapshot.,,position,position-053,fill-053,2025-08-16T18:20:00,,,,,,,600,Demo cycle 053: retained position record for JPM.
2025-08-16T18:25:00,93.4809,-0.002982,-7730.12,-1852347.96,796.9,979.57,0.23988,0.6196,4.6227,1.7867,0.2904,0.6808,JPM,0.879,2.479,10.979,13.379,4.76,0.549,1.445,9.579,0.748,1.56,0.08,0.096,7.71,10.71,10.68,5.19,2.46,,600,0.041,The decision used an older recorded fundamental snapshot.,,pnl,pnl-053,position-053,2025-08-16T18:25:00,,,,,,,,Demo cycle 053: retained pnl record for JPM.
2025-08-16T18:30:00,94.2461,-0.009987,-6919.41,-1859267.37,789.32,933.81,0.2501,0.6468,4.4686,1.6073,0.1939,0.5598,XOM,0.834,2.434,10.934,13.334,4.745,0.547,4.533,2.734,0.743,1.545,0.079,0.095,7.54,10.54,1.13,0.47,0.34,,600,0.041,The existing long target remained despite worsening debt-service risk.,,observation,observation-054,,2025-08-16T18:30:00,,,,,,,,Demo cycle 054: retained observation record for XOM.
2025-08-16T18:35:00,94.2461,-0.009987,-6919.41,-1866186.78,789.32,933.81,0.2501,0.6468,4.4686,1.6073,0.1939,0.5598,XOM,0.834,2.434,10.934,13.334,4.745,0.547,4.533,2.734,0.743,1.545,0.079,0.095,7.54,10.54,1.13,0.47,0.34,BUY,600,0.041,The existing long target remained despite worsening debt-service risk.,,decision,decision-054,observation-054,2025-08-16T18:35:00,2025-08-16T18:35:00,demo-mixed-fundamental-alpha,2025.08-demo,fundamental-ranker-2.1,features-054,,,BUY XOM: The existing long target remained despite worsening debt-service risk.
2025-08-16T18:40:00,94.2461,-0.009987,-6919.41,-1873106.19,789.32,933.81,0.2501,0.6468,4.4686,1.6073,0.1939,0.5598,XOM,0.834,2.434,10.934,13.334,4.745,0.547,4.533,2.734,0.743,1.545,0.079,0.095,7.54,10.54,1.13,0.47,0.34,,600,0.041,The existing long target remained despite worsening debt-service risk.,600,target,target-054,decision-054,2025-08-16T18:40:00,,,,,,,,Demo cycle 054: retained target record for XOM.
2025-08-16T18:45:00,94.2461,-0.009987,-6919.41,-1880025.6,789.32,933.81,0.2501,0.6468,4.4686,1.6073,0.1939,0.5598,XOM,0.834,2.434,10.934,13.334,4.745,0.547,4.533,2.734,0.743,1.545,0.079,0.095,7.54,10.54,1.13,0.47,0.34,,600,0.041,The existing long target remained despite worsening debt-service risk.,,fill,fill-054,target-054,2025-08-16T18:45:00,,,,,,100,,Demo cycle 054: retained fill record for XOM.
2025-08-16T18:50:00,94.2461,-0.009987,-6919.41,-1886945.01,789.32,933.81,0.2501,0.6468,4.4686,1.6073,0.1939,0.5598,XOM,0.834,2.434,10.934,13.334,4.745,0.547,4.533,2.734,0.743,1.545,0.079,0.095,7.54,10.54,1.13,0.47,0.34,,600,0.041,The existing long target remained despite worsening debt-service risk.,,position,position-054,fill-054,2025-08-16T18:50:00,,,,,,,600,Demo cycle 054: retained position record for XOM.
2025-08-16T18:55:00,94.2461,-0.009987,-6919.41,-1893864.42,789.32,933.81,0.2501,0.6468,4.4686,1.6073,0.1939,0.5598,XOM,0.834,2.434,10.934,13.334,4.745,0.547,4.533,2.734,0.743,1.545,0.079,0.095,7.54,10.54,1.13,0.47,0.34,,600,0.041,The existing long target remained despite worsening debt-service risk.,,pnl,pnl-054,position-054,2025-08-16T18:55:00,,,,,,,,Demo cycle 054: retained pnl record for XOM.
2025-08-16T19:00:00,93.7141,-0.011,-6865.73,-1900730.15,800.54,732.87,0.23497,0.6209,4.456,1.7785,0.3331,0.6431,AAPL,-6.803,-6.703,1.997,-5.303,4.699,0.54,1.399,9.397,0.73,1.499,0.078,0.094,7.01,10.01,1.0,0.4,0.3,,700,0.041,Existing long target remained in place while the growth evidence deteriorated.,,observation,observation-055,,2025-08-16T19:00:00,,,,,,,,Demo cycle 055: retained observation record for AAPL.
2025-08-16T19:05:00,93.7141,-0.011,-6865.73,-1907595.88,800.54,732.87,0.23497,0.6209,4.456,1.7785,0.3331,0.6431,AAPL,-6.803,-6.703,1.997,-5.303,4.699,0.54,1.399,9.397,0.73,1.499,0.078,0.094,7.01,10.01,1.0,0.4,0.3,BUY,700,0.041,Existing long target remained in place while the growth evidence deteriorated.,,decision,decision-055,observation-055,2025-08-16T19:05:00,2025-08-16T19:05:00,demo-mixed-fundamental-alpha,2025.08-demo,fundamental-ranker-2.1,features-055,,,BUY AAPL: Existing long target remained in place while the growth evidence deteriorated.
2025-08-16T19:10:00,93.7141,-0.011,-6865.73,-1914461.61,800.54,732.87,0.23497,0.6209,4.456,1.7785,0.3331,0.6431,AAPL,-6.803,-6.703,1.997,-5.303,4.699,0.54,1.399,9.397,0.73,1.499,0.078,0.094,7.01,10.01,1.0,0.4,0.3,,700,0.041,Existing long target remained in place while the growth evidence deteriorated.,700,target,target-055,decision-055,2025-08-16T19:10:00,,,,,,,,Demo cycle 055: retained target record for AAPL.
2025-08-16T19:15:00,93.7141,-0.011,-6865.73,-1921327.34,800.54,732.87,0.23497,0.6209,4.456,1.7785,0.3331,0.6431,AAPL,-6.803,-6.703,1.997,-5.303,4.699,0.54,1.399,9.397,0.73,1.499,0.078,0.094,7.01,10.01,1.0,0.4,0.3,,700,0.041,Existing long target remained in place while the growth evidence deteriorated.,,fill,fill-055,target-055,2025-08-16T19:15:00,,,,,,100,,Demo cycle 055: retained fill record for AAPL.
2025-08-16T19:20:00,93.7141,-0.011,-6865.73,-1928193.07,800.54,732.87,0.23497,0.6209,4.456,1.7785,0.3331,0.6431,AAPL,-6.803,-6.703,1.997,-5.303,4.699,0.54,1.399,9.397,0.73,1.499,0.078,0.094,7.01,10.01,1.0,0.4,0.3,,700,0.041,Existing long target remained in place while the growth evidence deteriorated.,,position,position-055,fill-055,2025-08-16T19:20:00,,,,,,,700,Demo cycle 055: retained position record for AAPL.
2025-08-16T19:25:00,93.7141,-0.011,-6865.73,-1935058.8,800.54,732.87,0.23497,0.6209,4.456,1.7785,0.3331,0.6431,AAPL,-6.803,-6.703,1.997,-5.303,4.699,0.54,1.399,9.397,0.73,1.499,0.078,0.094,7.01,10.01,1.0,0.4,0.3,,700,0.041,Existing long target remained in place while the growth evidence deteriorated.,,pnl,pnl-055,position-055,2025-08-16T19:25:00,,,,,,,,Demo cycle 055: retained pnl record for AAPL.
2025-08-16T19:30:00,94.2635,-0.015014,-8451.9,-1943510.7,796.09,765.33,0.24098,0.6964,4.2573,1.789,0.3207,0.7107,MSFT,0.562,2.162,10.662,13.062,4.654,0.533,1.365,9.262,0.096,0.354,-0.033,-0.057,7.55,10.55,1.14,0.47,0.35,,700,0.023,The model still held the name although the alpha ranking was decaying.,,observation,observation-056,,2025-08-16T19:30:00,,,,,,,,Demo cycle 056: retained observation record for MSFT.
2025-08-16T19:35:00,94.2635,-0.015014,-8451.9,-1951962.6,796.09,765.33,0.24098,0.6964,4.2573,1.789,0.3207,0.7107,MSFT,0.562,2.162,10.662,13.062,4.654,0.533,1.365,9.262,0.096,0.354,-0.033,-0.057,7.55,10.55,1.14,0.47,0.35,BUY,700,0.023,The model still held the name although the alpha ranking was decaying.,,decision,decision-056,observation-056,2025-08-16T19:35:00,2025-08-16T19:35:00,demo-mixed-fundamental-alpha,2025.08-demo,fundamental-ranker-2.1,features-056,,,BUY MSFT: The model still held the name although the alpha ranking was decaying.
2025-08-16T19:40:00,94.2635,-0.015014,-8451.9,-1960414.5,796.09,765.33,0.24098,0.6964,4.2573,1.789,0.3207,0.7107,MSFT,0.562,2.162,10.662,13.062,4.654,0.533,1.365,9.262,0.096,0.354,-0.033,-0.057,7.55,10.55,1.14,0.47,0.35,,700,0.023,The model still held the name although the alpha ranking was decaying.,700,target,target-056,decision-056,2025-08-16T19:40:00,,,,,,,,Demo cycle 056: retained target record for MSFT.
2025-08-16T19:45:00,94.2635,-0.015014,-8451.9,-1968866.4,796.09,765.33,0.24098,0.6964,4.2573,1.789,0.3207,0.7107,MSFT,0.562,2.162,10.662,13.062,4.654,0.533,1.365,9.262,0.096,0.354,-0.033,-0.057,7.55,10.55,1.14,0.47,0.35,,700,0.023,The model still held the name although the alpha ranking was decaying.,,fill,fill-056,target-056,2025-08-16T19:45:00,,,,,,100,,Demo cycle 056: retained fill record for MSFT.
2025-08-16T19:50:00,94.2635,-0.015014,-8451.9,-1977318.3,796.09,765.33,0.24098,0.6964,4.2573,1.789,0.3207,0.7107,MSFT,0.562,2.162,10.662,13.062,4.654,0.533,1.365,9.262,0.096,0.354,-0.033,-0.057,7.55,10.55,1.14,0.47,0.35,,700,0.023,The model still held the name although the alpha ranking was decaying.,,position,position-056,fill-056,2025-08-16T19:50:00,,,,,,,700,Demo cycle 056: retained position record for MSFT.
2025-08-16T19:55:00,94.2635,-0.015014,-8451.9,-1985770.2,796.09,765.33,0.24098,0.6964,4.2573,1.789,0.3207,0.7107,MSFT,0.562,2.162,10.662,13.062,4.654,0.533,1.365,9.262,0.096,0.354,-0.033,-0.057,7.55,10.55,1.14,0.47,0.35,,700,0.023,The model still held the name although the alpha ranking was decaying.,,pnl,pnl-056,position-056,2025-08-16T19:55:00,,,,,,,,Demo cycle 056: retained pnl record for MSFT.
2025-08-16T20:00:00,94.1149,-0.001018,-11054.64,-1996824.84,807.82,946.32,0.22517,0.6492,4.3704,1.5076,0.2346,0.7396,NVDA,0.522,2.122,10.622,13.022,4.641,0.531,1.356,9.222,0.712,1.441,0.076,0.092,101.71,118.71,1.18,0.49,0.36,,700,0.041,Target remained positive; realised weight diverged from the recorded target.,,observation,observation-057,,2025-08-16T20:00:00,,,,,,,,Demo cycle 057: retained observation record for NVDA.
2025-08-16T20:05:00,94.1149,-0.001018,-11054.64,-2007879.48,807.82,946.32,0.22517,0.6492,4.3704,1.5076,0.2346,0.7396,NVDA,0.522,2.122,10.622,13.022,4.641,0.531,1.356,9.222,0.712,1.441,0.076,0.092,101.71,118.71,1.18,0.49,0.36,BUY,700,0.041,Target remained positive; realised weight diverged from the recorded target.,,decision,decision-057,observation-057,2025-08-16T20:05:00,2025-08-16T20:05:00,demo-mixed-fundamental-alpha,2025.08-demo,fundamental-ranker-2.1,features-057,,,BUY NVDA: Target remained positive; realised weight diverged from the recorded target.
2025-08-16T20:10:00,94.1149,-0.001018,-11054.64,-2018934.12,807.82,946.32,0.22517,0.6492,4.3704,1.5076,0.2346,0.7396,NVDA,0.522,2.122,10.622,13.022,4.641,0.531,1.356,9.222,0.712,1.441,0.076,0.092,101.71,118.71,1.18,0.49,0.36,,700,0.041,Target remained positive; realised weight diverged from the recorded target.,700,target,target-057,decision-057,2025-08-16T20:10:00,,,,,,,,Demo cycle 057: retained target record for NVDA.
2025-08-16T20:15:00,94.1149,-0.001018,-11054.64,-2029988.76,807.82,946.32,0.22517,0.6492,4.3704,1.5076,0.2346,0.7396,NVDA,0.522,2.122,10.622,13.022,4.641,0.531,1.356,9.222,0.712,1.441,0.076,0.092,101.71,118.71,1.18,0.49,0.36,,700,0.041,Target remained positive; realised weight diverged from the recorded target.,,fill,fill-057,target-057,2025-08-16T20:15:00,,,,,,100,,Demo cycle 057: retained fill record for NVDA.
2025-08-16T20:20:00,94.1149,-0.001018,-11054.64,-2041043.4,807.82,946.32,0.22517,0.6492,4.3704,1.5076,0.2346,0.7396,NVDA,0.522,2.122,10.622,13.022,4.641,0.531,1.356,9.222,0.712,1.441,0.076,0.092,101.71,118.71,1.18,0.49,0.36,,700,0.041,Target remained positive; realised weight diverged from the recorded target.,,position,position-057,fill-057,2025-08-16T20:20:00,,,,,,,700,Demo cycle 057: retained position record for NVDA.
2025-08-16T20:25:00,94.1149,-0.001018,-11054.64,-2052098.04,807.82,946.32,0.22517,0.6492,4.3704,1.5076,0.2346,0.7396,NVDA,0.522,2.122,10.622,13.022,4.641,0.531,1.356,9.222,0.712,1.441,0.076,0.092,101.71,118.71,1.18,0.49,0.36,,700,0.041,Target remained positive; realised weight diverged from the recorded target.,,pnl,pnl-057,position-057,2025-08-16T20:25:00,,,,,,,,Demo cycle 057: retained pnl record for NVDA.
2025-08-16T20:30:00,94.3784,-0.003009,-7745.01,-2059843.05,786.22,651.72,0.25429,0.6464,4.8269,1.9536,0.2914,0.6846,JPM,0.606,2.206,10.706,13.106,4.669,0.535,1.376,9.306,0.721,1.469,0.077,0.093,7.38,10.38,10.59,5.15,2.43,,700,0.041,The decision used an older recorded fundamental snapshot.,,observation,observation-058,,2025-08-16T20:30:00,,,,,,,,Demo cycle 058: retained observation record for JPM.
2025-08-16T20:35:00,94.3784,-0.003009,-7745.01,-2067588.06,786.22,651.72,0.25429,0.6464,4.8269,1.9536,0.2914,0.6846,JPM,0.606,2.206,10.706,13.106,4.669,0.535,1.376,9.306,0.721,1.469,0.077,0.093,7.38,10.38,10.59,5.15,2.43,BUY,700,0.041,The decision used an older recorded fundamental snapshot.,,decision,decision-058,observation-058,2025-08-16T20:35:00,2025-08-16T20:35:00,demo-mixed-fundamental-alpha,2025.08-demo,fundamental-ranker-2.1,features-058,,,BUY JPM: The decision used an older recorded fundamental snapshot.
2025-08-16T20:40:00,94.3784,-0.003009,-7745.01,-2075333.07,786.22,651.72,0.25429,0.6464,4.8269,1.9536,0.2914,0.6846,JPM,0.606,2.206,10.706,13.106,4.669,0.535,1.376,9.306,0.721,1.469,0.077,0.093,7.38,10.38,10.59,5.15,2.43,,700,0.041,The decision used an older recorded fundamental snapshot.,700,target,target-058,decision-058,2025-08-16T20:40:00,,,,,,,,Demo cycle 058: retained target record for JPM.
2025-08-16T20:45:00,94.3784,-0.003009,-7745.01,-2083078.08,786.22,651.72,0.25429,0.6464,4.8269,1.9536,0.2914,0.6846,JPM,0.606,2.206,10.706,13.106,4.669,0.535,1.376,9.306,0.721,1.469,0.077,0.093,7.38,10.38,10.59,5.15,2.43,,700,0.041,The decision used an older recorded fundamental snapshot.,,fill,fill-058,target-058,2025-08-16T20:45:00,,,,,,100,,Demo cycle 058: retained fill record for JPM.
2025-08-16T20:50:00,94.3784,-0.003009,-7745.01,-2090823.09,786.22,651.72,0.25429,0.6464,4.8269,1.9536,0.2914,0.6846,JPM,0.606,2.206,10.706,13.106,4.669,0.535,1.376,9.306,0.721,1.469,0.077,0.093,7.38,10.38,10.59,5.15,2.43,,700,0.041,The decision used an older recorded fundamental snapshot.,,position,position-058,fill-058,2025-08-16T20:50:00,,,,,,,700,Demo cycle 058: retained position record for JPM.
2025-08-16T20:55:00,94.3784,-0.003009,-7745.01,-2098568.1,786.22,651.72,0.25429,0.6464,4.8269,1.9536,0.2914,0.6846,JPM,0.606,2.206,10.706,13.106,4.669,0.535,1.376,9.306,0.721,1.469,0.077,0.093,7.38,10.38,10.59,5.15,2.43,,700,0.041,The decision used an older recorded fundamental snapshot.,,pnl,pnl-058,position-058,2025-08-16T20:55:00,,,,,,,,Demo cycle 058: retained pnl record for JPM.
2025-08-16T21:00:00,95.0373,-0.009995,-6604.33,-2105172.43,798.93,494.87,0.23715,0.449,4.9495,2.1601,0.2754,0.6456,XOM,0.754,2.354,10.854,13.254,4.718,0.543,4.514,2.654,0.735,1.518,0.079,0.095,7.22,10.22,1.05,0.43,0.32,,700,0.041,The existing long target remained despite worsening debt-service risk.,,observation,observation-059,,2025-08-16T21:00:00,,,,,,,,Demo cycle 059: retained observation record for XOM.
2025-08-16T21:05:00,95.0373,-0.009995,-6604.33,-2111776.76,798.93,494.87,0.23715,0.449,4.9495,2.1601,0.2754,0.6456,XOM,0.754,2.354,10.854,13.254,4.718,0.543,4.514,2.654,0.735,1.518,0.079,0.095,7.22,10.22,1.05,0.43,0.32,BUY,700,0.041,The existing long target remained despite worsening debt-service risk.,,decision,decision-059,observation-059,2025-08-16T21:05:00,2025-08-16T21:05:00,demo-mixed-fundamental-alpha,2025.08-demo,fundamental-ranker-2.1,features-059,,,BUY XOM: The existing long target remained despite worsening debt-service risk.
2025-08-16T21:10:00,95.0373,-0.009995,-6604.33,-2118381.09,798.93,494.87,0.23715,0.449,4.9495,2.1601,0.2754,0.6456,XOM,0.754,2.354,10.854,13.254,4.718,0.543,4.514,2.654,0.735,1.518,0.079,0.095,7.22,10.22,1.05,0.43,0.32,,700,0.041,The existing long target remained despite worsening debt-service risk.,700,target,target-059,decision-059,2025-08-16T21:10:00,,,,,,,,Demo cycle 059: retained target record for XOM.
2025-08-16T21:15:00,95.0373,-0.009995,-6604.33,-2124985.42,798.93,494.87,0.23715,0.449,4.9495,2.1601,0.2754,0.6456,XOM,0.754,2.354,10.854,13.254,4.718,0.543,4.514,2.654,0.735,1.518,0.079,0.095,7.22,10.22,1.05,0.43,0.32,,700,0.041,The existing long target remained despite worsening debt-service risk.,,fill,fill-059,target-059,2025-08-16T21:15:00,,,,,,100,,Demo cycle 059: retained fill record for XOM.
2025-08-16T21:20:00,95.0373,-0.009995,-6604.33,-2131589.75,798.93,494.87,0.23715,0.449,4.9495,2.1601,0.2754,0.6456,XOM,0.754,2.354,10.854,13.254,4.718,0.543,4.514,2.654,0.735,1.518,0.079,0.095,7.22,10.22,1.05,0.43,0.32,,700,0.041,The existing long target remained despite worsening debt-service risk.,,position,position-059,fill-059,2025-08-16T21:20:00,,,,,,,700,Demo cycle 059: retained position record for XOM.
2025-08-16T21:25:00,95.0373,-0.009995,-6604.33,-2138194.08,798.93,494.87,0.23715,0.449,4.9495,2.1601,0.2754,0.6456,XOM,0.754,2.354,10.854,13.254,4.718,0.543,4.514,2.654,0.735,1.518,0.079,0.095,7.22,10.22,1.05,0.43,0.32,,700,0.041,The existing long target remained despite worsening debt-service risk.,,pnl,pnl-059,position-059,2025-08-16T21:25:00,,,,,,,,Demo cycle 059: retained pnl record for XOM.
