timestamp,strategy_id,symbol,label,review_status,earnings_revision_pct,revenue_growth_yoy,eps_growth_yoy,earnings_surprise_pct,free_cash_flow_yield,debt_to_ebitda,interest_coverage,alpha_score,information_coefficient,rank_ic,weight_error_bps,target_actual_weight_gap_bps,fundamental_age_days,as_of_lag_days,revision_lag_days,slippage_bps,fill_rate,latency_ms
2022-01-03T00:00:00+00:00,synthetic_strategy_0,AAPL,earnings_estimate_cut,accepted,-8.0,2.0,-4.0,-7.0,4.5,1.5,9.0,0.75,0.08,0.09,8.0,11.0,1.0,0.5,0.3,3.0,0.995,10.0
2022-01-04T00:00:00+00:00,synthetic_strategy_1,MSFT,alpha_score_decay,accepted,0.6189997772542962,11.118999777254297,13.118999777254297,2.118999777254296,4.618999777254296,1.529749944313574,9.118999777254297,-0.16810002227457038,-0.04881000222745704,-0.05881000222745703,8.35699933176289,11.475999109017184,1.1189997772542961,0.6189997772542962,0.4189997772542962,3.118999777254296,0.9938100022274571,10.594998886271481
2022-01-05T00:00:00+00:00,synthetic_strategy_2,NVDA,target_actual_weight_gap,accepted,0.46933506775678024,10.96933506775678,12.96933506775678,1.9693350677567802,4.469335067756781,1.4923337669391952,8.96933506775678,0.746933506775678,0.0796933506775678,0.0896933506775678,96.09199479672967,118.12265972897288,1.0306649322432198,0.5306649322432198,0.33066493224321974,11.03066493224322,0.9946933506775678,10.153324661216098
2022-01-06T00:00:00+00:00,synthetic_strategy_3,JPM,fundamental_data_stale,accepted,0.3889022381206721,10.888902238120671,12.888902238120671,1.8889022381206722,4.388902238120672,1.472225559530168,8.888902238120671,0.7388902238120673,0.07888902238120672,0.08888902238120672,8.333293285637984,11.444391047517312,12.111097761879329,6.111097761879328,4.111097761879328,3.111097761879328,0.9938890223812067,10.555488809396639
2022-01-07T00:00:00+00:00,synthetic_strategy_0,XOM,debt_leverage_increase,accepted,0.5592936021366329,11.059293602136632,13.059293602136632,2.059293602136633,1.259293602136633,4.814823400534158,1.759293602136633,0.7559293602136633,0.08059293602136633,0.09059293602136632,8.177880806409899,11.237174408546531,1.059293602136633,0.5592936021366329,0.359293602136633,3.059293602136633,0.9944070639786337,10.296468010683165
2022-01-08T00:00:00+00:00,synthetic_strategy_1,AAPL,earnings_estimate_cut,accepted,-7.904181546485181,2.095818453514819,-3.904181546485181,-6.904181546485181,4.595818453514819,1.5239546133787047,9.095818453514818,0.7595818453514819,0.08095818453514819,0.09095818453514819,8.287455360544456,11.383273814059276,1.0958184535148188,0.5958184535148188,0.3958184535148188,3.095818453514819,0.9940418154648518,10.479092267574094
2022-01-09T00:00:00+00:00,synthetic_strategy_2,MSFT,alpha_score_decay,accepted,0.41601503748877494,10.916015037488775,12.916015037488775,1.916015037488775,4.4160150374887746,1.4790037593721936,8.916015037488775,-0.1883984962511225,-0.05083984962511225,-0.06083984962511225,8.251954887533675,11.3359398500449,1.083984962511225,0.5839849625112251,0.38398496251122505,3.083984962511225,0.9941601503748877,10.419924812556125
2022-01-10T00:00:00+00:00,synthetic_strategy_3,NVDA,target_actual_weight_gap,accepted,0.425823546531556,10.925823546531555,12.925823546531555,1.925823546531556,4.425823546531556,1.481455886632889,8.925823546531555,0.7425823546531556,0.07925823546531556,0.08925823546531556,96.22252936040533,118.29670581387377,1.074176453468444,0.574176453468444,0.37417645346844397,11.074176453468445,0.9942582354653156,10.37088226734222
2022-01-11T00:00:00+00:00,synthetic_strategy_0,JPM,fundamental_data_stale,accepted,0.6030994177827795,11.10309941778278,13.10309941778278,2.1030994177827793,4.603099417782779,1.5257748544456948,9.10309941778278,0.7603099417782779,0.0810309941778278,0.0910309941778278,8.309298253348338,11.412397671131117,12.10309941778278,6.103099417782779,4.103099417782779,3.1030994177827793,0.9939690058221722,10.515497088913897
2022-01-12T00:00:00+00:00,synthetic_strategy_1,XOM,debt_leverage_increase,accepted,0.5476088687756736,11.047608868775674,13.047608868775674,2.0476088687756735,1.2476088687756737,4.811902217193918,1.7476088687756737,0.7547608868775674,0.08047608868775674,0.09047608868775674,8.14282660632702,11.190435475102694,1.0476088687756737,0.5476088687756736,0.34760886877567365,3.0476088687756735,0.9945239113122433,10.238044343878368
2022-01-13T00:00:00+00:00,synthetic_strategy_2,AAPL,earnings_estimate_cut,accepted,-8.115367699025548,1.8846323009744532,-4.115367699025547,-7.115367699025547,4.384632300974453,1.4711580752436133,8.884632300974452,0.7384632300974453,0.07884632300974453,0.08884632300974453,8.346103097076641,11.461470796102187,1.1153676990255468,0.6153676990255468,0.4153676990255468,3.1153676990255468,0.9938463230097445,10.576838495127735
2022-01-14T00:00:00+00:00,synthetic_strategy_3,MSFT,alpha_score_decay,accepted,0.48212011690229617,10.982120116902296,12.982120116902296,1.9821201169022962,4.482120116902296,1.495530029225574,8.982120116902296,-0.1817879883097704,-0.05017879883097704,-0.060178798830977036,8.053639649293112,11.071519532390816,1.0178798830977038,0.5178798830977038,0.3178798830977038,3.017879883097704,0.994821201169023,10.089399415488518
2022-01-15T00:00:00+00:00,synthetic_strategy_0,NVDA,target_actual_weight_gap,accepted,0.6199751480171203,11.11997514801712,13.11997514801712,2.1199751480171205,4.6199751480171205,1.5299937870042801,9.11997514801712,0.7619975148017121,0.08119975148017121,0.0911997514801712,96.35992544405136,118.47990059206847,1.1199751480171203,0.6199751480171203,0.41997514801712027,11.11997514801712,0.9938002485198288,10.5998757400856
2022-01-16T00:00:00+00:00,synthetic_strategy_1,JPM,fundamental_data_stale,accepted,0.48696360854911086,10.986963608549111,12.986963608549111,1.986963608549111,4.486963608549111,1.4967409021372777,8.986963608549111,0.7486963608549111,0.07986963608549111,0.0898696360854911,8.039109174352667,11.052145565803556,12.013036391450889,6.013036391450889,4.013036391450889,3.013036391450889,0.9948696360854911,10.065181957254445
2022-01-17T00:00:00+00:00,synthetic_strategy_2,XOM,debt_leverage_increase,accepted,0.3833841865107364,10.883384186510737,12.883384186510737,1.8833841865107364,1.0833841865107363,4.770846046627684,1.5833841865107363,0.7383384186510736,0.07883384186510736,0.08883384186510736,8.34984744046779,11.466463253957054,1.1166158134892636,0.6166158134892636,0.4166158134892636,3.1166158134892634,0.9938338418651074,10.583079067446318
2022-01-18T00:00:00+00:00,synthetic_strategy_3,AAPL,earnings_estimate_cut,accepted,-7.95691299751734,2.04308700248266,-3.95691299751734,-6.95691299751734,4.54308700248266,1.510771750620665,9.043087002482661,0.754308700248266,0.0804308700248266,0.0904308700248266,8.129261007447981,11.17234800993064,1.0430870024826602,0.5430870024826602,0.34308700248266016,3.04308700248266,0.9945691299751734,10.215435012413302
2022-01-19T00:00:00+00:00,synthetic_strategy_0,MSFT,alpha_score_decay,accepted,0.6055127673980869,11.105512767398087,13.105512767398087,2.105512767398087,4.605512767398087,1.5263781918495218,9.105512767398087,-0.1694487232601913,-0.048944872326019136,-0.05894487232601913,8.31653830219426,11.422051069592348,1.105512767398087,0.6055127673980869,0.4055127673980869,3.105512767398087,0.9939448723260191,10.527563836990435
2022-01-20T00:00:00+00:00,synthetic_strategy_1,NVDA,target_actual_weight_gap,accepted,0.42972351920308427,10.929723519203085,12.929723519203085,1.9297235192030844,4.429723519203084,1.482430879800771,8.929723519203085,0.7429723519203084,0.07929723519203084,0.08929723519203084,96.21082944239075,118.28110592318767,1.0702764807969156,0.5702764807969157,0.37027648079691566,11.070276480796915,0.9942972351920308,10.351382403984578
2022-01-21T00:00:00+00:00,synthetic_strategy_2,JPM,fundamental_data_stale,accepted,0.4125967078602085,10.912596707860208,12.912596707860208,1.9125967078602084,4.412596707860208,1.478149176965052,8.912596707860208,0.7412596707860208,0.07912596707860209,0.08912596707860208,8.262209876419375,11.349613168559166,12.087403292139792,6.087403292139792,4.087403292139792,3.0874032921397916,0.9941259670786021,10.437016460698958
2022-01-22T00:00:00+00:00,synthetic_strategy_3,XOM,debt_leverage_increase,accepted,0.5927993467479464,11.092799346747947,13.092799346747947,2.0927993467479467,1.2927993467479464,4.823199836686986,1.7927993467479464,0.7592799346747946,0.08092799346747946,0.09092799346747946,8.27839804024384,11.371197386991787,1.0927993467479464,0.5927993467479464,0.3927993467479465,3.0927993467479467,0.9940720065325205,10.463996733739732
2022-01-23T00:00:00+00:00,synthetic_strategy_0,AAPL,earnings_estimate_cut,accepted,-7.936510077665597,2.0634899223344028,-3.9365100776655972,-6.936510077665597,4.563489922334403,1.5158724805836008,9.063489922334403,0.7563489922334403,0.08063489922334403,0.09063489922334403,8.190469767003208,11.253959689337611,1.0634899223344028,0.5634899223344029,0.36348992233440286,3.0634899223344028,0.994365100776656,10.317449611672014
2022-01-24T00:00:00+00:00,synthetic_strategy_1,MSFT,alpha_score_decay,accepted,0.390839999379977,10.890839999379978,12.890839999379978,1.890839999379977,4.390839999379977,1.4727099998449942,8.890839999379978,-0.1909160000620023,-0.051091600006200236,-0.06109160000620023,8.327480001860069,11.436640002480091,1.109160000620023,0.6091600006200231,0.409160000620023,3.109160000620023,0.9939083999937998,10.545800003100116
2022-01-25T00:00:00+00:00,synthetic_strategy_2,NVDA,target_actual_weight_gap,accepted,0.4646394078199691,10.96463940781997,12.96463940781997,1.9646394078199692,4.464639407819969,1.4911598519549922,8.96463940781997,0.746463940781997,0.07964639407819969,0.08964639407819969,96.1060817765401,118.14144236872012,1.0353605921800308,0.535360592180031,0.3353605921800309,11.03536059218003,0.9946463940781997,10.176802960900154
2022-01-26T00:00:00+00:00,synthetic_strategy_3,JPM,fundamental_data_stale,accepted,0.618272035854876,11.118272035854876,13.118272035854876,2.118272035854876,4.618272035854876,1.529568008963719,9.118272035854876,0.7618272035854876,0.08118272035854876,0.09118272035854876,8.354816107564627,11.473088143419504,12.118272035854876,6.118272035854876,4.118272035854876,3.118272035854876,0.9938172796414513,10.59136017927438
2022-01-27T00:00:00+00:00,synthetic_strategy_0,XOM,debt_leverage_increase,accepted,0.5048831908819837,11.004883190881984,13.004883190881984,2.004883190881984,1.2048831908819837,4.801220797720496,1.7048831908819837,0.7504883190881984,0.08004883190881984,0.09004883190881983,8.01464957264595,11.019532763527936,1.0048831908819837,0.5048831908819837,0.3048831908819838,3.004883190881984,0.9949511680911801,10.02441595440992
2022-01-28T00:00:00+00:00,synthetic_strategy_1,AAPL,earnings_estimate_cut,accepted,-8.119530380374352,1.8804696196256487,-4.119530380374352,-7.119530380374352,4.380469619625648,1.470117404906412,8.880469619625648,0.7380469619625649,0.07880469619625649,0.08880469619625649,8.358591141123053,11.478121521497405,1.1195303803743513,0.6195303803743513,0.41953038037435125,3.1195303803743513,0.9938046961962564,10.597651901871757
2022-01-29T00:00:00+00:00,synthetic_strategy_2,MSFT,alpha_score_decay,accepted,0.525918471942586,11.025918471942585,13.025918471942585,2.0259184719425862,4.525918471942586,1.5064796179856466,9.025918471942585,-0.17740815280574138,-0.04974081528057414,-0.059740815280574136,8.077755415827758,11.103673887770345,1.025918471942586,0.525918471942586,0.32591847194258605,3.0259184719425862,0.9947408152805741,10.12959235971293
2022-01-30T00:00:00+00:00,synthetic_strategy_3,NVDA,target_actual_weight_gap,accepted,0.6128514755536407,11.11285147555364,13.11285147555364,2.1128514755536405,4.612851475553641,1.5282128688884102,9.11285147555364,0.761285147555364,0.08112851475553641,0.0911285147555364,96.33855442666092,118.45140590221456,1.1128514755536407,0.6128514755536407,0.4128514755536407,11.11285147555364,0.9938714852444636,10.564257377768204
2022-01-31T00:00:00+00:00,synthetic_strategy_0,JPM,fundamental_data_stale,accepted,0.4450009454609881,10.945000945460988,12.945000945460988,1.945000945460988,4.445000945460988,1.486250236365247,8.945000945460988,0.7445000945460988,0.07945000945460988,0.08945000945460987,8.164997163617036,11.219996218156048,12.054999054539012,6.054999054539012,4.054999054539012,3.054999054539012,0.9944500094546099,10.27499527269506
2022-02-01T00:00:00+00:00,synthetic_strategy_1,XOM,debt_leverage_increase,accepted,0.401321175183981,10.90132117518398,12.90132117518398,1.9013211751839811,1.101321175183981,4.775330293795995,1.601321175183981,0.7401321175183981,0.07901321175183981,0.08901321175183981,8.296036474448057,11.394715299264076,1.0986788248160189,0.598678824816019,0.3986788248160189,3.098678824816019,0.9940132117518398,10.493394124080094
2022-02-02T00:00:00+00:00,synthetic_strategy_2,AAPL,earnings_estimate_cut,accepted,-7.919572498898795,2.080427501101205,-3.919572498898795,-6.919572498898795,4.580427501101205,1.5201068752753013,9.080427501101205,0.7580427501101205,0.08080427501101205,0.09080427501101204,8.241282503303616,11.32171000440482,1.080427501101205,0.580427501101205,0.38042750110120493,3.080427501101205,0.9941957249889879,10.402137505506024
2022-02-03T00:00:00+00:00,synthetic_strategy_3,MSFT,alpha_score_decay,accepted,0.5779535434023442,11.077953543402344,13.077953543402344,2.077953543402344,4.577953543402344,1.519488385850586,9.077953543402344,-0.1722046456597656,-0.04922046456597656,-0.05922046456597656,8.233860630207033,11.311814173609376,1.0779535434023442,0.5779535434023442,0.3779535434023441,3.077953543402344,0.9942204645659766,10.38976771701172
2022-02-04T00:00:00+00:00,synthetic_strategy_0,NVDA,target_actual_weight_gap,accepted,0.39948472914235666,10.899484729142356,12.899484729142356,1.8994847291423567,4.399484729142356,1.474871182285589,8.899484729142356,0.7399484729142357,0.07899484729142357,0.08899484729142357,96.30154581257293,118.40206108343057,1.1005152708576433,0.6005152708576433,0.40051527085764327,11.100515270857644,0.9939948472914235,10.502576354288216
2022-02-05T00:00:00+00:00,synthetic_strategy_1,JPM,fundamental_data_stale,accepted,0.4479481350829179,10.947948135082918,12.947948135082918,1.947948135082918,4.4479481350829175,1.4869870337707294,8.947948135082918,0.7447948135082918,0.07947948135082918,0.08947948135082917,8.156155594751246,11.208207459668328,12.052051864917082,6.0520518649170825,4.0520518649170825,3.052051864917082,0.9944794813508292,10.26025932458541
2022-02-06T00:00:00+00:00,synthetic_strategy_2,XOM,debt_leverage_increase,accepted,0.6139284632824041,11.113928463282404,13.113928463282404,2.113928463282404,1.3139284632824042,4.828482115820601,1.8139284632824042,0.7613928463282404,0.08113928463282405,0.09113928463282404,8.341785389847212,11.455713853129616,1.113928463282404,0.6139284632824041,0.4139284632824041,3.113928463282404,0.9938607153671759,10.56964231641202
2022-02-07T00:00:00+00:00,synthetic_strategy_3,AAPL,earnings_estimate_cut,accepted,-7.977306245557893,2.022693754442107,-3.977306245557893,-6.977306245557893,4.522693754442107,1.5056734386105268,9.022693754442107,0.7522693754442107,0.08022693754442108,0.09022693754442107,8.06808126332632,11.090775017768427,1.022693754442107,0.522693754442107,0.32269375444210696,3.022693754442107,0.994773062455579,10.113468772210535
2022-02-08T00:00:00+00:00,synthetic_strategy_0,MSFT,alpha_score_decay,accepted,0.3802236060880756,10.880223606088075,12.880223606088075,1.8802236060880757,4.380223606088076,1.470055901522019,8.880223606088075,-0.19197763939119245,-0.05119776393911925,-0.06119776393911924,8.359329181735774,11.479105575647697,1.1197763939119243,0.6197763939119244,0.4197763939119244,3.1197763939119243,0.9938022360608808,10.598881969559622
2022-02-09T00:00:00+00:00,synthetic_strategy_1,NVDA,target_actual_weight_gap,accepted,0.5081713033621398,11.00817130336214,13.00817130336214,2.00817130336214,4.50817130336214,1.502042825840535,9.00817130336214,0.750817130336214,0.0800817130336214,0.09008171303362139,96.02451391008641,118.03268521344856,1.0081713033621398,0.5081713033621398,0.30817130336213977,11.00817130336214,0.9949182869663786,10.040856516810699
2022-02-10T00:00:00+00:00,synthetic_strategy_2,JPM,fundamental_data_stale,accepted,0.617670739013064,11.117670739013064,13.117670739013064,2.117670739013064,4.6176707390130645,1.5294176847532661,9.117670739013064,0.7617670739013064,0.08117670739013064,0.09117670739013063,8.353012217039192,11.470682956052256,12.117670739013064,6.1176707390130645,4.1176707390130645,3.117670739013064,0.9938232926098693,10.58835369506532
2022-02-11T00:00:00+00:00,synthetic_strategy_3,XOM,debt_leverage_increase,accepted,0.4615062429148226,10.961506242914822,12.961506242914822,1.9615062429148227,1.1615062429148226,4.790376560728705,1.6615062429148226,0.7461506242914823,0.07961506242914823,0.08961506242914823,8.115481271255533,11.15397502834071,1.0384937570851773,0.5384937570851774,0.33849375708517737,3.0384937570851775,0.9946150624291482,10.192468785425888
2022-02-12T00:00:00+00:00,synthetic_strategy_0,AAPL,earnings_estimate_cut,accepted,-8.107751321682715,1.892248678317285,-4.107751321682715,-7.107751321682715,4.392248678317285,1.4730621695793213,8.892248678317285,0.7392248678317285,0.07892248678317285,0.08892248678317284,8.323253965048146,11.43100528673086,1.107751321682715,0.607751321682715,0.40775132168271494,3.107751321682715,0.9939224867831729,10.538756608413575
2022-02-13T00:00:00+00:00,synthetic_strategy_1,MSFT,alpha_score_decay,accepted,0.5662600861889456,11.066260086188946,13.066260086188946,2.0662600861889455,4.5662600861889455,1.5165650215472364,9.066260086188946,-0.17337399138110543,-0.04933739913811055,-0.05933739913811054,8.198780258566837,11.265040344755782,1.0662600861889455,0.5662600861889456,0.3662600861889456,3.0662600861889455,0.9943373991381106,10.331300430944728
2022-02-14T00:00:00+00:00,synthetic_strategy_2,NVDA,target_actual_weight_gap,accepted,0.5906768270887306,11.09067682708873,13.09067682708873,2.0906768270887306,4.59067682708873,1.5226692067721825,9.09067682708873,0.759067682708873,0.0809067682708873,0.0909067682708873,96.27203048126619,118.36270730835493,1.0906768270887306,0.5906768270887306,0.3906768270887305,11.09067682708873,0.9940932317291127,10.453384135443653
2022-02-15T00:00:00+00:00,synthetic_strategy_3,JPM,fundamental_data_stale,accepted,0.41037349394991485,10.910373493949916,12.910373493949916,1.9103734939499148,4.410373493949915,1.4775933734874787,8.910373493949916,0.7410373493949914,0.07910373493949915,0.08910373493949915,8.268879518150255,11.358506024200341,12.089626506050084,6.089626506050085,4.089626506050085,3.0896265060500854,0.9941037349394991,10.448132530250426
2022-02-16T00:00:00+00:00,synthetic_strategy_0,XOM,debt_leverage_increase,accepted,0.43241893660626596,10.932418936606267,12.932418936606267,1.932418936606266,1.132418936606266,4.783104734151566,1.632418936606266,0.7432418936606267,0.07932418936606266,0.08932418936606265,8.202743190181202,11.270324253574936,1.067581063393734,0.567581063393734,0.367581063393734,3.067581063393734,0.9943241893660627,10.33790531696867
2022-02-17T00:00:00+00:00,synthetic_strategy_1,AAPL,earnings_estimate_cut,accepted,-7.892958598076076,2.1070414019239245,-3.8929585980760755,-6.892958598076076,4.607041401923924,1.526760350480981,9.107041401923924,0.7607041401923924,0.08107041401923924,0.09107041401923924,8.321124205771774,11.428165607695698,1.1070414019239245,0.6070414019239244,0.40704140192392446,3.1070414019239245,0.9939295859807608,10.535207009619622
2022-02-18T00:00:00+00:00,synthetic_strategy_2,MSFT,alpha_score_decay,accepted,0.5399976727945893,11.03999767279459,13.03999767279459,2.0399976727945894,4.539997672794589,1.5099994181986474,9.03999767279459,-0.17600023272054105,-0.04960002327205411,-0.0596000232720541,8.119993018383768,11.159990691178358,1.0399976727945892,0.5399976727945893,0.3399976727945893,3.0399976727945894,0.9946000232720541,10.199988363972947
2022-02-19T00:00:00+00:00,synthetic_strategy_3,NVDA,target_actual_weight_gap,accepted,0.38265163822764225,10.882651638227642,12.882651638227642,1.8826516382276421,4.382651638227642,1.4706629095569106,8.882651638227642,0.7382651638227642,0.07882651638227642,0.08882651638227641,96.35204508531707,118.46939344708943,1.1173483617723579,0.6173483617723577,0.4173483617723578,11.117348361772358,0.9938265163822764,10.586741808861788
2022-02-20T00:00:00+00:00,synthetic_strategy_0,JPM,fundamental_data_stale,accepted,0.4902417078633452,10.990241707863346,12.990241707863346,1.9902417078633452,4.490241707863345,1.4975604269658362,8.990241707863346,0.7490241707863345,0.07990241707863345,0.08990241707863345,8.029274876409964,11.03903316854662,12.009758292136654,6.009758292136655,4.009758292136655,3.009758292136655,0.9949024170786335,10.048791460683274
2022-02-21T00:00:00+00:00,synthetic_strategy_1,XOM,debt_leverage_increase,accepted,0.6198629662034284,11.119862966203428,13.119862966203428,2.1198629662034283,1.3198629662034285,4.829965741550857,1.8198629662034285,0.7619862966203428,0.08119862966203428,0.09119862966203428,8.359588898610285,11.479451864813713,1.1198629662034283,0.6198629662034284,0.4198629662034284,3.1198629662034283,0.9938013703379657,10.599314831017143
2022-02-22T00:00:00+00:00,synthetic_strategy_2,AAPL,earnings_estimate_cut,accepted,-8.02112907439383,1.9788709256061696,-4.021129074393831,-7.021129074393831,4.478870925606169,1.4947177314015423,8.97887092560617,0.7478870925606169,0.0797887092560617,0.0897887092560617,8.063387223181492,11.084516297575322,1.0211290743938304,0.5211290743938305,0.3211290743938304,3.0211290743938304,0.9947887092560617,10.105645371969151
2022-02-23T00:00:00+00:00,synthetic_strategy_3,MSFT,alpha_score_decay,accepted,0.38558176360698293,10.885581763606982,12.885581763606982,1.885581763606983,4.385581763606983,1.4713954409017458,8.885581763606982,-0.1914418236393017,-0.051144182363930174,-0.06114418236393017,8.343254709179051,11.457672945572067,1.114418236393017,0.6144182363930171,0.41441823639301706,3.114418236393017,0.9938558176360698,10.572091181965085
2022-02-24T00:00:00+00:00,synthetic_strategy_0,NVDA,target_actual_weight_gap,accepted,0.5506133940063177,11.050613394006318,13.050613394006318,2.0506133940063176,4.550613394006318,1.5126533485015794,9.050613394006318,0.7550613394006318,0.08050613394006317,0.09050613394006317,96.15184018201896,118.20245357602528,1.0506133940063178,0.5506133940063177,0.3506133940063177,11.050613394006318,0.9944938660599368,10.253066970031588
2022-02-25T00:00:00+00:00,synthetic_strategy_1,JPM,fundamental_data_stale,accepted,0.601375722082369,11.10137572208237,13.10137572208237,2.101375722082369,4.601375722082369,1.5253439305205923,9.10137572208237,0.7601375722082369,0.0810137572208237,0.0910137572208237,8.304127166247106,11.405502888329476,12.10137572208237,6.101375722082369,4.101375722082369,3.101375722082369,0.9939862427791764,10.506878610411846
2022-02-26T00:00:00+00:00,synthetic_strategy_2,XOM,debt_leverage_increase,accepted,0.4232631987025887,10.923263198702589,12.923263198702589,1.9232631987025888,1.1232631987025887,4.780815799675647,1.6232631987025887,0.7423263198702589,0.07923263198702589,0.08923263198702588,8.230210403892233,11.306947205189646,1.0767368012974112,0.5767368012974112,0.3767368012974113,3.0767368012974114,0.9942326319870258,10.383684006487057
2022-02-27T00:00:00+00:00,synthetic_strategy_3,AAPL,earnings_estimate_cut,accepted,-8.081601493368327,1.9183985066316738,-4.081601493368327,-7.081601493368327,4.418398506631673,1.4795996266579183,8.918398506631673,0.7418398506631674,0.07918398506631674,0.08918398506631674,8.244804480104978,11.326405973473305,1.0816014933683262,0.5816014933683263,0.3816014933683263,3.0816014933683262,0.9941839850663168,10.408007466841632
2022-02-28T00:00:00+00:00,synthetic_strategy_0,MSFT,alpha_score_decay,accepted,0.597764607591015,11.097764607591015,13.097764607591015,2.097764607591015,4.597764607591015,1.5244411518977536,9.097764607591015,-0.1702235392408985,-0.04902235392408985,-0.059022353924089846,8.293293822773045,11.39105843036406,1.097764607591015,0.597764607591015,0.39776460759101495,3.097764607591015,0.9940223539240899,10.488823037955076
2022-03-01T00:00:00+00:00,synthetic_strategy_1,NVDA,target_actual_weight_gap,accepted,0.5564086305181978,11.056408630518197,13.056408630518197,2.056408630518198,4.556408630518198,1.5141021576295495,9.056408630518197,0.7556408630518198,0.08056408630518198,0.09056408630518198,96.16922589155459,118.2256345220728,1.0564086305181979,0.5564086305181978,0.3564086305181978,11.056408630518197,0.994435913694818,10.282043152590989
2022-03-02T00:00:00+00:00,synthetic_strategy_2,JPM,fundamental_data_stale,accepted,0.3876995094629451,10.887699509462944,12.887699509462944,1.8876995094629452,4.387699509462945,1.4719248773657363,8.887699509462944,0.7387699509462945,0.07887699509462945,0.08887699509462944,8.336901471611165,11.44920196214822,12.112300490537056,6.112300490537055,4.112300490537055,3.112300490537055,0.9938769950946295,10.561502452685275
2022-03-03T00:00:00+00:00,synthetic_strategy_3,XOM,debt_leverage_increase,accepted,0.4725299693065752,10.972529969306574,12.972529969306574,1.9725299693065752,1.1725299693065752,4.793132492326643,1.6725299693065752,0.7472529969306575,0.07972529969306576,0.08972529969306575,8.082410092080275,11.1098801227737,1.0274700306934248,0.5274700306934248,0.3274700306934248,3.027470030693425,0.9947252996930658,10.137350153467125
2022-03-04T00:00:00+00:00,synthetic_strategy_0,AAPL,earnings_estimate_cut,accepted,-7.880620785036991,2.1193792149630086,-3.8806207850369914,-6.880620785036991,4.619379214963009,1.5298448037407522,9.11937921496301,0.7619379214963009,0.08119379214963009,0.09119379214963008,8.358137644889027,11.477516859852035,1.1193792149630089,0.6193792149630087,0.41937921496300873,3.1193792149630086,0.9938062078503699,10.596896074815044
2022-03-05T00:00:00+00:00,synthetic_strategy_1,MSFT,alpha_score_decay,accepted,0.49670732153081293,10.996707321530813,12.996707321530813,1.9967073215308129,4.496707321530813,1.4991768303827033,8.996707321530813,-0.1803292678469187,-0.05003292678469187,-0.06003292678469187,8.009878035407562,11.013170713876749,1.0032926784691871,0.503292678469187,0.30329267846918706,3.003292678469187,0.9949670732153081,10.016463392345935
2022-03-06T00:00:00+00:00,synthetic_strategy_2,NVDA,target_actual_weight_gap,accepted,0.38146927202147135,10.881469272021471,12.881469272021471,1.8814692720214714,4.381469272021471,1.4703673180053678,8.881469272021471,0.7381469272021471,0.07881469272021471,0.08881469272021471,96.35559218393558,118.47412291191411,1.1185307279785286,0.6185307279785287,0.41853072797852864,11.118530727978529,0.9938146927202147,10.592653639892644
2022-03-07T00:00:00+00:00,synthetic_strategy_3,JPM,fundamental_data_stale,accepted,0.5338367418789338,11.033836741878934,13.033836741878934,2.033836741878934,4.533836741878934,1.5084591854697336,9.033836741878934,0.7533836741878934,0.08033836741878934,0.09033836741878934,8.101510225636801,11.135346967515735,12.033836741878934,6.033836741878934,4.033836741878934,3.033836741878934,0.9946616325812107,10.16918370939467
2022-03-08T00:00:00+00:00,synthetic_strategy_0,XOM,debt_leverage_increase,accepted,0.6098113721865296,11.10981137218653,13.10981137218653,2.1098113721865297,1.3098113721865297,4.827452843046633,1.8098113721865297,0.760981137218653,0.0810981137218653,0.0910981137218653,8.32943411655959,11.439245488746119,1.1098113721865297,0.6098113721865296,0.4098113721865296,3.1098113721865297,0.9939018862781347,10.549056860932648
2022-03-09T00:00:00+00:00,synthetic_strategy_1,AAPL,earnings_estimate_cut,accepted,-8.062133923313477,1.9378660766865234,-4.062133923313477,-7.062133923313477,4.437866076686523,1.4844665191716309,8.937866076686523,0.7437866076686523,0.07937866076686524,0.08937866076686524,8.18640176994043,11.248535693253906,1.0621339233134766,0.5621339233134766,0.3621339233134766,3.0621339233134766,0.9943786607668652,10.310669616567383
2022-03-10T00:00:00+00:00,synthetic_strategy_2,MSFT,alpha_score_decay,accepted,0.4061998556693144,10.906199855669314,12.906199855669314,1.9061998556693143,4.406199855669314,1.4765499639173285,8.906199855669314,-0.18938001443306857,-0.05093800144330686,-0.060938001443306855,8.281400432992058,11.375200577322742,1.0938001443306857,0.5938001443306856,0.39380014433068566,3.0938001443306855,0.9940619985566932,10.469000721653428
2022-03-11T00:00:00+00:00,synthetic_strategy_3,NVDA,target_actual_weight_gap,accepted,0.5863051876357448,11.086305187635745,13.086305187635745,2.0863051876357446,4.586305187635745,1.5215762969089361,9.086305187635745,0.7586305187635745,0.08086305187635745,0.09086305187635745,96.25891556290723,118.34522075054298,1.0863051876357448,0.5863051876357448,0.3863051876357448,11.086305187635745,0.9941369481236425,10.431525938178725
2022-03-12T00:00:00+00:00,synthetic_strategy_0,JPM,fundamental_data_stale,accepted,0.5715602478186704,11.07156024781867,13.07156024781867,2.0715602478186703,4.57156024781867,1.5178900619546676,9.07156024781867,0.757156024781867,0.08071560247818671,0.0907156024781867,8.214680743456011,11.286240991274681,12.07156024781867,6.07156024781867,4.07156024781867,3.0715602478186703,0.9942843975218133,10.357801239093352
2022-03-13T00:00:00+00:00,synthetic_strategy_1,XOM,debt_leverage_increase,accepted,0.3952545244805368,10.895254524480537,12.895254524480537,1.8952545244805368,1.0952545244805367,4.7738136311201345,1.5952545244805367,0.7395254524480537,0.07895254524480537,0.08895254524480536,8.31423642655839,11.418981902077853,1.1047454755194632,0.6047454755194632,0.4047454755194632,3.1047454755194632,0.9939525452448054,10.523727377597316
2022-03-14T00:00:00+00:00,synthetic_strategy_2,AAPL,earnings_estimate_cut,accepted,-8.044568492172571,1.9554315078274291,-4.044568492172571,-7.044568492172571,4.455431507827429,1.4888578769568572,8.955431507827429,0.7455431507827429,0.07955431507827429,0.08955431507827429,8.133705476517713,11.178273968690283,1.0445684921725709,0.5445684921725709,0.3445684921725708,3.0445684921725706,0.9945543150782743,10.222842460862854
2022-03-15T00:00:00+00:00,synthetic_strategy_3,MSFT,alpha_score_decay,accepted,0.6162302851904413,11.116230285190442,13.116230285190442,2.1162302851904413,4.616230285190442,1.5290575712976104,9.116230285190442,-0.16837697148095587,-0.04883769714809559,-0.058837697148095586,8.348690855571324,11.464921140761765,1.1162302851904413,0.6162302851904413,0.41623028519044136,3.1162302851904413,0.9938376971480956,10.581151425952207
2022-03-16T00:00:00+00:00,synthetic_strategy_0,NVDA,target_actual_weight_gap,accepted,0.5146172275381978,11.014617227538197,13.014617227538197,2.014617227538198,4.5146172275381975,1.5036543068845494,9.014617227538197,0.7514617227538197,0.08014617227538198,0.09014617227538198,96.04385168261459,118.0584689101528,1.0146172275381977,0.5146172275381978,0.3146172275381978,11.014617227538197,0.9948538277246181,10.07308613769099
2022-03-17T00:00:00+00:00,synthetic_strategy_1,JPM,fundamental_data_stale,accepted,0.3800030162292356,10.880003016229235,12.880003016229235,1.8800030162292356,4.380003016229235,1.4700007540573088,8.880003016229235,0.7380003016229235,0.07880003016229235,0.08880003016229235,8.359990951312293,11.479987935083058,12.119996983770765,6.119996983770765,4.119996983770765,3.1199969837707644,0.9938000301622923,10.599984918853822
2022-03-18T00:00:00+00:00,synthetic_strategy_2,XOM,debt_leverage_increase,accepted,0.5163046738436677,11.016304673843667,13.016304673843667,2.016304673843668,1.2163046738436676,4.804076168460917,1.7163046738436676,0.7516304673843668,0.08016304673843667,0.09016304673843667,8.048914021531003,11.065218695374671,1.0163046738436676,0.5163046738436677,0.3163046738436677,3.016304673843668,0.9948369532615633,10.081523369218338
2022-03-19T00:00:00+00:00,synthetic_strategy_3,AAPL,earnings_estimate_cut,accepted,-7.884204551141317,2.1157954488586825,-3.8842045511413175,-6.884204551141317,4.615795448858683,1.5289488622146707,9.115795448858682,0.7615795448858683,0.08115795448858683,0.09115795448858682,8.347386346576048,11.46318179543473,1.1157954488586828,0.6157954488586826,0.41579544885868264,3.1157954488586825,0.9938420455114132,10.578977244293414
2022-03-20T00:00:00+00:00,synthetic_strategy_0,MSFT,alpha_score_decay,accepted,0.4538561140564927,10.953856114056492,12.953856114056492,1.9538561140564927,4.453856114056492,1.488464028514123,8.953856114056492,-0.18461438859435073,-0.050461438859435076,-0.06046143885943507,8.138431657830521,11.184575543774029,1.0461438859435073,0.5461438859435073,0.3461438859435073,3.0461438859435073,0.9945385611405649,10.230719429717537
2022-03-21T00:00:00+00:00,synthetic_strategy_1,NVDA,target_actual_weight_gap,accepted,0.39609532243976114,10.896095322439761,12.896095322439761,1.8960953224397612,4.396095322439761,1.4740238306099402,8.896095322439761,0.7396095322439761,0.07896095322439761,0.08896095322439761,96.31171403268071,118.41561871024095,1.1039046775602388,0.6039046775602388,0.40390467756023885,11.103904677560239,0.9939609532243976,10.519523387801193
2022-03-22T00:00:00+00:00,synthetic_strategy_2,JPM,fundamental_data_stale,accepted,0.5729189772138852,11.072918977213885,13.072918977213885,2.072918977213885,4.572918977213885,1.5182297443034714,9.072918977213885,0.7572918977213885,0.08072918977213886,0.09072918977213885,8.218756931641655,11.29167590885554,12.072918977213885,6.072918977213885,4.072918977213885,3.072918977213885,0.9942708102278611,10.364594886069426
2022-03-23T00:00:00+00:00,synthetic_strategy_3,XOM,debt_leverage_increase,accepted,0.5851142600729007,11.085114260072901,13.085114260072901,2.0851142600729005,1.2851142600729006,4.821278565018225,1.7851142600729006,0.75851142600729,0.08085114260072901,0.090851142600729,8.255342780218703,11.340457040291602,1.0851142600729007,0.5851142600729007,0.3851142600729006,3.0851142600729005,0.994148857399271,10.425571300364503
2022-03-24T00:00:00+00:00,synthetic_strategy_0,AAPL,earnings_estimate_cut,accepted,-8.094851984806747,1.9051480151932534,-4.094851984806747,-7.094851984806747,4.405148015193253,1.4762870037983133,8.905148015193253,0.7405148015193254,0.07905148015193253,0.08905148015193252,8.28455595442024,11.379407939226986,1.0948519848067466,0.5948519848067466,0.39485198480674666,3.0948519848067466,0.9940514801519326,10.474259924033733
2022-03-25T00:00:00+00:00,synthetic_strategy_1,MSFT,alpha_score_decay,accepted,0.4393280519578037,10.939328051957803,12.939328051957803,1.9393280519578038,4.439328051957804,1.484832012989451,8.939328051957803,-0.18606719480421963,-0.05060671948042197,-0.06060671948042196,8.182015844126589,11.242687792168786,1.0606719480421962,0.5606719480421962,0.36067194804219627,3.0606719480421964,0.994393280519578,10.303359740210981
2022-03-26T00:00:00+00:00,synthetic_strategy_2,NVDA,target_actual_weight_gap,accepted,0.6104864777335889,11.11048647773359,13.11048647773359,2.110486477733589,4.6104864777335886,1.5276216194333971,9.11048647773359,0.7610486477733589,0.08110486477733589,0.09110486477733588,96.33145943320076,118.44194591093435,1.1104864777335888,0.6104864777335889,0.4104864777335889,11.11048647773359,0.9938951352226642,10.552432388667944
2022-03-27T00:00:00+00:00,synthetic_strategy_3,JPM,fundamental_data_stale,accepted,0.5322007993420398,11.03220079934204,13.03220079934204,2.0322007993420397,4.53220079934204,1.50805019983551,9.03220079934204,0.753220079934204,0.0803220079934204,0.0903220079934204,8.09660239802612,11.128803197368159,12.03220079934204,6.03220079934204,4.03220079934204,3.0322007993420397,0.9946779920065796,10.1610039967102
2022-03-28T00:00:00+00:00,synthetic_strategy_0,XOM,debt_leverage_increase,accepted,0.3812157308521383,10.881215730852139,12.881215730852139,1.8812157308521382,1.0812157308521382,4.770303932713034,1.5812157308521382,0.7381215730852139,0.07881215730852138,0.08881215730852138,8.356352807443585,11.475137076591446,1.1187842691478618,0.6187842691478617,0.4187842691478617,3.1187842691478616,0.9938121573085213,10.593921345739309
2022-03-29T00:00:00+00:00,synthetic_strategy_1,AAPL,earnings_estimate_cut,accepted,-8.0015914011648,1.9984085988352005,-4.0015914011647995,-7.0015914011647995,4.4984085988352005,1.4996021497088001,8.9984085988352,0.74984085988352,0.07998408598835201,0.089984085988352,8.0047742034944,11.006365604659198,1.0015914011647995,0.5015914011647996,0.3015914011647996,3.0015914011647995,0.994984085988352,10.007957005823998
2022-03-30T00:00:00+00:00,synthetic_strategy_2,MSFT,alpha_score_decay,accepted,0.619194355704462,11.119194355704462,13.119194355704462,2.119194355704462,4.619194355704462,1.5297985889261154,9.119194355704462,-0.1680805644295538,-0.04880805644295538,-0.05880805644295538,8.357583067113385,11.476777422817849,1.119194355704462,0.619194355704462,0.41919435570446195,3.119194355704462,0.9938080564429553,10.59597177852231
2022-03-31T00:00:00+00:00,synthetic_strategy_3,NVDA,target_actual_weight_gap,accepted,0.4708763281975544,10.970876328197555,12.970876328197555,1.9708763281975543,4.470876328197554,1.4927190820493885,8.970876328197555,0.7470876328197554,0.07970876328197554,0.08970876328197554,96.08737101540734,118.11649468720978,1.0291236718024457,0.5291236718024456,0.3291236718024456,11.029123671802445,0.9947087632819755,10.145618359012229
2022-04-01T00:00:00+00:00,synthetic_strategy_0,JPM,fundamental_data_stale,accepted,0.3883104938263676,10.888310493826367,12.888310493826367,1.8883104938263677,4.388310493826368,1.472077623456592,8.888310493826367,0.7388310493826368,0.07888310493826368,0.08888310493826368,8.335068518520897,11.44675802469453,12.111689506173633,6.111689506173632,4.111689506173632,3.1116895061736325,0.9938831049382637,10.558447530868161
2022-04-02T00:00:00+00:00,synthetic_strategy_1,XOM,debt_leverage_increase,accepted,0.5579048276845602,11.05790482768456,13.05790482768456,2.05790482768456,1.2579048276845601,4.81447620692114,1.7579048276845601,0.7557904827684561,0.0805790482768456,0.0905790482768456,8.173714483053681,11.23161931073824,1.0579048276845602,0.5579048276845602,0.35790482768456017,3.05790482768456,0.9944209517231544,10.2895241384228
2022-04-03T00:00:00+00:00,synthetic_strategy_2,AAPL,earnings_estimate_cut,accepted,-7.903231930306942,2.0967680696930584,-3.9032319303069416,-6.903231930306942,4.596768069693058,1.5241920174232646,9.096768069693058,0.7596768069693058,0.08096768069693058,0.09096768069693058,8.290304209079174,11.387072278772234,1.0967680696930584,0.5967680696930584,0.39676806969305833,3.0967680696930584,0.9940323193030695,10.483840348465291
2022-04-04T00:00:00+00:00,synthetic_strategy_3,MSFT,alpha_score_decay,accepted,0.41715910630832664,10.917159106308327,12.917159106308327,1.9171591063083266,4.417159106308326,1.4792897765770816,8.917159106308327,-0.18828408936916732,-0.05082840893691674,-0.06082840893691673,8.24852268107502,11.331363574766694,1.0828408936916734,0.5828408936916734,0.38284089369167335,3.0828408936916736,0.9941715910630833,10.414204468458367
2022-04-05T00:00:00+00:00,synthetic_strategy_0,NVDA,target_actual_weight_gap,accepted,0.4245791164163284,10.924579116416329,12.924579116416329,1.9245791164163284,4.424579116416329,1.4811447791040822,8.924579116416329,0.7424579116416329,0.07924579116416329,0.08924579116416329,96.22626265075101,118.30168353433469,1.0754208835836716,0.5754208835836716,0.3754208835836716,11.075420883583671,0.9942457911641632,10.377104417918359
2022-04-06T00:00:00+00:00,synthetic_strategy_1,JPM,fundamental_data_stale,accepted,0.6022760249009937,11.102276024900993,13.102276024900993,2.102276024900994,4.602276024900994,1.5255690062252485,9.102276024900993,0.7602276024900994,0.08102276024900994,0.09102276024900993,8.306828074702981,11.409104099603976,12.102276024900993,6.102276024900994,4.102276024900994,3.102276024900994,0.9939772397509901,10.511380124504969
2022-04-07T00:00:00+00:00,synthetic_strategy_2,XOM,debt_leverage_increase,accepted,0.5490654781698239,11.049065478169824,13.049065478169824,2.049065478169824,1.2490654781698238,4.8122663695424555,1.7490654781698238,0.7549065478169824,0.08049065478169824,0.09049065478169824,8.147196434509471,11.196261912679295,1.0490654781698239,0.5490654781698239,0.34906547816982386,3.049065478169824,0.9945093452183018,10.24532739084912
2022-04-08T00:00:00+00:00,synthetic_strategy_3,AAPL,earnings_estimate_cut,accepted,-8.114919658345311,1.8850803416546882,-4.114919658345312,-7.114919658345312,4.385080341654688,1.471270085413672,8.885080341654689,0.7385080341654688,0.07885080341654688,0.08885080341654687,8.344758975035935,11.459678633381246,1.1149196583453118,0.6149196583453117,0.41491965834531175,3.1149196583453116,0.9938508034165469,10.57459829172656
2022-04-09T00:00:00+00:00,synthetic_strategy_0,MSFT,alpha_score_decay,accepted,0.480548052358409,10.98054805235841,12.98054805235841,1.980548052358409,4.480548052358409,1.4951370130896022,8.98054805235841,-0.1819451947641591,-0.050194519476415914,-0.06019451947641591,8.058355842924772,11.077807790566364,1.019451947641591,0.519451947641591,0.319451947641591,3.019451947641591,0.9948054805235841,10.097259738207955
2022-04-10T00:00:00+00:00,synthetic_strategy_1,NVDA,target_actual_weight_gap,accepted,0.619932211059199,11.119932211059199,13.119932211059199,2.119932211059199,4.619932211059199,1.5299830527647997,9.119932211059199,0.7619932211059199,0.081199322110592,0.091199322110592,96.3597966331776,118.4797288442368,1.1199322110591992,0.619932211059199,0.41993221105919903,11.119932211059199,0.993800677889408,10.599661055295995
2022-04-11T00:00:00+00:00,synthetic_strategy_2,JPM,fundamental_data_stale,accepted,0.4885467374742571,10.988546737474257,12.988546737474257,1.9885467374742571,4.488546737474257,1.4971366843685643,8.988546737474257,0.7488546737474258,0.07988546737474257,0.08988546737474257,8.034359787577229,11.045813050102971,12.011453262525743,6.011453262525743,4.011453262525743,3.011453262525743,0.9948854673747426,10.057266312628714
2022-04-12T00:00:00+00:00,synthetic_strategy_3,XOM,debt_leverage_increase,accepted,0.38301916857712714,10.883019168577126,12.883019168577126,1.8830191685771271,1.083019168577127,4.770754792144282,1.583019168577127,0.7383019168577127,0.07883019168577127,0.08883019168577126,8.350942494268619,11.467923325691492,1.1169808314228729,0.6169808314228729,0.41698083142287284,3.116980831422873,0.9938301916857712,10.584904157114364
2022-04-13T00:00:00+00:00,synthetic_strategy_0,AAPL,earnings_estimate_cut,accepted,-7.958402065340357,2.041597934659644,-3.958402065340356,-6.958402065340357,4.541597934659643,1.5103994836649108,9.041597934659643,0.7541597934659644,0.08041597934659644,0.09041597934659644,8.12479380397893,11.166391738638575,1.0415979346596436,0.5415979346596437,0.3415979346596436,3.041597934659644,0.9945840206534036,10.207989673298218
2022-04-14T00:00:00+00:00,synthetic_strategy_1,MSFT,alpha_score_decay,accepted,0.6062615017129529,11.106261501712954,13.106261501712954,2.106261501712953,4.606261501712953,1.5265653754282382,9.106261501712954,-0.1693738498287047,-0.04893738498287047,-0.05893738498287047,8.31878450513886,11.425046006851812,1.106261501712953,0.6062615017129529,0.4062615017129529,3.106261501712953,0.9939373849828704,10.531307508564765
2022-04-15T00:00:00+00:00,synthetic_strategy_2,NVDA,target_actual_weight_gap,accepted,0.43101964643777907,10.931019646437779,12.931019646437779,1.9310196464377791,4.431019646437779,1.4827549116094447,8.931019646437779,0.7431019646437779,0.07931019646437779,0.08931019646437778,96.20694106068666,118.27592141424888,1.0689803535622209,0.5689803535622209,0.3689803535622209,11.068980353562221,0.9943101964643778,10.344901767811105
2022-04-16T00:00:00+00:00,synthetic_strategy_3,JPM,fundamental_data_stale,accepted,0.41151397582914884,10.911513975829148,12.911513975829148,1.9115139758291488,4.411513975829148,1.477878493957287,8.911513975829148,0.7411513975829149,0.07911513975829149,0.08911513975829148,8.265458072512553,11.353944096683405,12.088486024170852,6.088486024170852,4.088486024170852,3.088486024170851,0.9941151397582915,10.442430120854256
2022-04-17T00:00:00+00:00,synthetic_strategy_0,XOM,debt_leverage_increase,accepted,0.5917822276352487,11.09178222763525,13.09178222763525,2.0917822276352487,1.2917822276352486,4.822945556908812,1.7917822276352486,0.7591782227635249,0.08091782227635248,0.09091782227635248,8.275346682905747,11.367128910540995,1.0917822276352487,0.5917822276352487,0.3917822276352487,3.0917822276352487,0.9940821777236475,10.458911138176244
2022-04-18T00:00:00+00:00,synthetic_strategy_1,AAPL,earnings_estimate_cut,accepted,-7.93516524523911,2.0648347547608896,-3.9351652452391104,-6.93516524523911,4.56483475476089,1.5162086886902224,9.06483475476089,0.756483475476089,0.0806483475476089,0.09064834754760889,8.194504264282669,11.259339019043558,1.0648347547608896,0.5648347547608896,0.36483475476088967,3.0648347547608896,0.9943516524523911,10.324173773804448
2022-04-19T00:00:00+00:00,synthetic_strategy_2,MSFT,alpha_score_decay,accepted,0.39151056998486816,10.891510569984868,12.891510569984868,1.8915105699848682,4.391510569984868,1.472877642496217,8.891510569984868,-0.19084894300151317,-0.05108489430015132,-0.061084894300151314,8.325468290045395,11.433957720060528,1.1084894300151318,0.6084894300151318,0.4084894300151318,3.108489430015132,0.9939151056998486,10.54244715007566
2022-04-20T00:00:00+00:00,synthetic_strategy_3,NVDA,target_actual_weight_gap,accepted,0.46312177673252986,10.96312177673253,12.96312177673253,1.96312177673253,4.46312177673253,1.4907804441831325,8.96312177673253,0.746312177673253,0.0796312177673253,0.0896312177673253,96.11063466980241,118.14751289306989,1.03687822326747,0.5368782232674701,0.3368782232674701,11.03687822326747,0.9946312177673253,10.18439111633735
2022-04-21T00:00:00+00:00,synthetic_strategy_0,JPM,fundamental_data_stale,accepted,0.6179925420699618,11.117992542069961,13.117992542069961,2.117992542069962,4.6179925420699615,1.5294981355174904,9.117992542069961,0.7617992542069961,0.08117992542069961,0.09117992542069961,8.353977626209886,11.471970168279848,12.117992542069961,6.1179925420699615,4.1179925420699615,3.117992542069962,0.9938200745793003,10.589962710349809
2022-04-22T00:00:00+00:00,synthetic_strategy_1,XOM,debt_leverage_increase,accepted,0.5064728444401775,11.006472844440177,13.006472844440177,2.0064728444401774,1.2064728444401775,4.8016182111100445,1.7064728444401775,0.7506472844440177,0.08006472844440178,0.09006472844440178,8.019418533320533,11.02589137776071,1.0064728444401776,0.5064728444401775,0.30647284444017747,3.0064728444401774,0.9949352715555982,10.032364222200888
2022-04-23T00:00:00+00:00,synthetic_strategy_2,AAPL,earnings_estimate_cut,accepted,-8.119660522807058,1.880339477192942,-4.119660522807058,-7.119660522807058,4.380339477192942,1.4700848692982356,8.880339477192942,0.7380339477192942,0.07880339477192942,0.08880339477192942,8.358981568421173,11.478642091228231,1.119660522807058,0.6196605228070579,0.4196605228070579,3.1196605228070577,0.9938033947719295,10.598302614035289
2022-04-24T00:00:00+00:00,synthetic_strategy_3,MSFT,alpha_score_decay,accepted,0.5243623546562501,11.024362354656251,13.024362354656251,2.02436235465625,4.52436235465625,1.5060905886640625,9.024362354656251,-0.17756376453437497,-0.0497563764534375,-0.059756376453437496,8.073087063968751,11.097449418625,1.0243623546562501,0.5243623546562501,0.32436235465625013,3.02436235465625,0.9947563764534375,10.121811773281252
2022-04-25T00:00:00+00:00,synthetic_strategy_0,NVDA,target_actual_weight_gap,accepted,0.6133826122759918,11.113382612275991,13.113382612275991,2.113382612275992,4.613382612275991,1.5283456530689978,9.113382612275991,0.7613382612275992,0.08113382612275992,0.09113382612275991,96.34014783682798,118.45353044910397,1.1133826122759918,0.6133826122759918,0.41338261227599177,11.113382612275991,0.9938661738772401,10.566913061379958
2022-04-26T00:00:00+00:00,synthetic_strategy_1,JPM,fundamental_data_stale,accepted,0.44642019466253763,10.946420194662538,12.946420194662538,1.9464201946625377,4.4464201946625375,1.4866050486656344,8.946420194662538,0.7446420194662537,0.07946420194662537,0.08946420194662537,8.160739416012387,11.21431922134985,12.053579805337462,6.0535798053374625,4.0535798053374625,3.0535798053374625,0.9944642019466253,10.267899026687312
2022-04-27T00:00:00+00:00,synthetic_strategy_2,XOM,debt_leverage_increase,accepted,0.400424313570323,10.900424313570323,12.900424313570323,1.900424313570323,1.1004243135703229,4.7751060783925805,1.6004243135703229,0.7400424313570323,0.07900424313570323,0.08900424313570322,8.298727059289032,11.398302745718707,1.099575686429677,0.599575686429677,0.399575686429677,3.099575686429677,0.9940042431357032,10.497878432148385
2022-04-28T00:00:00+00:00,synthetic_strategy_3,AAPL,earnings_estimate_cut,accepted,-7.920760636738215,2.079239363261786,-3.920760636738214,-6.920760636738215,4.579239363261785,1.5198098408154463,9.079239363261786,0.7579239363261786,0.08079239363261785,0.09079239363261785,8.237718089785357,11.316957453047143,1.0792393632617856,0.5792393632617856,0.3792393632617856,3.079239363261786,0.9942076063673821,10.396196816308928
2022-04-29T00:00:00+00:00,synthetic_strategy_0,MSFT,alpha_score_decay,accepted,0.5791565750541485,11.07915657505415,13.07915657505415,2.0791565750541485,4.5791565750541485,1.5197891437635371,9.07915657505415,-0.17208434249458512,-0.04920843424945852,-0.059208434249458514,8.237469725162446,11.316626300216594,1.0791565750541485,0.5791565750541485,0.37915657505414857,3.0791565750541485,0.9942084342494585,10.395782875270744
2022-04-30T00:00:00+00:00,synthetic_strategy_1,NVDA,target_actual_weight_gap,accepted,0.40036285897217927,10.90036285897218,12.90036285897218,1.9003628589721793,4.400362858972179,1.4750907147430448,8.90036285897218,0.7400362858972179,0.07900362858972179,0.08900362858972179,96.29891142308347,118.39854856411128,1.0996371410278207,0.5996371410278207,0.3996371410278208,11.09963714102782,0.9940036285897218,10.498185705139104
2022-05-01T00:00:00+00:00,synthetic_strategy_2,JPM,fundamental_data_stale,accepted,0.4465188190434146,10.946518819043414,12.946518819043414,1.9465188190434146,4.446518819043415,1.4866297047608537,8.946518819043414,0.7446518819043415,0.07946518819043415,0.08946518819043414,8.160443542869757,11.213924723826342,12.053481180956586,6.053481180956585,4.053481180956585,3.0534811809565854,0.9944651881904342,10.267405904782928
2022-05-02T00:00:00+00:00,synthetic_strategy_3,XOM,debt_leverage_increase,accepted,0.613418652457177,11.113418652457177,13.113418652457177,2.113418652457177,1.313418652457177,4.828354663114294,1.813418652457177,0.7613418652457177,0.08113418652457177,0.09113418652457177,8.34025595737153,11.453674609828708,1.113418652457177,0.613418652457177,0.4134186524571769,3.113418652457177,0.9938658134754282,10.567093262285885
2022-05-03T00:00:00+00:00,synthetic_strategy_0,AAPL,earnings_estimate_cut,accepted,-7.975745556882465,2.024254443117535,-3.975745556882465,-6.975745556882465,4.524254443117535,1.5060636107793837,9.024254443117535,0.7524254443117535,0.08024254443117534,0.09024254443117534,8.072763329352604,11.09701777247014,1.0242544431175349,0.524254443117535,0.32425444311753493,3.024254443117535,0.9947574555688247,10.121272215587675
2022-05-04T00:00:00+00:00,synthetic_strategy_1,MSFT,alpha_score_decay,accepted,0.3803312446270258,10.880331244627026,12.880331244627026,1.8803312446270257,4.380331244627026,1.4700828111567565,8.880331244627026,-0.1919668755372974,-0.05119668755372975,-0.06119668755372974,8.359006266118923,11.478675021491897,1.1196687553729743,0.6196687553729743,0.4196687553729742,3.1196687553729743,0.9938033124462703,10.598343776864871
2022-05-05T00:00:00+00:00,synthetic_strategy_2,NVDA,target_actual_weight_gap,accepted,0.5065828774204771,11.006582877420477,13.006582877420477,2.006582877420477,4.5065828774204775,1.5016457193551194,9.006582877420477,0.7506582877420477,0.08006582877420478,0.09006582877420477,96.01974863226143,118.02633150968191,1.0065828774204773,0.5065828774204771,0.3065828774204772,11.006582877420477,0.9949341712257952,10.032914387102386
2022-05-06T00:00:00+00:00,synthetic_strategy_3,JPM,fundamental_data_stale,accepted,0.617972420348473,11.117972420348472,13.117972420348472,2.117972420348473,4.617972420348473,1.5294931050871183,9.117972420348472,0.7617972420348473,0.08117972420348474,0.09117972420348473,8.353917261045419,11.471889681393892,12.117972420348472,6.117972420348473,4.117972420348473,3.117972420348473,0.9938202757965152,10.589862101742366
2022-05-07T00:00:00+00:00,synthetic_strategy_0,XOM,debt_leverage_increase,accepted,0.4630169288982893,10.96301692889829,12.96301692889829,1.9630169288982893,1.1630169288982892,4.790754232224572,1.6630169288982892,0.746301692889829,0.0796301692889829,0.08963016928898289,8.110949213305132,11.147932284406842,1.0369830711017107,0.5369830711017107,0.33698307110171066,3.0369830711017105,0.9946301692889828,10.184915355508553
2022-05-08T00:00:00+00:00,synthetic_strategy_1,AAPL,earnings_estimate_cut,accepted,-8.108442290161282,1.8915577098387184,-4.108442290161282,-7.108442290161282,4.391557709838718,1.4728894274596795,8.891557709838718,0.7391557709838719,0.07891557709838719,0.08891557709838718,8.325326870483845,11.433769160645127,1.1084422901612816,0.6084422901612817,0.40844229016128164,3.108442290161282,0.9939155770983872,10.542211450806409
2022-05-09T00:00:00+00:00,synthetic_strategy_2,MSFT,alpha_score_decay,accepted,0.5649274551738692,11.06492745517387,13.06492745517387,2.064927455173869,4.564927455173869,1.5162318637934673,9.06492745517387,-0.17350725448261306,-0.04935072544826131,-0.0593507254482613,8.194782365521608,11.259709820695477,1.0649274551738692,0.5649274551738692,0.36492745517386926,3.064927455173869,0.9943507254482613,10.324637275869346
2022-05-10T00:00:00+00:00,synthetic_strategy_3,NVDA,target_actual_weight_gap,accepted,0.5917111999057358,11.091711199905737,13.091711199905737,2.091711199905736,4.591711199905736,1.522927799976434,9.091711199905737,0.7591711199905736,0.08091711199905736,0.09091711199905736,96.27513359971721,118.36684479962294,1.0917111999057358,0.5917111999057358,0.3917111999057359,11.091711199905737,0.9940828880009427,10.458555999528679
2022-05-11T00:00:00+00:00,synthetic_strategy_0,JPM,fundamental_data_stale,accepted,0.41143957847994933,10.91143957847995,12.91143957847995,1.9114395784799494,4.411439578479949,1.4778598946199872,8.91143957847995,0.7411439578479949,0.0791143957847995,0.08911439578479949,8.265681264560152,11.354241686080202,12.08856042152005,6.088560421520051,4.088560421520051,3.0885604215200506,0.9941143957847995,10.442802107600253
2022-05-12T00:00:00+00:00,synthetic_strategy_1,XOM,debt_leverage_increase,accepted,0.431109845544961,10.931109845544961,12.931109845544961,1.931109845544961,1.1311098455449609,4.78277746138624,1.6311098455449609,0.7431109845544961,0.0793110984554496,0.0893110984554496,8.206670463365118,11.275560617820156,1.068890154455039,0.568890154455039,0.36889015445503903,3.068890154455039,0.9943110984554496,10.344450772275195
2022-05-13T00:00:00+00:00,synthetic_strategy_2,AAPL,earnings_estimate_cut,accepted,-7.893687344254549,2.106312655745451,-3.893687344254549,-6.893687344254549,4.606312655745451,1.5265781639363627,9.106312655745452,0.7606312655745451,0.08106312655745451,0.09106312655745451,8.318937967236353,11.425250622981803,1.1063126557454508,0.6063126557454509,0.4063126557454509,3.106312655745451,0.9939368734425454,10.531563278727255
2022-05-14T00:00:00+00:00,synthetic_strategy_3,MSFT,alpha_score_decay,accepted,0.541494553721565,11.041494553721565,13.041494553721565,2.041494553721565,4.541494553721565,1.5103736384303912,9.041494553721565,-0.1758505446278435,-0.049585054462784356,-0.05958505446278435,8.124483661164694,11.16597821488626,1.041494553721565,0.541494553721565,0.34149455372156495,3.041494553721565,0.9945850544627843,10.207472768607825
2022-05-15T00:00:00+00:00,synthetic_strategy_0,NVDA,target_actual_weight_gap,accepted,0.3829946546740023,10.882994654674002,12.882994654674002,1.8829946546740022,4.382994654674002,1.4707486636685005,8.882994654674002,0.7382994654674002,0.07882994654674003,0.08882994654674002,96.35101603597799,118.46802138130398,1.1170053453259978,0.6170053453259977,0.41700534532599776,11.117005345325998,0.9938299465467401,10.58502672662999
2022-05-16T00:00:00+00:00,synthetic_strategy_1,JPM,fundamental_data_stale,accepted,0.4886564353752384,10.988656435375239,12.988656435375239,1.9886564353752385,4.488656435375239,1.4971641088438097,8.988656435375239,0.7488656435375238,0.07988656435375238,0.08988656435375238,8.034030693874286,11.045374258499047,12.011343564624761,6.011343564624761,4.011343564624761,3.0113435646247617,0.9948865643537523,10.056717823123808
2022-05-17T00:00:00+00:00,synthetic_strategy_2,XOM,debt_leverage_increase,accepted,0.6199284570211695,11.11992845702117,13.11992845702117,2.1199284570211696,1.3199284570211696,4.829982114255293,1.8199284570211696,0.761992845702117,0.0811992845702117,0.09119928457021169,8.35978537106351,11.479713828084678,1.1199284570211696,0.6199284570211695,0.4199284570211695,3.1199284570211696,0.9938007154297883,10.599642285105848
2022-05-18T00:00:00+00:00,synthetic_strategy_3,AAPL,earnings_estimate_cut,accepted,-8.01956067816831,1.9804393218316907,-4.019560678168309,-7.019560678168309,4.480439321831691,1.4951098304579227,8.98043932183169,0.7480439321831691,0.07980439321831691,0.0898043932183169,8.058682034504928,11.078242712673237,1.0195606781683093,0.5195606781683094,0.31956067816830935,3.0195606781683093,0.9948043932183169,10.097803390841547
2022-05-19T00:00:00+00:00,synthetic_strategy_0,MSFT,alpha_score_decay,accepted,0.38511211435217685,10.885112114352177,12.885112114352177,1.8851121143521767,4.385112114352177,1.4712780285880442,8.885112114352177,-0.1914887885647823,-0.05114887885647824,-0.06114887885647823,8.34466365694347,11.459551542591292,1.1148878856478233,0.6148878856478232,0.41488788564782314,3.114887885647823,0.9938511211435218,10.574439428239115
2022-05-20T00:00:00+00:00,synthetic_strategy_1,NVDA,target_actual_weight_gap,accepted,0.5491660212222615,11.04916602122226,13.04916602122226,2.0491660212222618,4.549166021222262,1.5122915053055654,9.04916602122226,0.7549166021222261,0.08049166021222262,0.09049166021222262,96.14749806366679,118.19666408488905,1.0491660212222615,0.5491660212222615,0.3491660212222616,11.04916602122226,0.9945083397877774,10.245830106111308
2022-05-21T00:00:00+00:00,synthetic_strategy_2,JPM,fundamental_data_stale,accepted,0.6022183433660127,11.102218343366012,13.102218343366012,2.1022183433660127,4.602218343366013,1.5255545858415032,9.102218343366012,0.7602218343366013,0.08102218343366013,0.09102218343366013,8.306655030098037,11.40887337346405,12.102218343366012,6.102218343366013,4.102218343366013,3.1022183433660127,0.9939778165663399,10.511091716830062
2022-05-22T00:00:00+00:00,synthetic_strategy_3,XOM,debt_leverage_increase,accepted,0.4244934372603003,10.9244934372603,12.9244934372603,1.9244934372603004,1.1244934372603002,4.781123359315075,1.6244934372603002,0.74244934372603,0.07924493437260301,0.089244934372603,8.2265196882191,11.302026250958798,1.0755065627396996,0.5755065627396997,0.3755065627396997,3.0755065627396996,0.994244934372603,10.3775328136985
2022-05-23T00:00:00+00:00,synthetic_strategy_0,AAPL,earnings_estimate_cut,accepted,-8.082761133581633,1.917238866418368,-4.082761133581632,-7.082761133581632,4.417238866418368,1.479309716604592,8.917238866418367,0.7417238866418367,0.07917238866418368,0.08917238866418367,8.248283400744896,11.331044534326528,1.082761133581632,0.5827611335816321,0.38276113358163205,3.082761133581632,0.9941723886641837,10.41380566790816
2022-05-24T00:00:00+00:00,synthetic_strategy_1,MSFT,alpha_score_decay,accepted,0.596833195547,11.096833195547,13.096833195547,2.096833195547,4.596833195547,1.52420829888675,9.096833195547,-0.1703166804453,-0.049031668044530005,-0.05903166804453,8.290499586641,11.387332782188,1.0968331955469999,0.596833195547,0.3968331955469999,3.096833195547,0.99403166804453,10.484165977735
2022-05-25T00:00:00+00:00,synthetic_strategy_2,NVDA,target_actual_weight_gap,accepted,0.5578082853590856,11.057808285359085,13.057808285359085,2.0578082853590853,4.557808285359085,1.5144520713397713,9.057808285359085,0.7557808285359086,0.08057808285359086,0.09057808285359085,96.17342485607726,118.23123314143635,1.0578082853590856,0.5578082853590856,0.3578082853590855,11.057808285359085,0.9944219171464092,10.289041426795428
2022-05-26T00:00:00+00:00,synthetic_strategy_3,JPM,fundamental_data_stale,accepted,0.38827024586663383,10.888270245866634,12.888270245866634,1.8882702458666338,4.388270245866634,1.4720675614666585,8.888270245866634,0.7388270245866634,0.07888270245866634,0.08888270245866634,8.335189262400098,11.446919016533466,12.111729754133366,6.111729754133366,4.111729754133366,3.1117297541333664,0.9938827024586663,10.558648770666831
2022-05-27T00:00:00+00:00,synthetic_strategy_0,XOM,debt_leverage_increase,accepted,0.4709832419790657,10.970983241979066,12.970983241979066,1.9709832419790658,1.1709832419790658,4.7927458104947664,1.6709832419790658,0.7470983241979066,0.07970983241979065,0.08970983241979065,8.087050274062802,11.116067032083738,1.0290167580209342,0.5290167580209343,0.3290167580209343,3.0290167580209344,0.9947098324197906,10.145083790104671
2022-05-28T00:00:00+00:00,synthetic_strategy_1,AAPL,earnings_estimate_cut,accepted,-7.880792946840028,2.119207053159972,-3.880792946840028,-6.880792946840028,4.619207053159972,1.529801763289993,9.119207053159972,0.7619207053159972,0.08119207053159971,0.09119207053159971,8.357621159479915,11.476828212639887,1.1192070531599716,0.6192070531599717,0.4192070531599717,3.119207053159972,0.9938079294684002,10.596035265799859
2022-05-29T00:00:00+00:00,synthetic_strategy_2,MSFT,alpha_score_decay,accepted,0.4982984130592211,10.99829841305922,12.99829841305922,1.9982984130592212,4.498298413059221,1.4995746032648052,8.99829841305922,-0.18017015869407788,-0.050017015869407794,-0.06001701586940779,8.005104760822336,11.006806347763115,1.0017015869407788,0.5017015869407789,0.30170158694077887,3.001701586940779,0.9949829841305922,10.008507934703895
2022-05-30T00:00:00+00:00,synthetic_strategy_3,NVDA,target_actual_weight_gap,accepted,0.3812314270577978,10.881231427057799,12.881231427057799,1.881231427057798,4.381231427057798,1.4703078567644494,8.881231427057799,0.7381231427057798,0.07881231427057798,0.08881231427057798,96.3563057188266,118.4750742917688,1.118768572942202,0.6187685729422022,0.41876857294220216,11.118768572942201,0.9938123142705779,10.59384286471101
2022-05-31T00:00:00+00:00,synthetic_strategy_0,JPM,fundamental_data_stale,accepted,0.532306940378658,11.032306940378659,13.032306940378659,2.032306940378658,4.532306940378658,1.5080767350946644,9.032306940378659,0.7532306940378658,0.08032306940378658,0.09032306940378658,8.096920821135974,11.129227761514631,12.032306940378659,6.032306940378658,4.032306940378658,3.032306940378658,0.9946769305962134,10.16153470189329
2022-06-01T00:00:00+00:00,synthetic_strategy_1,XOM,debt_leverage_increase,accepted,0.6104434301515552,11.110443430151555,13.110443430151555,2.1104434301515553,1.310443430151555,4.827610857537889,1.810443430151555,0.7610443430151556,0.08110443430151555,0.09110443430151555,8.331330290454666,11.441773720606221,1.1104434301515553,0.6104434301515552,0.4104434301515552,3.1104434301515553,0.9938955656984845,10.552217150757777
2022-06-02T00:00:00+00:00,synthetic_strategy_2,AAPL,earnings_estimate_cut,accepted,-8.060766996190939,1.939233003809061,-4.060766996190939,-7.060766996190939,4.439233003809061,1.4848082509522653,8.939233003809061,0.7439233003809061,0.07939233003809061,0.0893923300380906,8.182300988572816,11.243067984763755,1.060766996190939,0.560766996190939,0.3607669961909389,3.0607669961909387,0.9943923300380906,10.303834980954694
2022-06-03T00:00:00+00:00,synthetic_strategy_3,MSFT,alpha_score_decay,accepted,0.40521555563660394,10.905215555636603,12.905215555636603,1.905215555636604,4.4052155556366035,1.4763038889091509,8.905215555636603,-0.1894784444363396,-0.05094784444363396,-0.06094784444363396,8.284353333090188,11.379137777453584,1.094784444363396,0.5947844443633961,0.39478444436339605,3.094784444363396,0.9940521555563661,10.47392222181698
2022-06-04T00:00:00+00:00,synthetic_strategy_0,NVDA,target_actual_weight_gap,accepted,0.5851919037931049,11.085191903793104,13.085191903793104,2.085191903793105,4.585191903793105,1.5212979759482763,9.085191903793104,0.7585191903793105,0.08085191903793106,0.09085191903793105,96.25557571137931,118.34076761517242,1.0851919037931048,0.5851919037931049,0.38519190379310486,11.085191903793104,0.994148080962069,10.425959518965524
2022-06-05T00:00:00+00:00,synthetic_strategy_1,JPM,fundamental_data_stale,accepted,0.5728314288388068,11.072831428838807,13.072831428838807,2.072831428838807,4.572831428838807,1.5182078572097017,9.072831428838807,0.7572831428838807,0.08072831428838807,0.09072831428838807,8.218494286516421,11.291325715355228,12.072831428838807,6.072831428838807,4.072831428838807,3.072831428838807,0.994271685711612,10.364157144194033
2022-06-06T00:00:00+00:00,synthetic_strategy_2,XOM,debt_leverage_increase,accepted,0.39604023897178026,10.89604023897178,12.89604023897178,1.8960402389717803,1.0960402389717803,4.7740100597429445,1.5960402389717803,0.739604023897178,0.0789604023897178,0.0889604023897178,8.311879283084659,11.415839044112879,1.1039597610282197,0.6039597610282198,0.40395976102821973,3.1039597610282197,0.9939604023897178,10.519798805141098
2022-06-07T00:00:00+00:00,synthetic_strategy_3,AAPL,earnings_estimate_cut,accepted,-8.046042143165275,1.9539578568347253,-4.046042143165274,-7.046042143165274,4.453957856834726,1.4884894642086814,8.953957856834725,0.7453957856834725,0.07953957856834726,0.08953957856834725,8.138126429495824,11.184168572661099,1.0460421431652747,0.5460421431652746,0.34604214316527454,3.0460421431652747,0.9945395785683473,10.230210715826374
2022-06-08T00:00:00+00:00,synthetic_strategy_0,MSFT,alpha_score_decay,accepted,0.6158243143330426,11.115824314333043,13.115824314333043,2.1158243143330426,4.615824314333042,1.5289560785832605,9.115824314333043,-0.16841756856669574,-0.048841756856669576,-0.05884175685666957,8.347472942999127,11.46329725733217,1.1158243143330426,0.6158243143330426,0.4158243143330426,3.1158243143330426,0.9938417568566695,10.579121571665214
2022-06-09T00:00:00+00:00,synthetic_strategy_1,NVDA,target_actual_weight_gap,accepted,0.5161954927505437,11.016195492750544,13.016195492750544,2.0161954927505437,4.516195492750543,1.5040488731876358,9.016195492750544,0.7516195492750544,0.08016195492750544,0.09016195492750544,96.04858647825164,118.06478197100218,1.0161954927505437,0.5161954927505437,0.31619549275054365,11.016195492750544,0.9948380450724945,10.080977463752719
2022-06-10T00:00:00+00:00,synthetic_strategy_2,JPM,fundamental_data_stale,accepted,0.3800022855203365,10.880002285520337,12.880002285520337,1.8800022855203364,4.380002285520336,1.470000571380084,8.880002285520337,0.7380002285520336,0.07880002285520336,0.08880002285520336,8.35999314343899,11.479990857918654,12.119997714479663,6.119997714479664,4.119997714479664,3.1199977144796636,0.9938000228552034,10.599988572398317
2022-06-11T00:00:00+00:00,synthetic_strategy_3,XOM,debt_leverage_increase,accepted,0.5147265969269624,11.014726596926963,13.014726596926963,2.0147265969269625,1.2147265969269623,4.8036816492317405,1.7147265969269623,0.7514726596926963,0.08014726596926963,0.09014726596926963,8.044179790780888,11.05890638770785,1.0147265969269623,0.5147265969269624,0.3147265969269624,3.0147265969269625,0.9948527340307304,10.073632984634813
2022-06-12T00:00:00+00:00,synthetic_strategy_0,AAPL,earnings_estimate_cut,accepted,-7.883797167387833,2.1162028326121667,-3.8837971673878333,-6.883797167387833,4.616202832612167,1.5290507081530418,9.116202832612167,0.7616202832612167,0.08116202832612167,0.09116202832612166,8.348608497836501,11.464811330448667,1.116202832612167,0.6162028326121669,0.4162028326121669,3.1162028326121667,0.9938379716738783,10.581014163060834
2022-06-13T00:00:00+00:00,synthetic_strategy_1,MSFT,alpha_score_decay,accepted,0.4553292126657959,10.955329212665795,12.955329212665795,1.955329212665796,4.455329212665796,1.488832303166449,8.955329212665795,-0.18446707873342041,-0.050446707873342045,-0.06044670787334204,8.134012362002613,11.178683149336816,1.044670787334204,0.544670787334204,0.3446707873342041,3.044670787334204,0.994553292126658,10.223353936671021
2022-06-14T00:00:00+00:00,synthetic_strategy_2,NVDA,target_actual_weight_gap,accepted,0.39530833739554905,10.89530833739555,12.89530833739555,1.895308337395549,4.395308337395549,1.4738270843488872,8.89530833739555,0.7395308337395549,0.07895308337395548,0.0889530833739555,96.31407498781336,118.41876665041781,1.104691662604451,0.604691662604451,0.404691662604451,11.10469166260445,0.9939530833739555,10.523458313022255
2022-06-15T00:00:00+00:00,synthetic_strategy_3,JPM,fundamental_data_stale,accepted,0.5716486759846581,11.071648675984658,13.071648675984658,2.071648675984658,4.571648675984658,1.5179121689961645,9.071648675984658,0.7571648675984658,0.08071648675984658,0.09071648675984657,8.214946027953975,11.286594703938633,12.071648675984658,6.071648675984658,4.071648675984658,3.071648675984658,0.9942835132401534,10.358243379923291
2022-06-16T00:00:00+00:00,synthetic_strategy_0,XOM,debt_leverage_increase,accepted,0.5862285877560736,11.086228587756073,13.086228587756073,2.0862285877560733,1.2862285877560735,4.821557146939019,1.7862285877560735,0.7586228587756073,0.08086228587756074,0.09086228587756073,8.25868576326822,11.344914351024293,1.0862285877560736,0.5862285877560736,0.3862285877560735,3.0862285877560733,0.9941377141224392,10.431142938780367
2022-06-17T00:00:00+00:00,synthetic_strategy_1,AAPL,earnings_estimate_cut,accepted,-8.09386883355116,1.9061311664488412,-4.093868833551158,-7.093868833551158,4.406131166448842,1.4765327916122104,8.90613116644884,0.7406131166448842,0.07906131166448842,0.08906131166448841,8.281606500653476,11.375475334204635,1.0938688335511588,0.5938688335511587,0.39386883355115876,3.093868833551159,0.9940613116644884,10.469344167755795
2022-06-18T00:00:00+00:00,synthetic_strategy_2,MSFT,alpha_score_decay,accepted,0.437960377021944,10.937960377021945,12.937960377021945,1.937960377021944,4.437960377021944,1.484490094255486,8.937960377021945,-0.1862039622978056,-0.05062039622978056,-0.060620396229780556,8.186118868934168,11.248158491912223,1.062039622978056,0.562039622978056,0.3620396229780559,3.0620396229780558,0.9943796037702194,10.31019811489028
2022-06-19T00:00:00+00:00,synthetic_strategy_3,NVDA,target_actual_weight_gap,accepted,0.6098557612489426,11.109855761248943,13.109855761248943,2.1098557612489426,4.609855761248943,1.5274639403122356,9.109855761248943,0.7609855761248943,0.08109855761248942,0.09109855761248942,96.32956728374683,118.43942304499578,1.1098557612489426,0.6098557612489426,0.40985576124894263,11.109855761248943,0.9939014423875105,10.549278806244713
2022-06-20T00:00:00+00:00,synthetic_strategy_0,JPM,fundamental_data_stale,accepted,0.5337310029709186,11.033731002970919,13.033731002970919,2.0337310029709186,4.533731002970919,1.5084327507427298,9.033731002970919,0.7533731002970918,0.08033731002970919,0.09033731002970918,8.101193008912755,11.134924011883674,12.033731002970919,6.033731002970919,4.033731002970919,3.0337310029709186,0.9946626899702908,10.168655014854593
2022-06-21T00:00:00+00:00,synthetic_strategy_1,XOM,debt_leverage_increase,accepted,0.3814521307113194,10.881452130711319,12.881452130711319,1.8814521307113194,1.0814521307113194,4.77036303267783,1.5814521307113194,0.7381452130711319,0.0788145213071132,0.08881452130711319,8.355643607866043,11.474191477154722,1.1185478692886806,0.6185478692886806,0.4185478692886806,3.1185478692886806,0.9938145213071132,10.592739346443404
2022-06-22T00:00:00+00:00,synthetic_strategy_2,AAPL,earnings_estimate_cut,accepted,-8.00318252243429,1.9968174775657093,-4.00318252243429,-7.00318252243429,4.49681747756571,1.4992043693914274,8.99681747756571,0.7496817477565709,0.0799681747756571,0.08996817477565709,8.009547567302873,11.012730089737163,1.0031825224342907,0.5031825224342907,0.3031825224342907,3.0031825224342907,0.9949681747756571,10.015912612171453
2022-06-23T00:00:00+00:00,synthetic_strategy_3,MSFT,alpha_score_decay,accepted,0.6193679702759413,11.119367970275942,13.119367970275942,2.1193679702759414,4.619367970275941,1.5298419925689852,9.119367970275942,-0.16806320297240587,-0.048806320297240594,-0.05880632029724059,8.358103910827824,11.477471881103765,1.1193679702759411,0.6193679702759413,0.41936797027594125,3.1193679702759414,0.9938063202972406,10.596839851379706
2022-06-24T00:00:00+00:00,synthetic_strategy_0,NVDA,target_actual_weight_gap,accepted,0.4724227109037197,10.97242271090372,12.97242271090372,1.9724227109037196,4.47242271090372,1.49310567772593,8.97242271090372,0.747242271090372,0.0797242271090372,0.0897242271090372,96.08273186728884,118.11030915638513,1.0275772890962804,0.5275772890962803,0.3275772890962803,11.02757728909628,0.9947242271090372,10.137886445481401
2022-06-25T00:00:00+00:00,synthetic_strategy_1,JPM,fundamental_data_stale,accepted,0.38773839345936156,10.887738393459362,12.887738393459362,1.8877383934593617,4.387738393459362,1.4719345983648404,8.887738393459362,0.7387738393459362,0.07887738393459362,0.08887738393459362,8.336784819621915,11.449046426162553,12.112261606540638,6.112261606540638,4.112261606540638,3.1122616065406383,0.9938773839345936,10.561308032703192
2022-06-26T00:00:00+00:00,synthetic_strategy_2,XOM,debt_leverage_increase,accepted,0.5565058689433473,11.056505868943347,13.056505868943347,2.056505868943347,1.2565058689433473,4.814126467235837,1.7565058689433473,0.7556505868943347,0.08056505868943348,0.09056505868943347,8.169517606830041,11.226023475773388,1.0565058689433473,0.5565058689433473,0.35650586894334724,3.056505868943347,0.9944349413105665,10.282529344716737
2022-06-27T00:00:00+00:00,synthetic_strategy_3,AAPL,earnings_estimate_cut,accepted,-7.902299333676832,2.097700666323168,-3.902299333676832,-6.902299333676832,4.597700666323168,1.524425166580792,9.097700666323167,0.7597700666323167,0.08097700666323168,0.09097700666323168,8.293101998969503,11.390802665292671,1.0977006663231677,0.5977006663231678,0.3977006663231677,3.097700666323168,0.9940229933367684,10.488503331615838
2022-06-28T00:00:00+00:00,synthetic_strategy_0,MSFT,alpha_score_decay,accepted,0.41831774516716624,10.918317745167165,12.918317745167165,1.9183177451671662,4.418317745167166,1.4795794362917916,8.918317745167165,-0.18816822548328338,-0.05081682254832834,-0.060816822548328334,8.2450467644985,11.326729019331335,1.0816822548328338,0.5816822548328338,0.38168225483283374,3.0816822548328338,0.9941831774516716,10.40841127416417
2022-06-29T00:00:00+00:00,synthetic_strategy_1,NVDA,target_actual_weight_gap,accepted,0.4233479513105397,10.92334795131054,12.92334795131054,1.9233479513105398,4.423347951310539,1.4808369878276348,8.92334795131054,0.7423347951310539,0.0792334795131054,0.0892334795131054,96.22995614606837,118.30660819475784,1.0766520486894602,0.5766520486894603,0.3766520486894603,11.07665204868946,0.9942334795131054,10.383260243447301
2022-06-30T00:00:00+00:00,synthetic_strategy_2,JPM,fundamental_data_stale,accepted,0.6014346437330509,11.10143464373305,13.10143464373305,2.101434643733051,4.601434643733051,1.5253586609332628,9.10143464373305,0.760143464373305,0.0810143464373305,0.0910143464373305,8.304303931199152,11.405738574932204,12.10143464373305,6.101434643733051,4.101434643733051,3.101434643733051,0.9939856535626694,10.507173218665255
2022-07-01T00:00:00+00:00,synthetic_strategy_3,XOM,debt_leverage_increase,accepted,0.550513457937793,11.050513457937793,13.050513457937793,2.050513457937793,1.250513457937793,4.812628364484448,1.750513457937793,0.7550513457937793,0.08050513457937793,0.09050513457937792,8.15154037381338,11.202053831751172,1.050513457937793,0.550513457937793,0.35051345793779304,3.050513457937793,0.994494865420622,10.252567289688965
2022-07-02T00:00:00+00:00,synthetic_strategy_0,AAPL,earnings_estimate_cut,accepted,-8.11445140561928,1.8855485943807202,-4.11445140561928,-7.11445140561928,4.38554859438072,1.47138714859518,8.88554859438072,0.738554859438072,0.0788554859438072,0.0888554859438072,8.34335421685784,11.45780562247712,1.1144514056192798,0.6144514056192798,0.41445140561927984,3.11445140561928,0.9938554859438072,10.572257028096399
2022-07-03T00:00:00+00:00,synthetic_strategy_1,MSFT,alpha_score_decay,accepted,0.4789794090190605,10.978979409019061,12.978979409019061,1.9789794090190604,4.47897940901906,1.494744852254765,8.978979409019061,-0.18210205909809393,-0.050210205909809395,-0.06021020590980939,8.063061772942818,11.084082363923757,1.0210205909809396,0.5210205909809394,0.3210205909809395,3.0210205909809393,0.9947897940901906,10.105102954904698
2022-07-04T00:00:00+00:00,synthetic_strategy_2,NVDA,target_actual_weight_gap,accepted,0.6198681804487438,11.119868180448744,13.119868180448744,2.119868180448744,4.619868180448743,1.5299670451121858,9.119868180448744,0.7619868180448743,0.08119868180448744,0.09119868180448744,96.35960454134623,118.47947272179498,1.1198681804487438,0.6198681804487438,0.4198681804487438,11.119868180448744,0.9938013181955125,10.59934090224372
2022-07-05T00:00:00+00:00,synthetic_strategy_3,JPM,fundamental_data_stale,accepted,0.490131880796856,10.990131880796856,12.990131880796856,1.990131880796856,4.490131880796856,1.497532970199214,8.990131880796856,0.7490131880796856,0.07990131880796857,0.08990131880796856,8.029604357609433,11.039472476812575,12.009868119203144,6.009868119203144,4.009868119203144,3.009868119203144,0.9949013188079685,10.04934059601572
2022-07-06T00:00:00+00:00,synthetic_strategy_0,XOM,debt_leverage_increase,accepted,0.3826747252080115,10.88267472520801,12.88267472520801,1.8826747252080116,1.0826747252080116,4.770668681302003,1.5826747252080116,0.7382674725208012,0.07882674725208012,0.08882674725208012,8.351975824375966,11.469301099167954,1.1173252747919884,0.6173252747919885,0.4173252747919885,3.1173252747919884,0.9938267472520801,10.586626373959943
2022-07-07T00:00:00+00:00,synthetic_strategy_1,AAPL,earnings_estimate_cut,accepted,-7.959898449399537,2.0401015506004625,-3.9598984493995375,-6.959898449399537,4.540101550600463,1.5100253876501157,9.040101550600463,0.7540101550600462,0.08040101550600463,0.09040101550600463,8.120304651801387,11.16040620240185,1.0401015506004625,0.5401015506004626,0.3401015506004626,3.0401015506004625,0.9945989844939954,10.200507753002313
2022-07-08T00:00:00+00:00,synthetic_strategy_2,MSFT,alpha_score_decay,accepted,0.6069915467768234,11.106991546776824,13.106991546776824,2.106991546776823,4.606991546776824,1.526747886694206,9.106991546776824,-0.16930084532231765,-0.04893008453223177,-0.058930084532231766,8.320974640330471,11.427966187107293,1.1069915467768234,0.6069915467768234,0.40699154677682337,3.106991546776823,0.9939300845322318,10.534957733884116
2022-07-09T00:00:00+00:00,synthetic_strategy_3,NVDA,target_actual_weight_gap,accepted,0.4323279059228282,10.932327905922829,12.932327905922829,1.9323279059228282,4.432327905922828,1.483081976480707,8.932327905922829,0.7432327905922829,0.07932327905922829,0.08932327905922828,96.20301628223152,118.27068837630868,1.0676720940771718,0.5676720940771718,0.3676720940771718,11.067672094077171,0.9943232790592282,10.338360470385858
2022-07-10T00:00:00+00:00,synthetic_strategy_0,JPM,fundamental_data_stale,accepted,0.4104468067017598,10.91044680670176,12.91044680670176,1.9104468067017597,4.41044680670176,1.47761170167544,8.91044680670176,0.7410446806701759,0.0791044680670176,0.08910446806701759,8.26865957989472,11.35821277319296,12.08955319329824,6.08955319329824,4.08955319329824,3.08955319329824,0.9941044680670176,10.4477659664912
2022-07-11T00:00:00+00:00,synthetic_strategy_1,XOM,debt_leverage_increase,accepted,0.5907489658832965,11.090748965883297,13.090748965883297,2.0907489658832965,1.2907489658832965,4.822687241470824,1.7907489658832965,0.7590748965883296,0.08090748965883296,0.09090748965883297,8.27224689764989,11.362995863533186,1.0907489658832965,0.5907489658832965,0.39074896588329644,3.0907489658832965,0.9940925103411671,10.453744829416483
2022-07-12T00:00:00+00:00,synthetic_strategy_2,AAPL,earnings_estimate_cut,accepted,-7.933831815935912,2.0661681840640873,-3.9338318159359127,-6.933831815935912,4.566168184064088,1.516542046016022,9.066168184064088,0.7566168184064087,0.08066168184064088,0.09066168184064087,8.198504552192261,11.26467273625635,1.0661681840640873,0.5661681840640874,0.36616818406408735,3.0661681840640873,0.9943383181593591,10.330840920320437
2022-07-13T00:00:00+00:00,synthetic_strategy_3,MSFT,alpha_score_decay,accepted,0.39220022168832397,10.892200221688324,12.892200221688324,1.892200221688324,4.392200221688324,1.473050055422081,8.892200221688324,-0.1907799778311676,-0.051077997783116766,-0.06107799778311676,8.323399334935027,11.431199113246704,1.107799778311676,0.6077997783116761,0.407799778311676,3.107799778311676,0.9939220022168832,10.53899889155838
2022-07-14T00:00:00+00:00,synthetic_strategy_0,NVDA,target_actual_weight_gap,accepted,0.4616106317793853,10.961610631779385,12.961610631779385,1.9616106317793853,4.4616106317793855,1.4904026579448464,8.961610631779385,0.7461610631779385,0.07961610631779385,0.08961610631779385,96.11516810466185,118.15355747288245,1.0383893682206147,0.5383893682206147,0.33838936822061466,11.038389368220615,0.9946161063177938,10.191946841103073
2022-07-15T00:00:00+00:00,synthetic_strategy_1,JPM,fundamental_data_stale,accepted,0.6176922957810947,11.117692295781096,13.117692295781096,2.1176922957810946,4.617692295781095,1.5294230739452737,9.117692295781096,0.7617692295781094,0.08117692295781095,0.09117692295781095,8.353076887343285,11.470769183124379,12.117692295781096,6.117692295781095,4.117692295781095,3.1176922957810946,0.9938230770421891,10.588461478905474
2022-07-16T00:00:00+00:00,synthetic_strategy_2,XOM,debt_leverage_increase,accepted,0.5080613595558215,11.008061359555821,13.008061359555821,2.0080613595558217,1.2080613595558216,4.802015339888955,1.7080613595558216,0.7508061359555822,0.08008061359555822,0.09008061359555822,8.024184078667465,11.032245438223287,1.0080613595558217,0.5080613595558215,0.3080613595558216,3.0080613595558217,0.9949193864044418,10.040306797779108
2022-07-17T00:00:00+00:00,synthetic_strategy_3,AAPL,earnings_estimate_cut,accepted,-8.119769619371704,1.8802303806282956,-4.119769619371704,-7.119769619371704,4.380230380628296,1.470057595157074,8.880230380628296,0.7380230380628295,0.07880230380628296,0.08880230380628296,8.359308858115114,11.479078477486818,1.1197696193717044,0.6197696193717044,0.4197696193717043,3.1197696193717044,0.993802303806283,10.598848096858521
2022-07-18T00:00:00+00:00,synthetic_strategy_0,MSFT,alpha_score_decay,accepted,0.5228019525240052,11.022801952524006,13.022801952524006,2.0228019525240053,4.522801952524005,1.5057004881310012,9.022801952524006,-0.1777198047475995,-0.049771980474759954,-0.05977198047475995,8.068405857572015,11.091207810096021,1.022801952524005,0.5228019525240052,0.3228019525240051,3.0228019525240053,0.9947719804747599,10.114009762620025
2022-07-19T00:00:00+00:00,synthetic_strategy_1,NVDA,target_actual_weight_gap,accepted,0.6138938072878929,11.113893807287893,13.113893807287893,2.113893807287893,4.613893807287893,1.5284734518219731,9.113893807287893,0.7613893807287893,0.08113893807287893,0.09113893807287893,96.34168142186368,118.45557522915158,1.1138938072878928,0.6138938072878929,0.4138938072878928,11.113893807287893,0.9938610619271211,10.569469036439465
2022-07-20T00:00:00+00:00,synthetic_strategy_2,JPM,fundamental_data_stale,accepted,0.4478488674691964,10.947848867469196,12.947848867469196,1.9478488674691965,4.4478488674691965,1.4869622168672991,8.947848867469196,0.7447848867469197,0.07947848867469197,0.08947848867469196,8.156453397592411,11.208604530123214,12.052151132530804,6.0521511325308035,4.0521511325308035,3.0521511325308035,0.9944784886746919,10.260755662654018
2022-07-21T00:00:00+00:00,synthetic_strategy_3,XOM,debt_leverage_increase,accepted,0.3995449653078502,10.89954496530785,12.89954496530785,1.8995449653078502,1.0995449653078502,4.774886241326962,1.5995449653078502,0.739954496530785,0.0789954496530785,0.0889954496530785,8.30136510407645,11.4018201387686,1.1004550346921498,0.6004550346921498,0.4004550346921497,3.10045503469215,0.9939954496530785,10.502275173460749
2022-07-22T00:00:00+00:00,synthetic_strategy_0,AAPL,earnings_estimate_cut,accepted,-7.921962711180494,2.0780372888195062,-3.9219627111804938,-6.921962711180494,4.578037288819506,1.5195093222048766,9.078037288819507,0.7578037288819506,0.08078037288819506,0.09078037288819506,8.23411186645852,11.312149155278025,1.0780372888195062,0.5780372888195063,0.37803728881950627,3.0780372888195062,0.9942196271118049,10.390186444097532
2022-07-23T00:00:00+00:00,synthetic_strategy_1,MSFT,alpha_score_decay,accepted,0.5803456846638654,11.080345684663865,13.080345684663865,2.0803456846638655,4.5803456846638655,1.5200864211659664,9.080345684663865,-0.17196543153361346,-0.04919654315336135,-0.05919654315336134,8.241037053991596,11.321382738655462,1.0803456846638653,0.5803456846638654,0.3803456846638653,3.0803456846638655,0.9941965431533614,10.401728423319327
2022-07-24T00:00:00+00:00,synthetic_strategy_2,NVDA,target_actual_weight_gap,accepted,0.40125851296180864,10.901258512961808,12.901258512961808,1.9012585129618087,4.4012585129618085,1.4753146282404521,8.901258512961808,0.7401258512961809,0.07901258512961809,0.08901258512961809,96.29622446111458,118.39496594815276,1.0987414870381913,0.5987414870381913,0.39874148703819134,11.098741487038192,0.9940125851296181,10.493707435190956
2022-07-25T00:00:00+00:00,synthetic_strategy_3,JPM,fundamental_data_stale,accepted,0.4450989092629802,10.94509890926298,12.94509890926298,1.9450989092629802,4.44509890926298,1.486274727315745,8.94509890926298,0.744509890926298,0.0794509890926298,0.0894509890926298,8.16470327221106,11.219604362948079,12.05490109073702,6.05490109073702,4.05490109073702,3.0549010907370198,0.9944509890926297,10.2745054536851
2022-07-26T00:00:00+00:00,synthetic_strategy_0,XOM,debt_leverage_increase,accepted,0.6128888935827604,11.11288889358276,13.11288889358276,2.1128888935827606,1.3128888935827605,4.82822222339569,1.8128888935827605,0.7612888893582761,0.0811288889358276,0.0911288889358276,8.33866668074828,11.451555574331042,1.1128888935827606,0.6128888935827604,0.4128888935827605,3.1128888935827606,0.9938711110641724,10.564444467913802
2022-07-27T00:00:00+00:00,synthetic_strategy_1,AAPL,earnings_estimate_cut,accepted,-7.974189134073488,2.025810865926512,-3.974189134073488,-6.974189134073488,4.525810865926512,1.506452716481628,9.025810865926513,0.7525810865926512,0.08025810865926512,0.09025810865926512,8.077432597779536,11.103243463706049,1.0258108659265122,0.5258108659265122,0.32581086592651215,3.025810865926512,0.9947418913407349,10.129054329632561
2022-07-28T00:00:00+00:00,synthetic_strategy_2,MSFT,alpha_score_decay,accepted,0.380459930481978,10.880459930481978,12.880459930481978,1.880459930481978,4.380459930481978,1.4701149826204944,8.880459930481978,-0.1919540069518022,-0.05119540069518022,-0.061195400695180216,8.358620208554067,11.478160278072089,1.119540069518022,0.619540069518022,0.419540069518022,3.119540069518022,0.9938045993048198,10.59770034759011
2022-07-29T00:00:00+00:00,synthetic_strategy_3,NVDA,target_actual_weight_gap,accepted,0.504993293683688,11.004993293683688,13.004993293683688,2.004993293683688,4.504993293683688,1.501248323420922,9.004993293683688,0.7504993293683688,0.08004993293683688,0.09004993293683687,96.01497988105106,118.01997317473476,1.004993293683688,0.504993293683688,0.30499329368368794,11.004993293683688,0.9949500670631631,10.02496646841844
2022-07-30T00:00:00+00:00,synthetic_strategy_0,JPM,fundamental_data_stale,accepted,0.6182533527189344,11.118253352718934,13.118253352718934,2.1182533527189347,4.618253352718934,1.5295633381797336,9.118253352718934,0.7618253352718934,0.08118253352718935,0.09118253352718934,8.354760058156803,11.473013410875739,12.118253352718934,6.118253352718934,4.118253352718934,3.1182533527189347,0.9938174664728107,10.591266763594673
2022-07-31T00:00:00+00:00,synthetic_strategy_1,XOM,debt_leverage_increase,accepted,0.46453411945666534,10.964534119456665,12.964534119456665,1.9645341194566655,1.1645341194566652,4.791133529864166,1.6645341194566652,0.7464534119456665,0.07964534119456665,0.08964534119456664,8.106397641630004,11.141863522173338,1.0354658805433345,0.5354658805433347,0.33546588054333465,3.0354658805433345,0.9946453411945666,10.177329402716673
2022-08-01T00:00:00+00:00,synthetic_strategy_2,AAPL,earnings_estimate_cut,accepted,-8.109114185832231,1.8908858141677687,-4.109114185832231,-7.109114185832231,4.390885814167769,1.4727214535419422,8.890885814167769,0.7390885814167769,0.0789088581416777,0.08890885814167769,8.327342557496694,11.436456743328925,1.1091141858322313,0.6091141858322312,0.40911418583223125,3.1091141858322313,0.9939088581416777,10.545570929161157
2022-08-02T00:00:00+00:00,synthetic_strategy_3,MSFT,alpha_score_decay,accepted,0.5635834047313757,11.063583404731375,13.063583404731375,2.0635834047313755,4.563583404731376,1.515895851182844,9.063583404731375,-0.17364165952686242,-0.049364165952686244,-0.05936416595268624,8.190750214194127,11.254333618925502,1.0635834047313757,0.5635834047313757,0.3635834047313757,3.0635834047313755,0.9943641659526863,10.317917023656879
2022-08-03T00:00:00+00:00,synthetic_strategy_0,NVDA,target_actual_weight_gap,accepted,0.5927294425758292,11.092729442575829,13.092729442575829,2.092729442575829,4.592729442575829,1.5231823606439572,9.092729442575829,0.759272944257583,0.08092729442575829,0.09092729442575828,96.27818832772749,118.37091777030332,1.0927294425758292,0.5927294425758292,0.3927294425758291,11.092729442575829,0.9940727055742417,10.463647212879145
2022-08-04T00:00:00+00:00,synthetic_strategy_1,JPM,fundamental_data_stale,accepted,0.41252123899864923,10.912521238998648,12.912521238998648,1.9125212389986492,4.412521238998649,1.4781303097496623,8.912521238998648,0.741252123899865,0.07912521238998649,0.08912521238998648,8.262436283004053,11.349915044005403,12.087478761001352,6.087478761001351,4.087478761001351,3.0874787610013508,0.9941252123899865,10.437393805006755
2022-08-05T00:00:00+00:00,synthetic_strategy_2,XOM,debt_leverage_increase,accepted,0.4298128708698107,10.92981287086981,12.92981287086981,1.9298128708698106,1.1298128708698105,4.782453217717452,1.6298128708698105,0.7429812870869811,0.07929812870869811,0.0892981287086981,8.210561387390568,11.280748516520758,1.0701871291301894,0.5701871291301893,0.37018712913018936,3.0701871291301894,0.994298128708698,10.350935645650946
2022-08-06T00:00:00+00:00,synthetic_strategy_3,AAPL,earnings_estimate_cut,accepted,-7.894434788680979,2.1055652113190217,-3.8944347886809783,-6.894434788680979,4.605565211319021,1.5263913028297553,9.105565211319021,0.7605565211319022,0.08105565211319021,0.09105565211319021,8.316695633957066,11.422260845276087,1.1055652113190217,0.6055652113190217,0.40556521131902173,3.1055652113190217,0.9939443478868097,10.527826056595108
2022-08-07T00:00:00+00:00,synthetic_strategy_0,MSFT,alpha_score_decay,accepted,0.5429841365949926,11.042984136594992,13.042984136594992,2.042984136594993,4.542984136594993,1.5107460341487482,9.042984136594992,-0.17570158634050073,-0.04957015863405008,-0.059570158634050074,8.128952409784977,11.171936546379971,1.0429841365949926,0.5429841365949926,0.3429841365949926,3.042984136594993,0.9945701586340501,10.214920682974963
2022-08-08T00:00:00+00:00,synthetic_strategy_1,NVDA,target_actual_weight_gap,accepted,0.38335824999635604,10.883358249996355,12.883358249996355,1.8833582499963561,4.383358249996356,1.470839562499089,8.883358249996355,0.7383358249996356,0.07883358249996356,0.08883358249996355,96.34992525001093,118.46656700001458,1.1166417500036439,0.616641750003644,0.4166417500036439,11.116641750003645,0.9938335824999636,10.583208750018219
2022-08-09T00:00:00+00:00,synthetic_strategy_2,JPM,fundamental_data_stale,accepted,0.4870731579909338,10.987073157990935,12.987073157990935,1.9870731579909338,4.487073157990934,1.4967682894977334,8.987073157990935,0.7487073157990933,0.07987073157990934,0.08987073157990934,8.038780526027198,11.051707368036265,12.012926842009065,6.012926842009066,4.012926842009066,3.0129268420090662,0.9948707315799094,10.06463421004533
2022-08-10T00:00:00+00:00,synthetic_strategy_3,XOM,debt_leverage_increase,accepted,0.6199728548466361,11.119972854846637,13.119972854846637,2.119972854846636,1.319972854846636,4.829993213711659,1.819972854846636,0.7619972854846636,0.08119972854846637,0.09119972854846636,8.359918564539909,11.479891419386544,1.1199728548466361,0.6199728548466361,0.41997285484663605,3.119972854846636,0.9938002714515336,10.59986427423318
2022-08-11T00:00:00+00:00,synthetic_strategy_0,AAPL,earnings_estimate_cut,accepted,-8.017988841614748,1.9820111583852518,-4.0179888416147485,-7.0179888416147485,4.4820111583852515,1.4955027895963129,8.982011158385252,0.7482011158385252,0.07982011158385252,0.08982011158385252,8.053966524844245,11.071955366458994,1.0179888416147482,0.5179888416147483,0.3179888416147483,3.0179888416147485,0.9948201115838525,10.089944208073742
2022-08-12T00:00:00+00:00,synthetic_strategy_1,MSFT,alpha_score_decay,accepted,0.3846626715549926,10.884662671554993,12.884662671554993,1.8846626715549926,4.384662671554993,1.4711656678887481,8.884662671554993,-0.19153373284450073,-0.05115337328445008,-0.06115337328445007,8.346011985335021,11.46134931378003,1.1153373284450074,0.6153373284450074,0.41533732844500737,3.1153373284450074,0.9938466267155499,10.576686642225036
2022-08-13T00:00:00+00:00,synthetic_strategy_2,NVDA,target_actual_weight_gap,accepted,0.5477100011285333,11.047710001128534,13.047710001128534,2.047710001128533,4.547710001128533,1.5119275002821333,9.047710001128534,0.7547710001128534,0.08047710001128533,0.09047710001128532,96.1431300033856,118.19084000451413,1.0477100011285334,0.5477100011285333,0.3477100011285333,11.047710001128534,0.9945228999887147,10.238550005642667
2022-08-14T00:00:00+00:00,synthetic_strategy_3,JPM,fundamental_data_stale,accepted,0.603042986508519,11.10304298650852,13.10304298650852,2.1030429865085187,4.603042986508519,1.5257607466271297,9.10304298650852,0.7603042986508519,0.08103042986508519,0.09103042986508518,8.309128959525557,11.412171946034075,12.10304298650852,6.103042986508519,4.103042986508519,3.1030429865085187,0.9939695701349148,10.515214932542595
2022-08-15T00:00:00+00:00,synthetic_strategy_0,XOM,debt_leverage_increase,accepted,0.42573695589668226,10.925736955896681,12.925736955896681,1.9257369558966824,1.1257369558966823,4.78143423897417,1.6257369558966823,0.7425736955896682,0.07925736955896683,0.08925736955896682,8.222789132309954,11.29705217641327,1.0742630441033176,0.5742630441033177,0.37426304410331773,3.0742630441033176,0.9942573695589668,10.371315220516589
2022-08-16T00:00:00+00:00,synthetic_strategy_1,AAPL,earnings_estimate_cut,accepted,-8.083906217783841,1.9160937822161594,-4.0839062177838406,-7.0839062177838406,4.4160937822161594,1.4790234455540399,8.916093782216159,0.741609378221616,0.07916093782216159,0.08916093782216158,8.251718653351523,11.335624871135362,1.0839062177838406,0.5839062177838407,0.3839062177838406,3.0839062177838406,0.9941609378221616,10.419531088919204
2022-08-17T00:00:00+00:00,synthetic_strategy_2,MSFT,alpha_score_decay,accepted,0.5958847525005341,11.095884752500535,13.095884752500535,2.095884752500534,4.595884752500534,1.5239711881251334,9.095884752500535,-0.17041152474994659,-0.04904115247499466,-0.059041152474994654,8.287654257501602,11.383539010002137,1.095884752500534,0.5958847525005341,0.395884752500534,3.095884752500534,0.9940411524749947,10.47942376250267
2022-08-18T00:00:00+00:00,synthetic_strategy_3,NVDA,target_actual_weight_gap,accepted,0.5591977728906771,11.059197772890677,13.059197772890677,2.059197772890677,4.559197772890677,1.5147994432226692,9.059197772890677,0.7559197772890677,0.08059197772890678,0.09059197772890677,96.17759331867204,118.23679109156271,1.0591977728906772,0.5591977728906771,0.35919777289067706,11.059197772890677,0.9944080222710933,10.295988864453385
2022-08-19T00:00:00+00:00,synthetic_strategy_0,JPM,fundamental_data_stale,accepted,0.38886063327642606,10.888860633276426,12.888860633276426,1.8888606332764262,4.388860633276426,1.4722151583191065,8.888860633276426,0.7388860633276426,0.07888860633276426,0.08888860633276426,8.333418100170721,11.444557466894295,12.111139366723574,6.111139366723574,4.111139366723574,3.111139366723574,0.9938886063327642,10.55569683361787
2022-08-20T00:00:00+00:00,synthetic_strategy_1,XOM,debt_leverage_increase,accepted,0.46944161811297447,10.969441618112974,12.969441618112974,1.9694416181129746,1.1694416181129745,4.792360404528243,1.6694416181129745,0.7469441618112974,0.07969441618112974,0.08969441618112974,8.091675145661076,11.122233527548103,1.0305583818870254,0.5305583818870255,0.3305583818870255,3.0305583818870256,0.9946944161811297,10.152791909435127
2022-08-21T00:00:00+00:00,synthetic_strategy_2,AAPL,earnings_estimate_cut,accepted,-7.880986074754977,2.1190139252450226,-3.8809860747549774,-6.880986074754977,4.619013925245023,1.5297534813112557,9.119013925245023,0.7619013925245023,0.08119013925245022,0.09119013925245022,8.357041775735068,11.47605570098009,1.1190139252450224,0.6190139252450224,0.41901392524502246,3.1190139252450226,0.9938098607475497,10.595069626225111
2022-08-22T00:00:00+00:00,synthetic_strategy_3,MSFT,alpha_score_decay,accepted,0.49988980386238757,10.999889803862388,12.999889803862388,1.9998898038623876,4.499889803862388,1.499972450965597,8.999889803862388,-0.18001101961376123,-0.050001101961376124,-0.06000110196137612,8.000330588412837,11.000440784550449,1.0001101961376124,0.5001101961376124,0.3001101961376124,3.000110196137612,0.9949988980386238,10.000550980688063
2022-08-23T00:00:00+00:00,synthetic_strategy_0,NVDA,target_actual_weight_gap,accepted,0.38101447108622555,10.881014471086225,12.881014471086225,1.8810144710862255,4.3810144710862255,1.4702536177715564,8.881014471086225,0.7381014471086226,0.07881014471086226,0.08881014471086225,96.35695658674132,118.4759421156551,1.1189855289137745,0.6189855289137745,0.4189855289137745,11.118985528913775,0.9938101447108623,10.594927644568873
2022-08-24T00:00:00+00:00,synthetic_strategy_1,JPM,fundamental_data_stale,accepted,0.5307714567403713,11.030771456740371,13.030771456740371,2.0307714567403714,4.530771456740371,1.5076928641850929,9.030771456740371,0.7530771456740372,0.08030771456740371,0.0903077145674037,8.092314370221114,11.123085826961486,12.030771456740371,6.030771456740371,4.030771456740371,3.0307714567403714,0.9946922854325962,10.153857283701857
2022-08-25T00:00:00+00:00,synthetic_strategy_2,XOM,debt_leverage_increase,accepted,0.6110560633488731,11.111056063348872,13.111056063348872,2.1110560633488733,1.311056063348873,4.827764015837218,1.811056063348873,0.7611056063348873,0.08111056063348873,0.09111056063348873,8.333168190046619,11.444224253395493,1.111056063348873,0.6110560633488731,0.41105606334887307,3.1110560633488733,0.9938894393665113,10.555280316744366
2022-08-26T00:00:00+00:00,synthetic_strategy_3,AAPL,earnings_estimate_cut,accepted,-8.05938938138165,1.94061061861835,-4.05938938138165,-7.05938938138165,4.44061061861835,1.4851526546545875,8.94061061861835,0.744061061861835,0.0794061061861835,0.0894061061861835,8.17816814414495,11.2375575255266,1.05938938138165,0.5593893813816501,0.35938938138165,3.05938938138165,0.9944061061861835,10.29694690690825
2022-08-27T00:00:00+00:00,synthetic_strategy_0,MSFT,alpha_score_decay,accepted,0.4042479262724111,10.904247926272411,12.904247926272411,1.904247926272411,4.4042479262724115,1.4760619815681029,8.904247926272411,-0.18957520737275887,-0.05095752073727589,-0.06095752073727589,8.287256221182767,11.383008294910356,1.095752073727589,0.5957520737275889,0.3957520737275889,3.095752073727589,0.9940424792627242,10.478760368637944
2022-08-28T00:00:00+00:00,synthetic_strategy_1,NVDA,target_actual_weight_gap,accepted,0.5840636364160059,11.084063636416007,13.084063636416007,2.0840636364160057,4.584063636416006,1.5210159091040014,9.084063636416007,0.7584063636416006,0.08084063636416006,0.09084063636416005,96.25219090924801,118.33625454566402,1.084063636416006,0.5840636364160059,0.3840636364160058,11.084063636416007,0.9941593636358399,10.42031818208003
2022-08-29T00:00:00+00:00,synthetic_strategy_2,JPM,fundamental_data_stale,accepted,0.5740898002822645,11.074089800282264,13.074089800282264,2.0740898002822648,4.574089800282264,1.518522450070566,9.074089800282264,0.7574089800282264,0.08074089800282265,0.09074089800282265,8.222269400846793,11.296359201129059,12.074089800282264,6.074089800282264,4.074089800282264,3.0740898002822648,0.9942591019971774,10.370449001411323
2022-08-30T00:00:00+00:00,synthetic_strategy_3,XOM,debt_leverage_increase,accepted,0.39684423788434275,10.896844237884343,12.896844237884343,1.8968442378843426,1.0968442378843426,4.774211059471085,1.5968442378843426,0.7396844237884342,0.07896844237884343,0.08896844237884342,8.309467286346973,11.41262304846263,1.1031557621156574,0.6031557621156572,0.4031557621156573,3.1031557621156574,0.9939684423788434,10.515778810578286
2022-08-31T00:00:00+00:00,synthetic_strategy_0,AAPL,earnings_estimate_cut,accepted,-8.04750769627534,1.952492303724661,-4.047507696275339,-7.047507696275339,4.452492303724661,1.4881230759311652,8.95249230372466,0.7452492303724662,0.0795249230372466,0.0895249230372466,8.142523088826017,11.190030785101357,1.047507696275339,0.5475076962753389,0.3475076962753389,3.047507696275339,0.9945249230372466,10.237538481376694
2022-09-01T00:00:00+00:00,synthetic_strategy_1,MSFT,alpha_score_decay,accepted,0.6153979723191391,11.115397972319139,13.115397972319139,2.115397972319139,4.615397972319139,1.5288494930797847,9.115397972319139,-0.1684602027680861,-0.048846020276808615,-0.05884602027680861,8.346193916957418,11.461591889276557,1.115397972319139,0.6153979723191391,0.41539797231913905,3.115397972319139,0.9938460202768086,10.576989861595695
2022-09-02T00:00:00+00:00,synthetic_strategy_2,NVDA,target_actual_weight_gap,accepted,0.5177709095029647,11.017770909502964,13.017770909502964,2.0177709095029646,4.517770909502965,1.5044427273757413,9.017770909502964,0.7517770909502964,0.08017770909502965,0.09017770909502965,96.0533127285089,118.07108363801186,1.0177709095029646,0.5177709095029647,0.31777090950296466,11.017770909502964,0.9948222909049703,10.088854547514824
2022-09-03T00:00:00+00:00,synthetic_strategy_3,JPM,fundamental_data_stale,accepted,0.3800226599846993,10.8800226599847,12.8800226599847,1.8800226599846994,4.380022659984699,1.4700056649961748,8.8800226599847,0.73800226599847,0.07880022659984699,0.08880022659984699,8.359932020045902,11.479909360061203,12.1199773400153,6.119977340015301,4.119977340015301,3.119977340015301,0.993800226599847,10.599886700076503
2022-09-04T00:00:00+00:00,synthetic_strategy_0,XOM,debt_leverage_increase,accepted,0.5131459298994266,11.013145929899427,13.013145929899427,2.0131459298994265,1.2131459298994267,4.8032864824748565,1.7131459298994267,0.7513145929899426,0.08013145929899426,0.09013145929899426,8.03943778969828,11.052583719597706,1.0131459298994268,0.5131459298994266,0.3131459298994267,3.0131459298994265,0.9948685407010057,10.065729649497133
2022-09-05T00:00:00+00:00,synthetic_strategy_1,AAPL,earnings_estimate_cut,accepted,-7.883410221364571,2.116589778635429,-3.883410221364571,-6.883410221364571,4.616589778635429,1.5291474446588573,9.11658977863543,0.7616589778635429,0.08116589778635429,0.09116589778635428,8.349769335906288,11.466359114541715,1.116589778635429,0.616589778635429,0.416589778635429,3.116589778635429,0.9938341022136457,10.582948893177145
2022-09-06T00:00:00+00:00,synthetic_strategy_2,MSFT,alpha_score_decay,accepted,0.4568101679639579,10.956810167963958,12.956810167963958,1.956810167963958,4.456810167963958,1.4892025419909896,8.956810167963958,-0.1843189832036042,-0.05043189832036042,-0.06043189832036042,8.129569496108127,11.172759328144169,1.043189832036042,0.5431898320360421,0.3431898320360421,3.043189832036042,0.9945681016796396,10.21594916018021
2022-09-07T00:00:00+00:00,synthetic_strategy_3,NVDA,target_actual_weight_gap,accepted,0.394539765499355,10.894539765499355,12.894539765499355,1.894539765499355,4.394539765499355,1.4736349413748389,8.894539765499355,0.7394539765499355,0.07894539765499355,0.08894539765499354,96.31638070350193,118.42184093800257,1.105460234500645,0.605460234500645,0.405460234500645,11.105460234500645,0.9939453976549936,10.527301172503226
2022-09-08T00:00:00+00:00,synthetic_strategy_0,JPM,fundamental_data_stale,accepted,0.5703657732010858,11.070365773201086,13.070365773201086,2.0703657732010856,4.570365773201086,1.5175914433002715,9.070365773201086,0.7570365773201085,0.08070365773201085,0.09070365773201086,8.211097319603258,11.281463092804342,12.070365773201086,6.070365773201086,4.070365773201086,3.0703657732010856,0.9942963422679891,10.351828866005429
2022-09-09T00:00:00+00:00,synthetic_strategy_1,XOM,debt_leverage_increase,accepted,0.5873277495730269,11.087327749573028,13.087327749573028,2.087327749573027,1.2873277495730269,4.821831937393257,1.7873277495730269,0.7587327749573027,0.08087327749573027,0.09087327749573026,8.261983248719082,11.349310998292108,1.087327749573027,0.5873277495730269,0.3873277495730269,3.087327749573027,0.9941267225042697,10.436638747865135
2022-09-10T00:00:00+00:00,synthetic_strategy_2,AAPL,earnings_estimate_cut,accepted,-8.092869172664495,1.907130827335505,-4.0928691726644955,-7.0928691726644955,4.4071308273355045,1.4767827068338761,8.907130827335505,0.7407130827335505,0.07907130827335505,0.08907130827335505,8.278607517993485,11.37147669065798,1.092869172664495,0.5928691726644951,0.3928691726644951,3.092869172664495,0.994071308273355,10.464345863322476
2022-09-11T00:00:00+00:00,synthetic_strategy_3,MSFT,alpha_score_decay,accepted,0.43660361360217226,10.936603613602172,12.936603613602172,1.9366036136021723,4.4366036136021725,1.4841509034005431,8.936603613602172,-0.18633963863978276,-0.05063396386397828,-0.06063396386397828,8.190189159193483,11.253585545591312,1.0633963863978277,0.5633963863978277,0.36339638639782773,3.063396386397828,0.9943660361360217,10.316981931989138
2022-09-12T00:00:00+00:00,synthetic_strategy_0,NVDA,target_actual_weight_gap,accepted,0.6092057233556772,11.109205723355677,13.109205723355677,2.1092057233556774,4.609205723355677,1.5273014308389192,9.109205723355677,0.7609205723355678,0.08109205723355678,0.09109205723355678,96.32761717006703,118.43682289342271,1.1092057233556774,0.6092057233556772,0.4092057233556773,11.109205723355677,0.9939079427664432,10.546028616778386
2022-09-13T00:00:00+00:00,synthetic_strategy_1,JPM,fundamental_data_stale,accepted,0.5352552739979518,11.035255273997953,13.035255273997953,2.0352552739979517,4.535255273997952,1.508813818499488,9.035255273997953,0.7535255273997952,0.08035255273997952,0.09035255273997951,8.105765821993856,11.141021095991807,12.035255273997953,6.035255273997952,4.035255273997952,3.0352552739979517,0.9946474472600205,10.17627636998976
2022-09-14T00:00:00+00:00,synthetic_strategy_2,XOM,debt_leverage_increase,accepted,0.3817093807452899,10.88170938074529,12.88170938074529,1.8817093807452898,1.0817093807452898,4.770427345186322,1.5817093807452898,0.7381709380745289,0.0788170938074529,0.0888170938074529,8.354871857764131,11.47316247701884,1.1182906192547102,0.6182906192547102,0.4182906192547101,3.11829061925471,0.9938170938074529,10.59145309627355
2022-09-15T00:00:00+00:00,synthetic_strategy_3,AAPL,earnings_estimate_cut,accepted,-8.004773083962393,1.9952269160376073,-4.004773083962393,-7.004773083962393,4.495226916037607,1.4988067290094018,8.995226916037607,0.7495226916037607,0.07995226916037608,0.08995226916037607,8.014319251887178,11.019092335849571,1.0047730839623927,0.5047730839623927,0.3047730839623928,3.0047730839623927,0.994952269160376,10.023865419811964
2022-09-16T00:00:00+00:00,synthetic_strategy_0,MSFT,alpha_score_decay,accepted,0.6195205904334392,11.119520590433439,13.119520590433439,2.119520590433439,4.6195205904334395,1.5298801476083599,9.119520590433439,-0.16804794095665607,-0.04880479409566561,-0.05880479409566561,8.358561771300318,11.478082361733756,1.119520590433439,0.6195205904334392,0.4195205904334392,3.119520590433439,0.9938047940956656,10.597602952167197
2022-09-17T00:00:00+00:00,synthetic_strategy_1,NVDA,target_actual_weight_gap,accepted,0.47397394389779746,10.973973943897798,12.973973943897798,1.9739739438977975,4.473973943897797,1.4934934859744493,8.973973943897798,0.7473973943897797,0.07973973943897798,0.08973973943897798,96.0780781683066,118.10410422440881,1.0260260561022025,0.5260260561022025,0.32602605610220253,11.026026056102202,0.994739739438978,10.130130280511013
2022-09-18T00:00:00+00:00,synthetic_strategy_2,JPM,fundamental_data_stale,accepted,0.3871860376405507,10.88718603764055,12.88718603764055,1.8871860376405507,4.387186037640551,1.4717965094101377,8.88718603764055,0.7387186037640551,0.0788718603764055,0.0888718603764055,8.338441887078348,11.451255849437798,12.11281396235945,6.112813962359449,4.112813962359449,3.1128139623594495,0.9938718603764055,10.564069811797246
2022-09-19T00:00:00+00:00,synthetic_strategy_3,XOM,debt_leverage_increase,accepted,0.5550969719615613,11.05509697196156,13.05509697196156,2.0550969719615613,1.2550969719615612,4.81377424299039,1.7550969719615612,0.7555096971961561,0.08055096971961562,0.09055096971961561,8.165290915884684,11.220387887846245,1.0550969719615613,0.5550969719615613,0.35509697196156126,3.0550969719615613,0.9944490302803843,10.275484859807806
2022-09-20T00:00:00+00:00,synthetic_strategy_0,AAPL,earnings_estimate_cut,accepted,-7.901383920619756,2.098616079380244,-3.901383920619756,-6.901383920619756,4.598616079380244,1.524654019845061,9.098616079380244,0.7598616079380244,0.08098616079380244,0.09098616079380244,8.295848238140731,11.394464317520976,1.0986160793802442,0.5986160793802441,0.3986160793802441,3.098616079380244,0.9940138392061976,10.49308039690122
2022-09-21T00:00:00+00:00,synthetic_strategy_1,MSFT,alpha_score_decay,accepted,0.41949075028413124,10.919490750284131,12.919490750284131,1.9194907502841312,4.419490750284131,1.4798726875710329,8.919490750284131,-0.18805092497158687,-0.05080509249715869,-0.06080509249715869,8.241527749147606,11.322036998863474,1.0805092497158688,0.5805092497158688,0.38050924971586875,3.0805092497158686,0.9941949075028413,10.402546248579345
2022-09-22T00:00:00+00:00,synthetic_strategy_2,NVDA,target_actual_weight_gap,accepted,0.4221302677512605,10.92213026775126,12.92213026775126,1.9221302677512606,4.42213026775126,1.480532566937815,8.92213026775126,0.742213026775126,0.07922130267751261,0.0892213026775126,96.23360919674622,118.31147892899496,1.0778697322487394,0.5778697322487395,0.37786973224873943,11.07786973224874,0.9942213026775126,10.389348661243698
2022-09-23T00:00:00+00:00,synthetic_strategy_3,JPM,fundamental_data_stale,accepted,0.6005754222609005,11.100575422260901,13.100575422260901,2.1005754222609005,4.6005754222609,1.525143855565225,9.100575422260901,0.76005754222609,0.081005754222609,0.091005754222609,8.301726266782701,11.402301689043602,12.100575422260901,6.1005754222609,4.1005754222609,3.1005754222609005,0.993994245777391,10.502877111304503
2022-09-24T00:00:00+00:00,synthetic_strategy_0,XOM,debt_leverage_increase,accepted,0.5519525534092065,11.051952553409206,13.051952553409206,2.0519525534092065,1.2519525534092064,4.812988138352301,1.7519525534092064,0.7551952553409207,0.08051952553409207,0.09051952553409207,8.15585766022762,11.207810213636826,1.0519525534092065,0.5519525534092065,0.3519525534092064,3.0519525534092065,0.9944804744659079,10.259762767046032
2022-09-25T00:00:00+00:00,synthetic_strategy_1,AAPL,earnings_estimate_cut,accepted,-8.113963023203643,1.886036976796356,-4.1139630232036435,-7.1139630232036435,4.3860369767963565,1.4715092441990891,8.886036976796357,0.7386036976796356,0.07886036976796357,0.08886036976796356,8.341889069610932,11.455852092814576,1.113963023203644,0.6139630232036439,0.4139630232036439,3.113963023203644,0.9938603697679635,10.56981511601822
2022-09-26T00:00:00+00:00,synthetic_strategy_2,MSFT,alpha_score_decay,accepted,0.4774144627769163,10.977414462776917,12.977414462776917,1.9774144627769163,4.477414462776916,1.494353615694229,8.977414462776917,-0.18225855372230837,-0.05022585537223084,-0.06022585537223084,8.067756611669251,11.090342148892335,1.0225855372230837,0.5225855372230837,0.3225855372230837,3.0225855372230837,0.9947741446277691,10.112927686115418
2022-09-27T00:00:00+00:00,synthetic_strategy_3,NVDA,target_actual_weight_gap,accepted,0.6197830674474454,11.119783067447445,13.119783067447445,2.1197830674474454,4.619783067447445,1.5299457668618612,9.119783067447445,0.7619783067447445,0.08119783067447446,0.09119783067447446,96.35934920234233,118.47913226978979,1.1197830674474454,0.6197830674474454,0.41978306744744537,11.119783067447445,0.9938021693255256,10.598915337237226
2022-09-28T00:00:00+00:00,synthetic_strategy_0,JPM,fundamental_data_stale,accepted,0.49171875972222073,10.99171875972222,12.99171875972222,1.9917187597222208,4.491718759722221,1.4979296899305552,8.99171875972222,0.7491718759722221,0.0799171875972222,0.0899171875972222,8.024843720833339,11.033124961111117,12.00828124027778,6.008281240277779,4.008281240277779,3.008281240277779,0.9949171875972223,10.041406201388897
2022-09-29T00:00:00+00:00,synthetic_strategy_1,XOM,debt_leverage_increase,accepted,0.3823509169840162,10.882350916984016,12.882350916984016,1.8823509169840162,1.0823509169840162,4.770587729246004,1.5823509169840162,0.7382350916984016,0.07882350916984017,0.08882350916984016,8.35294724904795,11.470596332063936,1.1176490830159838,0.6176490830159838,0.4176490830159838,3.117649083015984,0.9938235091698402,10.58824541507992
2022-09-30T00:00:00+00:00,synthetic_strategy_2,AAPL,earnings_estimate_cut,accepted,-7.9614018865111635,2.0385981134888365,-3.9614018865111635,-6.9614018865111635,4.5385981134888365,1.5096495283722091,9.038598113488836,0.7538598113488837,0.08038598113488837,0.09038598113488837,8.11579434046651,11.154392453955346,1.0385981134888367,0.5385981134888367,0.33859811348883667,3.0385981134888365,0.9946140188651116,10.192990567444184
2022-10-01T00:00:00+00:00,synthetic_strategy_3,MSFT,alpha_score_decay,accepted,0.6077027741895238,11.107702774189525,13.107702774189525,2.107702774189524,4.607702774189524,1.526925693547381,9.107702774189525,-0.16922972258104763,-0.04892297225810476,-0.05892297225810476,8.323108322568572,11.430811096758095,1.1077027741895238,0.6077027741895238,0.40770277418952383,3.107702774189524,0.9939229722581048,10.53851387094762
2022-10-02T00:00:00+00:00,synthetic_strategy_0,NVDA,target_actual_weight_gap,accepted,0.4336480675618172,10.933648067561817,12.933648067561817,1.9336480675618173,4.433648067561817,1.4834120168904543,8.933648067561817,0.7433648067561818,0.07933648067561817,0.08933648067561817,96.19905579731454,118.26540772975274,1.0663519324381827,0.5663519324381828,0.3663519324381828,11.066351932438183,0.9943364806756182,10.331759662190914
2022-10-03T00:00:00+00:00,synthetic_strategy_1,JPM,fundamental_data_stale,accepted,0.40939538817153165,10.909395388171532,12.909395388171532,1.9093953881715318,4.409395388171531,1.4773488470428828,8.909395388171532,0.7409395388171531,0.07909395388171532,0.08909395388171532,8.271813835485405,11.362418447313873,12.090604611828468,6.090604611828469,4.090604611828469,3.0906046118284682,0.9940939538817153,10.453023059142343
2022-10-04T00:00:00+00:00,synthetic_strategy_2,XOM,debt_leverage_increase,accepted,0.589699743221948,11.089699743221948,13.089699743221948,2.089699743221948,1.289699743221948,4.822424935805487,1.789699743221948,0.7589699743221948,0.08089699743221948,0.09089699743221948,8.269099229665844,11.358798972887792,1.089699743221948,0.589699743221948,0.3896997432219479,3.089699743221948,0.9941030025677805,10.44849871610974
2022-10-05T00:00:00+00:00,synthetic_strategy_3,AAPL,earnings_estimate_cut,accepted,-7.932510024279274,2.0674899757207252,-3.9325100242792748,-6.932510024279274,4.567489975720726,1.5168724939301814,9.067489975720726,0.7567489975720725,0.08067489975720725,0.09067489975720724,8.202469927162175,11.269959902882901,1.0674899757207252,0.5674899757207252,0.3674899757207253,3.0674899757207252,0.9943251002427927,10.337449878603627
2022-10-06T00:00:00+00:00,synthetic_strategy_0,MSFT,alpha_score_decay,accepted,0.3929088331945454,10.892908833194545,12.892908833194545,1.8929088331945454,4.392908833194546,1.4732272082986364,8.892908833194545,-0.19070911668054547,-0.051070911668054546,-0.06107091166805454,8.321273500416364,11.428364667221818,1.1070911668054546,0.6070911668054546,0.40709116680545454,3.1070911668054544,0.9939290883319455,10.535455834027273
2022-10-07T00:00:00+00:00,synthetic_strategy_1,NVDA,target_actual_weight_gap,accepted,0.46010623874040524,10.960106238740405,12.960106238740405,1.9601062387404053,4.460106238740405,1.4900265596851012,8.960106238740405,0.7460106238740405,0.07960106238740405,0.08960106238740405,96.11968128377879,118.15957504503838,1.0398937612595947,0.5398937612595948,0.33989376125959475,11.039893761259595,0.9946010623874041,10.199468806297974
2022-10-08T00:00:00+00:00,synthetic_strategy_2,JPM,fundamental_data_stale,accepted,0.6173713497955314,11.117371349795532,13.117371349795532,2.1173713497955315,4.6173713497955315,1.5293428374488829,9.117371349795532,0.7617371349795532,0.08117371349795531,0.0911737134979553,8.352114049386595,11.469485399182126,12.117371349795532,6.1173713497955315,4.1173713497955315,3.1173713497955315,0.9938262865020446,10.586856748977658
2022-10-09T00:00:00+00:00,synthetic_strategy_3,XOM,debt_leverage_increase,accepted,0.5096484568412138,11.009648456841214,13.009648456841214,2.0096484568412136,1.2096484568412138,4.802412114210303,1.7096484568412138,0.7509648456841214,0.08009648456841215,0.09009648456841214,8.028945370523642,11.038593827364855,1.0096484568412138,0.5096484568412138,0.30964845684121384,3.0096484568412136,0.9949035154315878,10.048242284206069
2022-10-10T00:00:00+00:00,synthetic_strategy_0,AAPL,earnings_estimate_cut,accepted,-8.119857650880409,1.8801423491195906,-4.11985765088041,-7.11985765088041,4.38014234911959,1.4700355872798976,8.880142349119591,0.738014234911959,0.07880142349119591,0.08880142349119591,8.359572952641228,11.479430603521637,1.1198576508804094,0.6198576508804094,0.41985765088040944,3.1198576508804092,0.9938014234911959,10.599288254402047
2022-10-11T00:00:00+00:00,synthetic_strategy_1,MSFT,alpha_score_decay,accepted,0.5212375399890553,11.021237539989055,13.021237539989055,2.0212375399890554,4.521237539989055,1.5053093849972639,9.021237539989055,-0.17787624600109447,-0.04978762460010945,-0.059787624600109446,8.063712619967166,11.084950159956222,1.0212375399890552,0.5212375399890553,0.32123753998905524,3.0212375399890554,0.9947876246001094,10.106187699945277
2022-10-12T00:00:00+00:00,synthetic_strategy_2,NVDA,target_actual_weight_gap,accepted,0.6143849706804683,11.114384970680469,13.114384970680469,2.1143849706804683,4.614384970680469,1.5285962426701172,9.114384970680469,0.7614384970680468,0.08114384970680469,0.09114384970680468,96.3431549120414,118.45753988272187,1.1143849706804683,0.6143849706804683,0.4143849706804683,11.114384970680469,0.9938561502931953,10.571924853402342
2022-10-13T00:00:00+00:00,synthetic_strategy_3,JPM,fundamental_data_stale,accepted,0.4492867126062806,10.94928671260628,12.94928671260628,1.9492867126062805,4.4492867126062805,1.4873216781515701,8.94928671260628,0.744928671260628,0.07949286712606281,0.0894928671260628,8.152139862181158,11.202853149574878,12.05071328739372,6.0507132873937195,4.0507132873937195,3.0507132873937195,0.9944928671260628,10.253566436968597
2022-10-14T00:00:00+00:00,synthetic_strategy_0,XOM,debt_leverage_increase,accepted,0.398683285056149,10.89868328505615,12.89868328505615,1.898683285056149,1.098683285056149,4.774670821264037,1.598683285056149,0.7398683285056149,0.07898683285056149,0.08898683285056148,8.303950144831553,11.405266859775404,1.101316714943851,0.601316714943851,0.401316714943851,3.101316714943851,0.9939868328505614,10.506583574719254
2022-10-15T00:00:00+00:00,synthetic_strategy_1,AAPL,earnings_estimate_cut,accepted,-7.923178510805028,2.076821489194972,-3.923178510805028,-6.923178510805028,4.576821489194972,1.519205372298743,9.076821489194971,0.7576821489194971,0.08076821489194973,0.09076821489194972,8.230464467584916,11.307285956779888,1.076821489194972,0.5768214891949719,0.37682148919497194,3.076821489194972,0.9942317851080503,10.384107445974859
2022-10-16T00:00:00+00:00,synthetic_strategy_2,MSFT,alpha_score_decay,accepted,0.5815206630911423,11.081520663091142,13.081520663091142,2.0815206630911423,4.581520663091142,1.5203801657727856,9.081520663091142,-0.17184793369088577,-0.049184793369088584,-0.05918479336908858,8.244561989273427,11.326082652364569,1.0815206630911423,0.5815206630911423,0.3815206630911422,3.0815206630911423,0.9941847933690886,10.407603315455711
2022-10-17T00:00:00+00:00,synthetic_strategy_3,NVDA,target_actual_weight_gap,accepted,0.4021715335838018,10.902171533583802,12.902171533583802,1.9021715335838019,4.402171533583802,1.4755428833959505,8.902171533583802,0.7402171533583802,0.07902171533583802,0.08902171533583801,96.2934853992486,118.3913138656648,1.0978284664161981,0.5978284664161982,0.3978284664161982,11.097828466416198,0.994021715335838,10.489142332080991
2022-10-18T00:00:00+00:00,synthetic_strategy_0,JPM,fundamental_data_stale,accepted,0.44368865547505915,10.943688655475059,12.943688655475059,1.9436886554750592,4.443688655475059,1.4859221638687647,8.943688655475059,0.7443688655475059,0.07943688655475059,0.08943688655475059,8.168934033574823,11.225245378099764,12.056311344524941,6.056311344524941,4.056311344524941,3.056311344524941,0.9944368865547506,10.281556722624705
2022-10-19T00:00:00+00:00,synthetic_strategy_1,XOM,debt_leverage_increase,accepted,0.6123392798330335,11.112339279833034,13.112339279833034,2.1123392798330336,1.3123392798330333,4.828084819958258,1.8123392798330333,0.7612339279833034,0.08112339279833033,0.09112339279833033,8.3370178394991,11.449357119332134,1.1123392798330334,0.6123392798330335,0.4123392798330335,3.1123392798330336,0.9938766072016697,10.561696399165168
2022-10-20T00:00:00+00:00,synthetic_strategy_2,AAPL,earnings_estimate_cut,accepted,-7.972637250874284,2.0273627491257162,-3.9726372508742838,-6.972637250874284,4.527362749125716,1.506840687281429,9.027362749125716,0.7527362749125716,0.08027362749125716,0.09027362749125716,8.082088247377149,11.109450996502865,1.027362749125716,0.5273627491257161,0.3273627491257161,3.0273627491257162,0.9947263725087429,10.136813745628581
2022-10-21T00:00:00+00:00,synthetic_strategy_3,MSFT,alpha_score_decay,accepted,0.38060964101969075,10.88060964101969,12.88060964101969,1.8806096410196906,4.38060964101969,1.4701524102549226,8.88060964101969,-0.1919390358980309,-0.051193903589803094,-0.06119390358980309,8.358171076940927,11.477561435921237,1.1193903589803094,0.6193903589803093,0.41939035898030924,3.119390358980309,0.9938060964101969,10.596951794901546
2022-10-22T00:00:00+00:00,synthetic_strategy_0,NVDA,target_actual_weight_gap,accepted,0.5034028317274394,11.00340283172744,13.00340283172744,2.0034028317274393,4.503402831727439,1.5008507079318598,9.00340283172744,0.7503402831727439,0.0800340283172744,0.09003402831727439,96.01020849518231,118.01361132690975,1.0034028317274395,0.5034028317274394,0.30340283172743937,11.00340283172744,0.9949659716827256,10.017014158637197
2022-10-23T00:00:00+00:00,synthetic_strategy_1,JPM,fundamental_data_stale,accepted,0.61851348671412,11.11851348671412,13.11851348671412,2.1185134867141198,4.61851348671412,1.52962837167853,9.11851348671412,0.761851348671412,0.0811851348671412,0.0911851348671412,8.35554046014236,11.474053946856479,12.11851348671412,6.11851348671412,4.11851348671412,3.1185134867141198,0.9938148651328588,10.5925674335706
2022-10-24T00:00:00+00:00,synthetic_strategy_2,XOM,debt_leverage_increase,accepted,0.4660575477467964,10.966057547746797,12.966057547746797,1.9660575477467963,1.1660575477467963,4.791514386936699,1.6660575477467963,0.7466057547746796,0.07966057547746797,0.08966057547746796,8.10182735675961,11.135769809012814,1.0339424522532037,0.5339424522532036,0.3339424522532036,3.0339424522532035,0.994660575477468,10.169712261266017
2022-10-25T00:00:00+00:00,synthetic_strategy_3,AAPL,earnings_estimate_cut,accepted,-8.109766890522693,1.8902331094773084,-4.109766890522692,-7.109766890522692,4.390233109477308,1.472558277369327,8.890233109477307,0.7390233109477309,0.07890233109477308,0.08890233109477308,8.329300671568074,11.439067562090766,1.1097668905226916,0.6097668905226916,0.4097668905226916,3.1097668905226916,0.9939023310947731,10.548834452613459
2022-10-26T00:00:00+00:00,synthetic_strategy_0,MSFT,alpha_score_decay,accepted,0.562228171252778,11.062228171252778,13.062228171252778,2.062228171252778,4.562228171252778,1.5155570428131946,9.062228171252778,-0.17377718287472219,-0.04937771828747222,-0.059377718287472216,8.186684513758333,11.248912685011112,1.062228171252778,0.562228171252778,0.36222817125277795,3.062228171252778,0.9943777182874722,10.31114085626389
2022-10-27T00:00:00+00:00,synthetic_strategy_1,NVDA,target_actual_weight_gap,accepted,0.593731376010694,11.093731376010695,13.093731376010695,2.093731376010694,4.593731376010694,1.5234328440026734,9.093731376010695,0.7593731376010694,0.08093731376010695,0.09093731376010694,96.28119412803208,118.37492550404278,1.0937313760106941,0.593731376010694,0.393731376010694,11.093731376010695,0.994062686239893,10.46865688005347
2022-10-28T00:00:00+00:00,synthetic_strategy_2,JPM,fundamental_data_stale,accepted,0.413618285263781,10.91361828526378,12.91361828526378,1.913618285263781,4.413618285263781,1.4784045713159453,8.91361828526378,0.7413618285263781,0.07913618285263781,0.0891361828526378,8.259145144208658,11.345526858944876,12.08638171473622,6.086381714736219,4.086381714736219,3.086381714736219,0.9941361828526378,10.431908573681095
2022-10-29T00:00:00+00:00,synthetic_strategy_3,XOM,debt_leverage_increase,accepted,0.4285282406924463,10.928528240692446,12.928528240692446,1.9285282406924462,1.1285282406924462,4.782132060173112,1.6285282406924462,0.7428528240692446,0.07928528240692446,0.08928528240692446,8.214415277922662,11.285887037230214,1.0714717593075538,0.5714717593075537,0.3714717593075537,3.0714717593075536,0.9942852824069245,10.357358796537769
2022-10-30T00:00:00+00:00,synthetic_strategy_0,AAPL,earnings_estimate_cut,accepted,-7.895200799894991,2.1047992001050084,-3.8952007998949916,-6.895200799894991,4.604799200105009,1.5261998000262522,9.104799200105008,0.7604799200105008,0.08104799200105009,0.09104799200105008,8.314397600315026,11.419196800420034,1.1047992001050084,0.6047992001050085,0.4047992001050085,3.1047992001050084,0.9939520079989499,10.523996000525042
2022-10-31T00:00:00+00:00,synthetic_strategy_1,MSFT,alpha_score_decay,accepted,0.5444661594273454,11.044466159427346,13.044466159427346,2.0444661594273454,4.544466159427345,1.5111165398568362,9.044466159427346,-0.17555338405726545,-0.04955533840572655,-0.05955533840572654,8.133398478282036,11.177864637709382,1.0444661594273454,0.5444661594273454,0.34446615942734543,3.0444661594273454,0.9945553384057265,10.222330797136728
2022-11-01T00:00:00+00:00,synthetic_strategy_2,NVDA,target_actual_weight_gap,accepted,0.38374236024563146,10.883742360245632,12.883742360245632,1.8837423602456316,4.383742360245631,1.4709355900614078,8.883742360245632,0.7383742360245632,0.07883742360245631,0.0888374236024563,96.34877291926311,118.46503055901748,1.1162576397543684,0.6162576397543685,0.41625763975436847,11.116257639754368,0.9938374236024563,10.581288198771842
2022-11-02T00:00:00+00:00,synthetic_strategy_3,JPM,fundamental_data_stale,accepted,0.4854921541769445,10.985492154176944,12.985492154176944,1.9854921541769446,4.485492154176945,1.4963730385442362,8.985492154176944,0.7485492154176945,0.07985492154176944,0.08985492154176944,8.043523537469166,11.058031383292223,12.014507845823056,6.014507845823055,4.014507845823055,3.0145078458230556,0.9948549215417695,10.072539229115277
2022-11-03T00:00:00+00:00,synthetic_strategy_0,XOM,debt_leverage_increase,accepted,0.619996151871148,11.119996151871147,13.119996151871147,2.119996151871148,1.3199961518711478,4.829999037967787,1.8199961518711478,0.7619996151871148,0.08119996151871148,0.09119996151871147,8.359988455613443,11.479984607484592,1.1199961518711479,0.619996151871148,0.41999615187114797,3.119996151871148,0.9938000384812885,10.59998075935574
2022-11-04T00:00:00+00:00,synthetic_strategy_1,AAPL,earnings_estimate_cut,accepted,-8.016413841187436,1.983586158812564,-4.016413841187436,-7.016413841187436,4.483586158812564,1.495896539703141,8.983586158812564,0.7483586158812564,0.07983586158812564,0.08983586158812563,8.049241523562308,11.065655364749743,1.016413841187436,0.5164138411874358,0.3164138411874359,3.0164138411874357,0.9948358615881256,10.082069205937179
2022-11-05T00:00:00+00:00,synthetic_strategy_2,MSFT,alpha_score_decay,accepted,0.38423351426333435,10.884233514263334,12.884233514263334,1.8842335142633344,4.384233514263334,1.4710583785658335,8.884233514263334,-0.19157664857366655,-0.05115766485736666,-0.06115766485736666,8.347299457209997,11.463065942946663,1.1157664857366656,0.6157664857366656,0.41576648573666564,3.115766485736666,0.9938423351426333,10.578832428683327
2022-11-06T00:00:00+00:00,synthetic_strategy_3,NVDA,target_actual_weight_gap,accepted,0.5462455898096543,11.046245589809654,13.046245589809654,2.0462455898096543,4.546245589809654,1.5115613974524136,9.046245589809654,0.7546245589809655,0.08046245589809654,0.09046245589809654,96.13873676942896,118.18498235923862,1.0462455898096543,0.5462455898096543,0.3462455898096543,11.046245589809654,0.9945375441019034,10.231227949048272
2022-11-07T00:00:00+00:00,synthetic_strategy_0,JPM,fundamental_data_stale,accepted,0.6038495064718151,11.103849506471816,13.103849506471816,2.103849506471815,4.603849506471815,1.5259623766179538,9.103849506471816,0.7603849506471815,0.08103849506471815,0.09103849506471814,8.311548519415446,11.41539802588726,12.103849506471816,6.103849506471815,4.103849506471815,3.103849506471815,0.9939615049352818,10.519247532359076
2022-11-08T00:00:00+00:00,synthetic_strategy_1,XOM,debt_leverage_increase,accepted,0.42699353590194544,10.926993535901946,12.926993535901946,1.9269935359019454,1.1269935359019454,4.781748383975486,1.6269935359019454,0.7426993535901946,0.07926993535901945,0.08926993535901945,8.219019392294163,11.292025856392218,1.0730064640980546,0.5730064640980546,0.3730064640980545,3.0730064640980546,0.9942699353590194,10.365032320490272
2022-11-09T00:00:00+00:00,synthetic_strategy_2,AAPL,earnings_estimate_cut,accepted,-8.085036544577779,1.914963455422221,-4.085036544577779,-7.085036544577779,4.414963455422221,1.4787408638555553,8.914963455422221,0.7414963455422221,0.0791496345542222,0.0891496345542222,8.255109633733337,11.340146178311116,1.085036544577779,0.585036544577779,0.3850365445777789,3.085036544577779,0.9941496345542222,10.425182722888895
2022-11-10T00:00:00+00:00,synthetic_strategy_3,MSFT,alpha_score_decay,accepted,0.5949194452635793,11.09491944526358,13.09491944526358,2.0949194452635793,4.59491944526358,1.523729861315895,9.09491944526358,-0.17050805547364206,-0.04905080554736421,-0.05905080554736421,8.284758335790738,11.379677781054317,1.0949194452635793,0.5949194452635793,0.39491944526357936,3.0949194452635793,0.9940508055473642,10.474597226317897
2022-11-11T00:00:00+00:00,synthetic_strategy_0,NVDA,target_actual_weight_gap,accepted,0.5605768487301848,11.060576848730184,13.060576848730184,2.0605768487301845,4.560576848730185,1.5151442121825462,9.060576848730184,0.7560576848730185,0.08060576848730185,0.09060576848730184,96.18173054619055,118.24230739492074,1.0605768487301848,0.5605768487301848,0.36057684873018475,11.060576848730184,0.9943942315126981,10.302884243650924
2022-11-12T00:00:00+00:00,synthetic_strategy_1,JPM,fundamental_data_stale,accepted,0.38947056785510087,10.889470567855101,12.889470567855101,1.889470567855101,4.389470567855101,1.4723676419637752,8.889470567855101,0.7389470567855101,0.07889470567855102,0.08889470567855101,8.331588296434697,11.442117728579596,12.110529432144899,6.110529432144899,4.110529432144899,3.110529432144899,0.993894705678551,10.552647160724495
2022-11-13T00:00:00+00:00,synthetic_strategy_2,XOM,debt_leverage_increase,accepted,0.46790536884877415,10.967905368848774,12.967905368848774,1.9679053688487742,1.1679053688487742,4.791976342212194,1.6679053688487742,0.7467905368848774,0.07967905368848774,0.08967905368848773,8.096283893453677,11.128378524604903,1.0320946311512258,0.5320946311512258,0.33209463115122584,3.032094631151226,0.9946790536884877,10.16047315575613
2022-11-14T00:00:00+00:00,synthetic_strategy_3,AAPL,earnings_estimate_cut,accepted,-7.8812001348145415,2.118799865185459,-3.881200134814541,-6.8812001348145415,4.6187998651854585,1.5296999662963646,9.118799865185458,0.7618799865185459,0.0811879986518546,0.09118799865185459,8.356399595556377,11.475199460741836,1.118799865185459,0.6187998651854589,0.41879986518545886,3.118799865185459,0.9938120013481454,10.593999325927294
2022-11-15T00:00:00+00:00,synthetic_strategy_0,MSFT,alpha_score_decay,accepted,0.5014812140468349,11.001481214046835,13.001481214046835,2.001481214046835,4.5014812140468345,1.5003703035117086,9.001481214046835,-0.1798518785953165,-0.049985187859531655,-0.05998518785953165,8.004443642140505,11.00592485618734,1.0014812140468348,0.5014812140468349,0.3014812140468348,3.001481214046835,0.9949851878595316,10.007406070234174
2022-11-16T00:00:00+00:00,synthetic_strategy_1,NVDA,target_actual_weight_gap,accepted,0.38081844226492717,10.880818442264927,12.880818442264927,1.8808184422649272,4.3808184422649274,1.4702046105662319,8.880818442264927,0.7380818442264927,0.07880818442264928,0.08880818442264928,96.35754467320521,118.47672623094029,1.1191815577350728,0.6191815577350728,0.4191815577350728,11.119181557735073,0.9938081844226493,10.595907788675364
2022-11-17T00:00:00+00:00,synthetic_strategy_2,JPM,fundamental_data_stale,accepted,0.5292305610246326,11.029230561024633,13.029230561024633,2.0292305610246326,4.529230561024632,1.507307640256158,9.029230561024633,0.7529230561024632,0.08029230561024633,0.09029230561024633,8.087691683073897,11.11692224409853,12.029230561024633,6.029230561024632,4.029230561024632,3.0292305610246326,0.9947076943897537,10.146152805123164
2022-11-18T00:00:00+00:00,synthetic_strategy_3,XOM,debt_leverage_increase,accepted,0.6116491640286887,11.11164916402869,13.11164916402869,2.1116491640286887,1.3116491640286887,4.827912291007172,1.8116491640286887,0.7611649164028689,0.08111649164028689,0.09111649164028689,8.334947492086066,11.446596656114755,1.1116491640286887,0.6116491640286887,0.4116491640286887,3.1116491640286887,0.9938835083597131,10.558245820143444
2022-11-19T00:00:00+00:00,synthetic_strategy_0,AAPL,earnings_estimate_cut,accepted,-8.058001321180218,1.9419986788197816,-4.058001321180218,-7.058001321180218,4.441998678819782,1.4854996697049454,8.941998678819782,0.7441998678819781,0.07941998678819782,0.08941998678819782,8.174003963540654,11.232005284720874,1.0580013211802184,0.5580013211802184,0.3580013211802184,3.0580013211802184,0.9944199867881978,10.290006605901091
2022-11-20T00:00:00+00:00,synthetic_strategy_1,MSFT,alpha_score_decay,accepted,0.40329713776318354,10.903297137763184,12.903297137763184,1.9032971377631835,4.403297137763183,1.4758242844407958,8.903297137763184,-0.18967028622368165,-0.05096702862236817,-0.06096702862236816,8.29010858671045,11.386811448947265,1.0967028622368165,0.5967028622368165,0.39670286223681644,3.0967028622368162,0.9940329713776318,10.483514311184083
2022-11-21T00:00:00+00:00,synthetic_strategy_2,NVDA,target_actual_weight_gap,accepted,0.58292058394388,11.08292058394388,13.08292058394388,2.08292058394388,4.58292058394388,1.52073014598597,9.08292058394388,0.758292058394388,0.0808292058394388,0.09082920583943879,96.24876175183164,118.33168233577553,1.08292058394388,0.58292058394388,0.38292058394387996,11.08292058394388,0.9941707941605612,10.4146029197194
2022-11-22T00:00:00+00:00,synthetic_strategy_3,JPM,fundamental_data_stale,accepted,0.5753351408269314,11.075335140826931,13.075335140826931,2.0753351408269314,4.575335140826931,1.5188337852067328,9.075335140826931,0.7575335140826931,0.08075335140826931,0.0907533514082693,8.226005422480794,11.301340563307726,12.075335140826931,6.075335140826931,4.075335140826931,3.0753351408269314,0.9942466485917307,10.376675704134657
2022-11-23T00:00:00+00:00,synthetic_strategy_0,XOM,debt_leverage_increase,accepted,0.3976663798110642,10.897666379811064,12.897666379811064,1.8976663798110642,1.0976663798110642,4.774416594952766,1.5976663798110642,0.7397666379811064,0.07897666379811065,0.08897666379811064,8.307000860566808,11.409334480755744,1.1023336201889358,0.6023336201889359,0.4023336201889358,3.102333620188936,0.9939766637981107,10.511668100944679
2022-11-24T00:00:00+00:00,synthetic_strategy_1,AAPL,earnings_estimate_cut,accepted,-8.048964893741585,1.9510351062584148,-4.048964893741585,-7.048964893741585,4.451035106258415,1.4877587765646036,8.951035106258415,0.7451035106258415,0.07951035106258415,0.08951035106258415,8.146894681224756,11.195859574966342,1.0489648937415852,0.5489648937415853,0.34896489374158524,3.0489648937415854,0.9945103510625841,10.244824468707927
2022-11-25T00:00:00+00:00,synthetic_strategy_2,MSFT,alpha_score_decay,accepted,0.6149513341336736,11.114951334133673,13.114951334133673,2.1149513341336736,4.614951334133673,1.5287378335334183,9.114951334133673,-0.16850486658663263,-0.04885048665866327,-0.05885048665866326,8.344854002401021,11.459805336534695,1.1149513341336736,0.6149513341336736,0.41495133413367363,3.1149513341336736,0.9938504866586633,10.574756670668368
2022-11-26T00:00:00+00:00,synthetic_strategy_3,NVDA,target_actual_weight_gap,accepted,0.5193432007114892,11.01934320071149,13.01934320071149,2.0193432007114893,4.519343200711489,1.5048358001778723,9.01934320071149,0.7519343200711489,0.08019343200711489,0.09019343200711488,96.05802960213447,118.07737280284596,1.0193432007114893,0.5193432007114892,0.3193432007114892,11.01934320071149,0.9948065679928851,10.096716003557447
2022-11-27T00:00:00+00:00,synthetic_strategy_0,JPM,fundamental_data_stale,accepted,0.3800641360388673,10.880064136038868,12.880064136038868,1.8800641360388672,4.380064136038867,1.4700160340097168,8.880064136038868,0.7380064136038867,0.07880064136038867,0.08880064136038866,8.359807591883397,11.479743455844531,12.119935863961132,6.119935863961133,4.119935863961133,3.1199358639611328,0.9938006413603887,10.599679319805663
2022-11-28T00:00:00+00:00,synthetic_strategy_1,XOM,debt_leverage_increase,accepted,0.511562950768446,11.011562950768447,13.011562950768447,2.011562950768446,1.211562950768446,4.8028907376921115,1.711562950768446,0.7511562950768446,0.08011562950768446,0.09011562950768445,8.034688852305338,11.046251803073783,1.011562950768446,0.511562950768446,0.311562950768446,3.011562950768446,0.9948843704923155,10.05781475384223
2022-11-29T00:00:00+00:00,synthetic_strategy_2,AAPL,earnings_estimate_cut,accepted,-7.883043781127518,2.1169562188724824,-3.8830437811275176,-6.883043781127518,4.616956218872482,1.5292390547181205,9.116956218872483,0.7616956218872483,0.08116956218872483,0.09116956218872482,8.350868656617447,11.46782487548993,1.1169562188724822,0.6169562188724823,0.41695621887248224,3.1169562188724824,0.9938304378112752,10.58478109436241
2022-11-30T00:00:00+00:00,synthetic_strategy_3,MSFT,alpha_score_decay,accepted,0.45829871948087286,10.958298719480872,12.958298719480872,1.958298719480873,4.458298719480873,1.4895746798702183,8.958298719480872,-0.1841701280519127,-0.05041701280519127,-0.06041701280519127,8.125103841557381,11.166805122076509,1.041701280519127,0.5417012805191271,0.3417012805191271,3.0417012805191272,0.9945829871948088,10.208506402595635
2022-12-01T00:00:00+00:00,synthetic_strategy_0,NVDA,target_actual_weight_gap,accepted,0.3937897419274439,10.893789741927444,12.893789741927444,1.8937897419274439,4.393789741927444,1.473447435481861,8.893789741927444,0.7393789741927443,0.07893789741927444,0.08893789741927444,96.31863077421767,118.42484103229022,1.1062102580725561,0.6062102580725561,0.40621025807255606,11.106210258072556,0.9939378974192744,10.53105129036278
2022-12-02T00:00:00+00:00,synthetic_strategy_1,JPM,fundamental_data_stale,accepted,0.569070494499848,11.069070494499847,13.069070494499847,2.069070494499848,4.569070494499848,1.517267623624962,9.069070494499847,0.7569070494499848,0.08069070494499848,0.09069070494499848,8.207211483499544,11.276281977999393,12.069070494499847,6.069070494499848,4.069070494499848,3.069070494499848,0.9943092950550015,10.34535247249924
2022-12-03T00:00:00+00:00,synthetic_strategy_2,XOM,debt_leverage_increase,accepted,0.5884115522034096,11.088411552203409,13.088411552203409,2.0884115522034095,1.2884115522034096,4.8221028880508525,1.7884115522034096,0.758841155220341,0.0808841155220341,0.0908841155220341,8.265234656610229,11.353646208813638,1.0884115522034097,0.5884115522034096,0.38841155220340956,3.0884115522034095,0.994115884477966,10.442057761017049
2022-12-04T00:00:00+00:00,synthetic_strategy_3,AAPL,earnings_estimate_cut,accepted,-8.091853177966906,1.9081468220330937,-4.0918531779669065,-7.0918531779669065,4.4081468220330935,1.4770367055082734,8.908146822033094,0.7408146822033094,0.07908146822033094,0.08908146822033093,8.275559533900719,11.367412711867624,1.0918531779669063,0.5918531779669062,0.3918531779669062,3.091853177966906,0.9940814682203309,10.459265889834532
2022-12-05T00:00:00+00:00,synthetic_strategy_0,MSFT,alpha_score_decay,accepted,0.4352580003257529,10.935258000325753,12.935258000325753,1.935258000325753,4.435258000325753,1.4838145000814382,8.935258000325753,-0.1864741999674247,-0.05064741999674247,-0.06064741999674247,8.194225999022741,11.258967998696988,1.064741999674247,0.5647419996742471,0.3647419996742471,3.064741999674247,0.9943525800032575,10.323709998371235
2022-12-06T00:00:00+00:00,synthetic_strategy_1,NVDA,target_actual_weight_gap,accepted,0.608536478382322,11.108536478382321,13.108536478382321,2.108536478382322,4.608536478382322,1.5271341195955805,9.108536478382321,0.7608536478382322,0.08108536478382322,0.09108536478382322,96.32560943514697,118.43414591352929,1.108536478382322,0.608536478382322,0.40853647838232204,11.108536478382321,0.9939146352161767,10.54268239191161
2022-12-07T00:00:00+00:00,synthetic_strategy_2,JPM,fundamental_data_stale,accepted,0.5367733443346624,11.036773344334662,13.036773344334662,2.0367733443346623,4.536773344334662,1.5091933360836656,9.036773344334662,0.7536773344334663,0.08036773344334662,0.09036773344334662,8.110320033003987,11.14709337733865,12.036773344334662,6.036773344334662,4.036773344334662,3.0367733443346623,0.9946322665566534,10.183866721673311
2022-12-08T00:00:00+00:00,synthetic_strategy_3,XOM,debt_leverage_increase,accepted,0.38198743570896754,10.881987435708968,12.881987435708968,1.8819874357089676,1.0819874357089676,4.770496858927242,1.5819874357089676,0.7381987435708968,0.07881987435708968,0.08881987435708967,8.354037692873097,11.47205025716413,1.1180125642910324,0.6180125642910325,0.41801256429103245,3.1180125642910324,0.9938198743570896,10.590062821455163
2022-12-09T00:00:00+00:00,synthetic_strategy_0,AAPL,earnings_estimate_cut,accepted,-8.006362806001473,1.9936371939985276,-4.006362806001472,-7.006362806001472,4.493637193998528,1.498409298499632,8.993637193998527,0.7493637193998528,0.07993637193998528,0.08993637193998527,8.019088418004417,11.02545122400589,1.0063628060014724,0.5063628060014724,0.3063628060014724,3.0063628060014724,0.9949363719399853,10.031814030007363
2022-12-10T00:00:00+00:00,synthetic_strategy_1,MSFT,alpha_score_decay,accepted,0.6196521893341546,11.119652189334154,13.119652189334154,2.1196521893341544,4.619652189334155,1.5299130473335387,9.119652189334154,-0.16803478106658454,-0.04880347810665846,-0.05880347810665845,8.358956568002464,11.478608757336618,1.1196521893341544,0.6196521893341546,0.41965218933415455,3.1196521893341544,0.9938034781066585,10.598260946670774
2022-12-11T00:00:00+00:00,synthetic_strategy_2,NVDA,target_actual_weight_gap,accepted,0.4755297543492522,10.975529754349251,12.975529754349251,1.9755297543492523,4.475529754349252,1.493882438587313,8.975529754349251,0.7475529754349253,0.07975529754349252,0.08975529754349251,96.07341073695224,118.09788098260299,1.0244702456507477,0.5244702456507477,0.3244702456507478,11.024470245650749,0.9947552975434926,10.12235122825374
2022-12-12T00:00:00+00:00,synthetic_strategy_3,JPM,fundamental_data_stale,accepted,0.3866535235181634,10.886653523518163,12.886653523518163,1.8866535235181634,4.386653523518163,1.4716633808795407,8.886653523518163,0.7386653523518163,0.07886653523518164,0.08886653523518163,8.34003942944551,11.453385905927346,12.113346476481837,6.113346476481837,4.113346476481837,3.1133464764818366,0.9938665352351816,10.566732382409183
2022-12-13T00:00:00+00:00,synthetic_strategy_0,XOM,debt_leverage_increase,accepted,0.5536783845357094,11.05367838453571,13.05367838453571,2.0536783845357096,1.2536783845357093,4.813419596133927,1.7536783845357093,0.7553678384535709,0.08053678384535709,0.09053678384535709,8.161035153607129,11.214713538142838,1.0536783845357094,0.5536783845357094,0.35367838453570943,3.0536783845357096,0.994463216154643,10.268391922678546
2022-12-14T00:00:00+00:00,synthetic_strategy_1,AAPL,earnings_estimate_cut,accepted,-7.900485852138372,2.099514147861628,-3.900485852138372,-6.900485852138372,4.599514147861628,1.524878536965407,9.099514147861628,0.7599514147861628,0.08099514147861628,0.09099514147861627,8.298542443584884,11.398056591446512,1.099514147861628,0.5995141478616279,0.39951414786162787,3.099514147861628,0.9940048585213838,10.49757073930814
2022-12-15T00:00:00+00:00,synthetic_strategy_2,MSFT,alpha_score_decay,accepted,0.4206779153513288,10.920677915351328,12.920677915351328,1.920677915351329,4.4206779153513285,1.4801694788378321,8.920677915351328,-0.1879322084648671,-0.050793220846486714,-0.06079322084648671,8.237966253946013,11.317288338594684,1.079322084648671,0.5793220846486712,0.3793220846486712,3.079322084648671,0.9942067791535133,10.396610423243356
2022-12-16T00:00:00+00:00,synthetic_strategy_3,NVDA,target_actual_weight_gap,accepted,0.42092627990442133,10.920926279904421,12.920926279904421,1.9209262799044213,4.420926279904421,1.4802315699761053,8.920926279904421,0.7420926279904422,0.07920926279904421,0.0892092627990442,96.23722116028674,118.31629488038232,1.0790737200955787,0.5790737200955787,0.37907372009557866,11.079073720095579,0.9942092627990442,10.395368600477893
2022-12-17T00:00:00+00:00,synthetic_strategy_0,JPM,fundamental_data_stale,accepted,0.5996985116042397,11.09969851160424,13.09969851160424,2.09969851160424,4.59969851160424,1.52492462790106,9.09969851160424,0.7599698511604239,0.0809969851160424,0.0909969851160424,8.29909553481272,11.39879404641696,12.09969851160424,6.09969851160424,4.09969851160424,3.09969851160424,0.9940030148839576,10.498492558021198
2022-12-18T00:00:00+00:00,synthetic_strategy_1,XOM,debt_leverage_increase,accepted,0.5533825114762524,11.053382511476253,13.053382511476253,2.0533825114762525,1.2533825114762522,4.8133456278690625,1.7533825114762522,0.7553382511476252,0.08053382511476252,0.09053382511476252,8.160147534428758,11.21353004590501,1.0533825114762523,0.5533825114762524,0.3533825114762523,3.0533825114762525,0.9944661748852375,10.266912557381263
2022-12-19T00:00:00+00:00,synthetic_strategy_2,AAPL,earnings_estimate_cut,accepted,-8.113454596995002,1.8865454030049975,-4.113454596995003,-7.113454596995003,4.386545403004997,1.4716363507512493,8.886545403004998,0.7386545403004997,0.07886545403004998,0.08886545403004997,8.340363790985007,11.45381838798001,1.1134545969950025,0.6134545969950025,0.4134545969950025,3.1134545969950027,0.99386545403005,10.567272984975013
2022-12-20T00:00:00+00:00,synthetic_strategy_3,MSFT,alpha_score_decay,accepted,0.47585348887439183,10.975853488874392,12.975853488874392,1.9758534888743917,4.4758534888743915,1.4939633722185979,8.975853488874392,-0.1824146511125608,-0.05024146511125609,-0.06024146511125608,8.072439533376825,11.096586044502432,1.0241465111256083,0.5241465111256082,0.32414651112560816,3.024146511125608,0.9947585348887439,10.120732555628042
2022-12-21T00:00:00+00:00,synthetic_strategy_0,NVDA,target_actual_weight_gap,accepted,0.6196768870249607,11.11967688702496,13.11967688702496,2.1196768870249607,4.619676887024961,1.5299192217562403,9.11967688702496,0.7619676887024961,0.08119676887024961,0.0911967688702496,96.35903066107488,118.47870754809985,1.1196768870249607,0.6196768870249607,0.4196768870249607,11.11967688702496,0.9938032311297504,10.598384435124803
2022-12-22T00:00:00+00:00,synthetic_strategy_1,JPM,fundamental_data_stale,accepted,0.49330709515041,10.99330709515041,12.99330709515041,1.99330709515041,4.49330709515041,1.4983267737876025,8.99330709515041,0.749330709515041,0.0799330709515041,0.0899330709515041,8.02007871454877,11.02677161939836,12.00669290484959,6.00669290484959,4.00669290484959,3.00669290484959,0.9949330709515041,10.03346452424795
2022-12-23T00:00:00+00:00,synthetic_strategy_2,XOM,debt_leverage_increase,accepted,0.38204780085646434,10.882047800856464,12.882047800856464,1.8820478008564643,1.0820478008564642,4.770511950214116,1.5820478008564642,0.7382047800856464,0.07882047800856465,0.08882047800856464,8.353856597430607,11.471808796574143,1.1179521991435357,0.6179521991435357,0.41795219914353565,3.1179521991435357,0.9938204780085647,10.589760995717679
2022-12-24T00:00:00+00:00,synthetic_strategy_3,AAPL,earnings_estimate_cut,accepted,-7.962912112251026,2.037087887748975,-3.962912112251025,-6.962912112251026,4.537087887748974,1.5092719719372436,9.037087887748974,0.7537087887748974,0.08037087887748975,0.09037087887748975,8.111263663246925,11.1483515509959,1.0370878877489749,0.5370878877489748,0.3370878877489748,3.037087887748975,0.9946291211225102,10.185439438744874
2022-12-25T00:00:00+00:00,synthetic_strategy_0,MSFT,alpha_score_decay,accepted,0.6083950588605265,11.108395058860527,13.108395058860527,2.1083950588605265,4.608395058860527,1.5270987647151317,9.108395058860527,-0.16916049411394735,-0.04891604941139474,-0.058916049411394736,8.325185176581579,11.433580235442106,1.1083950588605265,0.6083950588605265,0.40839505886052646,3.1083950588605265,0.9939160494113948,10.541975294302633
2022-12-26T00:00:00+00:00,synthetic_strategy_1,NVDA,target_actual_weight_gap,accepted,0.4349798991649921,10.934979899164992,12.934979899164992,1.934979899164992,4.4349798991649925,1.4837449747912481,8.934979899164992,0.7434979899164992,0.07934979899164993,0.08934979899164992,96.19506030250503,118.26008040334003,1.065020100835008,0.565020100835008,0.3650201008350079,11.065020100835008,0.9943497989916499,10.32510050417504
2022-12-27T00:00:00+00:00,synthetic_strategy_2,JPM,fundamental_data_stale,accepted,0.4083599051617406,10.90835990516174,12.90835990516174,1.9083599051617406,4.408359905161741,1.4770899762904353,8.90835990516174,0.7408359905161741,0.07908359905161741,0.0890835990516174,8.274920284514778,11.366560379353038,12.09164009483826,6.091640094838259,4.091640094838259,3.0916400948382594,0.9940835990516174,10.458200474191298
2022-12-28T00:00:00+00:00,synthetic_strategy_3,XOM,debt_leverage_increase,accepted,0.5886347441882659,11.088634744188266,13.088634744188266,2.088634744188266,1.2886347441882657,4.822158686047066,1.7886347441882657,0.7588634744188266,0.08088634744188267,0.09088634744188266,8.265904232564798,11.354538976753064,1.088634744188266,0.5886347441882659,0.3886347441882659,3.088634744188266,0.9941136525581173,10.44317372094133
2022-12-29T00:00:00+00:00,synthetic_strategy_0,AAPL,earnings_estimate_cut,accepted,-7.93120010274564,2.0687998972543595,-3.9312001027456405,-6.93120010274564,4.56879989725436,1.51719997431359,9.06879989725436,0.7568799897254359,0.0806879989725436,0.0906879989725436,8.206399691763078,11.275199589017438,1.0687998972543595,0.5687998972543595,0.3687998972543596,3.0687998972543595,0.9943120010274564,10.343999486271798
2022-12-30T00:00:00+00:00,synthetic_strategy_1,MSFT,alpha_score_decay,accepted,0.3936362798730902,10.89363627987309,12.89363627987309,1.8936362798730901,4.39363627987309,1.4734090699682725,8.89363627987309,-0.19063637201269099,-0.0510636372012691,-0.061063637201269096,8.31909116038073,11.425454880507639,1.1063637201269099,0.6063637201269099,0.4063637201269098,3.1063637201269096,0.9939363627987309,10.53181860063455
2022-12-31T00:00:00+00:00,synthetic_strategy_2,NVDA,target_actual_weight_gap,accepted,0.4586088622079237,10.958608862207925,12.958608862207925,1.9586088622079236,4.458608862207924,1.489652215551981,8.958608862207925,0.7458608862207924,0.07958608862207923,0.08958608862207923,96.12417341337623,118.1655645511683,1.0413911377920764,0.5413911377920764,0.3413911377920763,11.041391137792075,0.9945860886220792,10.206955688960381
2023-01-01T00:00:00+00:00,synthetic_strategy_3,JPM,fundamental_data_stale,accepted,0.6170297605611864,11.117029760561186,13.117029760561186,2.1170297605611865,4.617029760561186,1.5292574401402965,9.117029760561186,0.7617029760561187,0.08117029760561187,0.09117029760561186,8.35108928168356,11.468119042244746,12.117029760561186,6.117029760561186,4.117029760561186,3.1170297605611865,0.9938297023943882,10.585148802805932
2023-01-02T00:00:00+00:00,synthetic_strategy_0,XOM,debt_leverage_increase,accepted,0.5112338571580145,11.011233857158015,13.011233857158015,2.0112338571580146,1.2112338571580146,4.8028084642895035,1.7112338571580146,0.7511233857158015,0.08011233857158015,0.09011233857158014,8.033701571474044,11.044935428632058,1.0112338571580146,0.5112338571580145,0.3112338571580145,3.0112338571580146,0.9948876614284199,10.056169285790073
2023-01-03T00:00:00+00:00,synthetic_strategy_1,AAPL,earnings_estimate_cut,accepted,-8.11992460185021,1.8800753981497904,-4.11992460185021,-7.11992460185021,4.38007539814979,1.4700188495374475,8.88007539814979,0.738007539814979,0.07880075398149791,0.0888007539814979,8.35977380555063,11.479698407400837,1.1199246018502096,0.6199246018502096,0.4199246018502095,3.1199246018502094,0.9938007539814979,10.599623009251047
2023-01-04T00:00:00+00:00,synthetic_strategy_2,MSFT,alpha_score_decay,accepted,0.5196693921999476,11.019669392199948,13.019669392199948,2.0196693921999476,4.519669392199948,1.504917348049987,9.019669392199948,-0.17803306078000522,-0.04980330607800053,-0.05980330607800052,8.059008176599843,11.07867756879979,1.0196693921999476,0.5196693921999476,0.3196693921999476,3.0196693921999476,0.9948033060780005,10.098346960999738
2023-01-05T00:00:00+00:00,synthetic_strategy_3,NVDA,target_actual_weight_gap,accepted,0.6148560160680031,11.114856016068003,13.114856016068003,2.114856016068003,4.614856016068003,1.5287140040170009,9.114856016068003,0.7614856016068003,0.08114856016068003,0.09114856016068003,96.34456804820401,118.45942406427201,1.114856016068003,0.6148560160680031,0.41485601606800304,11.114856016068003,0.99385143983932,10.574280080340015
2023-01-06T00:00:00+00:00,synthetic_strategy_0,JPM,fundamental_data_stale,accepted,0.450733477185881,10.950733477185882,12.950733477185882,1.950733477185881,4.450733477185881,1.4876833692964702,8.950733477185882,0.7450733477185881,0.07950733477185881,0.0895073347718588,8.147799568442357,11.197066091256476,12.049266522814118,6.049266522814119,4.049266522814119,3.049266522814119,0.9945073347718588,10.246332614070594
2023-01-07T00:00:00+00:00,synthetic_strategy_1,XOM,debt_leverage_increase,accepted,0.3978394243673624,10.897839424367362,12.897839424367362,1.8978394243673624,1.0978394243673624,4.77445985609184,1.5978394243673624,0.7397839424367363,0.07897839424367363,0.08897839424367363,8.306481726897912,11.40864230253055,1.1021605756326376,0.6021605756326376,0.4021605756326376,3.1021605756326376,0.9939783942436736,10.510802878163188
2023-01-08T00:00:00+00:00,synthetic_strategy_2,AAPL,earnings_estimate_cut,accepted,-7.924407821777231,2.0755921782227698,-3.9244078217772302,-6.924407821777231,4.575592178222769,1.5188980445556923,9.07559217822277,0.757559217822277,0.0807559217822277,0.09075592178222769,8.226776534668309,11.302368712891079,1.0755921782227695,0.5755921782227695,0.3755921782227695,3.0755921782227698,0.9942440782177723,10.377960891113847
2023-01-09T00:00:00+00:00,synthetic_strategy_3,MSFT,alpha_score_decay,accepted,0.5826813036810208,11.08268130368102,13.08268130368102,2.082681303681021,4.582681303681021,1.5206703259202552,9.08268130368102,-0.1717318696318979,-0.04917318696318979,-0.05917318696318979,8.248043911043062,11.330725214724083,1.0826813036810208,0.5826813036810208,0.3826813036810208,3.082681303681021,0.9941731869631898,10.413406518405104
2023-01-10T00:00:00+00:00,synthetic_strategy_0,NVDA,target_actual_weight_gap,accepted,0.4031017602562819,10.903101760256282,12.903101760256282,1.9031017602562819,4.403101760256282,1.4757754400640706,8.903101760256282,0.7403101760256282,0.07903101760256281,0.08903101760256281,96.29069471923115,118.38759295897488,1.0968982397437181,0.596898239743718,0.3968982397437181,11.096898239743718,0.9940310176025628,10.48449119871859
2023-01-11T00:00:00+00:00,synthetic_strategy_1,JPM,fundamental_data_stale,accepted,0.44228830571479966,10.942288305714799,12.942288305714799,1.9422883057147997,4.4422883057148,1.4855720764287,8.942288305714799,0.7442288305714799,0.079422883057148,0.08942288305714799,8.173135082855602,11.230846777140801,12.057711694285201,6.0577116942852,4.0577116942852,3.0577116942852003,0.994422883057148,10.288558471426002
2023-01-12T00:00:00+00:00,synthetic_strategy_2,XOM,debt_leverage_increase,accepted,0.6117699078739475,11.111769907873947,13.111769907873947,2.1117699078739474,1.3117699078739473,4.827942476968487,1.8117699078739473,0.7611769907873948,0.08111769907873947,0.09111769907873947,8.335309723621842,11.44707963149579,1.1117699078739474,0.6117699078739475,0.4117699078739474,3.1117699078739474,0.9938823009212605,10.558849539369737
2023-01-13T00:00:00+00:00,synthetic_strategy_3,AAPL,earnings_estimate_cut,accepted,-7.9710901802297505,2.02890981977025,-3.97109018022975,-6.9710901802297505,4.5289098197702495,1.5072274549425624,9.02890981977025,0.752890981977025,0.0802890981977025,0.09028909819770249,8.08672945931075,11.115639279081,1.02890981977025,0.52890981977025,0.32890981977024997,3.02890981977025,0.9947109018022975,10.14454909885125
2023-01-14T00:00:00+00:00,synthetic_strategy_0,MSFT,alpha_score_decay,accepted,0.38078034990910625,10.880780349909106,12.880780349909106,1.8807803499091063,4.380780349909107,1.4701950874772767,8.880780349909106,-0.19192196500908937,-0.05119219650090894,-0.06119219650090894,8.35765895027268,11.476878600363575,1.1192196500908937,0.6192196500908937,0.4192196500908937,3.1192196500908937,0.993807803499091,10.59609825045447
2023-01-15T00:00:00+00:00,synthetic_strategy_1,NVDA,target_actual_weight_gap,accepted,0.5018117712818487,11.001811771281849,13.001811771281849,2.0018117712818486,4.501811771281849,1.5004529428204623,9.001811771281849,0.7501811771281849,0.08001811771281848,0.09001811771281848,96.00543531384555,118.00724708512739,1.0018117712818488,0.5018117712818487,0.3018117712818488,11.001811771281849,0.9949818822871815,10.009058856409244
2023-01-16T00:00:00+00:00,synthetic_strategy_2,JPM,fundamental_data_stale,accepted,0.6187527765817157,11.118752776581715,13.118752776581715,2.1187527765817156,4.618752776581716,1.529688194145429,9.118752776581715,0.7618752776581715,0.08118752776581716,0.09118752776581715,8.356258329745147,11.475011106326862,12.118752776581715,6.118752776581716,4.118752776581716,3.1187527765817156,0.9938124722341828,10.59376388290858
2023-01-17T00:00:00+00:00,synthetic_strategy_3,XOM,debt_leverage_increase,accepted,0.4675869458284325,10.967586945828433,12.967586945828433,1.9675869458284325,1.1675869458284325,4.791896736457108,1.6675869458284325,0.7467586945828433,0.07967586945828432,0.08967586945828432,8.097239162514702,11.12965221668627,1.0324130541715675,0.5324130541715675,0.3324130541715675,3.0324130541715677,0.9946758694582843,10.162065270857838
2023-01-18T00:00:00+00:00,synthetic_strategy_0,AAPL,earnings_estimate_cut,accepted,-8.110400289435097,1.8895997105649034,-4.110400289435097,-7.110400289435097,4.389599710564903,1.4723999276412258,8.889599710564903,0.7389599710564904,0.07889599710564904,0.08889599710564904,8.33120086830529,11.441601157740386,1.1104002894350966,0.6104002894350966,0.41040028943509654,3.1104002894350966,0.993895997105649,10.552001447175483
2023-01-19T00:00:00+00:00,synthetic_strategy_1,MSFT,alpha_score_decay,accepted,0.5608619930962548,11.060861993096255,13.060861993096255,2.060861993096255,4.560861993096255,1.5152154982740638,9.060861993096255,-0.17391380069037451,-0.049391380069037455,-0.05939138006903745,8.182585979288765,11.24344797238502,1.0608619930962548,0.5608619930962548,0.36086199309625483,3.060861993096255,0.9943913800690375,10.304309965481274
2023-01-20T00:00:00+00:00,synthetic_strategy_2,NVDA,target_actual_weight_gap,accepted,0.5947168239904871,11.094716823990487,13.094716823990487,2.094716823990487,4.594716823990487,1.5236792059976219,9.094716823990487,0.7594716823990487,0.08094716823990487,0.09094716823990487,96.28415047197146,118.37886729596195,1.094716823990487,0.5947168239904871,0.3947168239904871,11.094716823990487,0.9940528317600952,10.473584119952436
2023-01-21T00:00:00+00:00,synthetic_strategy_3,JPM,fundamental_data_stale,accepted,0.4147305243270716,10.914730524327071,12.914730524327071,1.9147305243270716,4.414730524327071,1.4786826310817678,8.914730524327071,0.7414730524327071,0.07914730524327071,0.08914730524327072,8.255808427018785,11.341077902691714,12.085269475672929,6.085269475672929,4.085269475672929,3.0852694756729284,0.9941473052432707,10.426347378364643
2023-01-22T00:00:00+00:00,synthetic_strategy_0,XOM,debt_leverage_increase,accepted,0.42725618095335577,10.927256180953355,12.927256180953355,1.9272561809533557,1.1272561809533557,4.781814045238339,1.6272561809533557,0.7427256180953355,0.07927256180953356,0.08927256180953355,8.218231457139932,11.290975276186577,1.0727438190466443,0.5727438190466443,0.3727438190466442,3.0727438190466443,0.9942725618095336,10.363719095233222
2023-01-23T00:00:00+00:00,synthetic_strategy_1,AAPL,earnings_estimate_cut,accepted,-7.895985243170695,2.1040147568293053,-3.8959852431706947,-6.895985243170695,4.604014756829305,1.5260036892073263,9.104014756829306,0.7604014756829306,0.08104014756829306,0.09104014756829305,8.312044270487917,11.416059027317221,1.1040147568293055,0.6040147568293055,0.40401475682930543,3.1040147568293053,0.9939598524317069,10.520073784146527
2023-01-24T00:00:00+00:00,synthetic_strategy_2,MSFT,alpha_score_decay,accepted,0.5459403615607598,11.04594036156076,13.04594036156076,2.04594036156076,4.54594036156076,1.51148509039019,9.04594036156076,-0.175405963843924,-0.049540596384392406,-0.0595405963843924,8.13782108468228,11.18376144624304,1.0459403615607599,0.5459403615607598,0.34594036156075975,3.04594036156076,0.9945405963843924,10.2297018078038
2023-01-25T00:00:00+00:00,synthetic_strategy_3,NVDA,target_actual_weight_gap,accepted,0.38414691786459787,10.884146917864598,12.884146917864598,1.884146917864598,4.384146917864598,1.4710367294661495,8.884146917864598,0.7384146917864598,0.07884146917864598,0.08884146917864598,96.3475592464062,118.46341232854161,1.115853082135402,0.6158530821354021,0.4158530821354021,11.115853082135402,0.993841469178646,10.57926541067701
2023-01-26T00:00:00+00:00,synthetic_strategy_0,JPM,fundamental_data_stale,accepted,0.4839137019998782,10.983913701999878,12.983913701999878,1.9839137019998783,4.483913701999878,1.4959784254999695,8.983913701999878,0.7483913701999878,0.07983913701999878,0.08983913701999878,8.048258894000366,11.064345192000488,12.016086298000122,6.016086298000122,4.016086298000122,3.016086298000122,0.9948391370199988,10.08043149000061
2023-01-27T00:00:00+00:00,synthetic_strategy_1,XOM,debt_leverage_increase,accepted,0.6199983439972291,11.11999834399723,13.11999834399723,2.119998343997229,1.3199983439972292,4.829999585999307,1.8199983439972292,0.761999834399723,0.0811999834399723,0.0911999834399723,8.359995031991687,11.479993375988917,1.1199983439972292,0.6199983439972291,0.4199983439972291,3.119998343997229,0.9938000165600277,10.599991719986146
2023-01-28T00:00:00+00:00,synthetic_strategy_2,AAPL,earnings_estimate_cut,accepted,-8.014835953897123,1.9851640461028777,-4.014835953897122,-7.014835953897122,4.485164046102878,1.4962910115257195,8.985164046102877,0.7485164046102878,0.07985164046102877,0.08985164046102877,8.044507861691367,11.05934381558849,1.0148359538971223,0.5148359538971223,0.3148359538971223,3.0148359538971223,0.9948516404610288,10.074179769485612
2023-01-29T00:00:00+00:00,synthetic_strategy_3,MSFT,alpha_score_decay,accepted,0.3838247179573017,10.883824717957301,12.883824717957301,1.8838247179573018,4.383824717957301,1.4709561794893253,8.883824717957301,-0.19161752820426983,-0.05116175282042699,-0.06116175282042698,8.348525846128094,11.464701128170793,1.1161752820426982,0.6161752820426982,0.41617528204269827,3.1161752820426982,0.993838247179573,10.580876410213492
2023-01-30T00:00:00+00:00,synthetic_strategy_0,NVDA,target_actual_weight_gap,accepted,0.5447730448259821,11.044773044825982,13.044773044825982,2.044773044825982,4.544773044825982,1.5111932612064956,9.044773044825982,0.7544773044825982,0.08044773044825983,0.09044773044825982,96.13431913447795,118.17909217930392,1.044773044825982,0.5447730448259821,0.3447730448259821,11.044773044825982,0.9945522695517401,10.223865224129911
2023-01-31T00:00:00+00:00,synthetic_strategy_1,JPM,fundamental_data_stale,accepted,0.6046377614053452,11.104637761405344,13.104637761405344,2.1046377614053453,4.604637761405345,1.5261594403513363,9.104637761405344,0.7604637761405345,0.08104637761405345,0.09104637761405344,8.313913284216035,11.418551045621381,12.104637761405344,6.104637761405345,4.104637761405345,3.1046377614053453,0.9939536223859465,10.523188807026726
2023-02-01T00:00:00+00:00,synthetic_strategy_2,XOM,debt_leverage_increase,accepted,0.4282629562690445,10.928262956269045,12.928262956269045,1.9282629562690445,1.1282629562690445,4.782065739067261,1.6282629562690445,0.7428262956269045,0.07928262956269044,0.08928262956269044,8.215211131192866,11.286948174923822,1.0717370437309555,0.5717370437309556,0.3717370437309555,3.0717370437309555,0.9942826295626904,10.358685218654777
2023-02-02T00:00:00+00:00,synthetic_strategy_3,AAPL,earnings_estimate_cut,accepted,-8.086151915161803,1.9138480848381965,-4.086151915161803,-7.086151915161803,4.413848084838197,1.4784620212095492,8.913848084838197,0.7413848084838196,0.07913848084838196,0.08913848084838195,8.25845574548541,11.344607660647215,1.0861519151618035,0.5861519151618036,0.3861519151618036,3.0861519151618038,0.994138480848382,10.430759575809018
2023-02-03T00:00:00+00:00,synthetic_strategy_0,MSFT,alpha_score_decay,accepted,0.5939374436141819,11.093937443614182,13.093937443614182,2.0939374436141818,4.593937443614182,1.5234843609035456,9.093937443614182,-0.1706062556385818,-0.049060625563858186,-0.05906062556385818,8.281812330842545,11.375749774456727,1.0939374436141818,0.5939374436141819,0.39393744361418187,3.0939374436141818,0.9940606255638582,10.46968721807091
2023-02-04T00:00:00+00:00,synthetic_strategy_1,NVDA,target_actual_weight_gap,accepted,0.5619452703260374,11.061945270326037,13.061945270326037,2.0619452703260372,4.561945270326038,1.5154863175815094,9.061945270326037,0.7561945270326037,0.08061945270326037,0.09061945270326037,96.1858358109781,118.24778108130415,1.0619452703260375,0.5619452703260374,0.3619452703260374,11.061945270326037,0.9943805472967396,10.309726351630188
2023-02-05T00:00:00+00:00,synthetic_strategy_2,JPM,fundamental_data_stale,accepted,0.39009994232749684,10.890099942327497,12.890099942327497,1.890099942327497,4.390099942327497,1.4725249855818743,8.890099942327497,0.7390099942327497,0.07890099942327497,0.08890099942327497,8.32970017301751,11.439600230690013,12.109900057672503,6.109900057672503,4.109900057672503,3.1099000576725033,0.9939009994232749,10.549500288362516
2023-02-06T00:00:00+00:00,synthetic_strategy_3,XOM,debt_leverage_increase,accepted,0.4663747643816848,10.966374764381685,12.966374764381685,1.9663747643816847,1.1663747643816846,4.791593691095421,1.6663747643816846,0.7466374764381685,0.07966374764381685,0.08966374764381685,8.100875706854946,11.134500942473261,1.0336252356183153,0.5336252356183152,0.3336252356183152,3.0336252356183153,0.9946637476438168,10.168126178091576
2023-02-07T00:00:00+00:00,synthetic_strategy_0,AAPL,earnings_estimate_cut,accepted,-7.88143508936988,2.1185649106301203,-3.8814350893698797,-6.88143508936988,4.61856491063012,1.52964122765753,9.11856491063012,0.761856491063012,0.0811856491063012,0.0911856491063012,8.35569473189036,11.474259642520481,1.11856491063012,0.6185649106301201,0.41856491063012013,3.1185649106301203,0.9938143508936987,10.592824553150601
2023-02-08T00:00:00+00:00,synthetic_strategy_1,MSFT,alpha_score_decay,accepted,0.5030723637156543,11.003072363715654,13.003072363715654,2.0030723637156544,4.5030723637156544,1.5007680909289136,9.003072363715654,-0.17969276362843456,-0.04996927636284346,-0.05996927636284345,8.009217091146963,11.012289454862618,1.0030723637156544,0.5030723637156543,0.3030723637156544,3.0030723637156544,0.9949692763628435,10.015361818578272
2023-02-09T00:00:00+00:00,synthetic_strategy_2,NVDA,target_actual_weight_gap,accepted,0.3806433750714109,10.880643375071411,12.880643375071411,1.8806433750714109,4.380643375071411,1.4701608437678528,8.880643375071411,0.7380643375071411,0.07880643375071411,0.0888064337507141,96.35806987478577,118.47742649971435,1.1193566249285891,0.6193566249285891,0.4193566249285891,11.119356624928589,0.9938064337507141,10.596783124642945
2023-02-10T00:00:00+00:00,synthetic_strategy_3,JPM,fundamental_data_stale,accepted,0.5276845242438457,11.027684524243845,13.027684524243845,2.027684524243846,4.5276845242438455,1.5069211310609614,9.027684524243845,0.7527684524243846,0.08027684524243846,0.09027684524243845,8.083053572731536,11.110738096975384,12.027684524243845,6.0276845242438455,4.0276845242438455,3.027684524243846,0.9947231547575616,10.13842262121923
2023-02-11T00:00:00+00:00,synthetic_strategy_0,XOM,debt_leverage_increase,accepted,0.6122226278765704,11.112222627876571,13.112222627876571,2.1122226278765703,1.3122226278765703,4.828055656969142,1.8122226278765703,0.761222262787657,0.08112222627876571,0.0911222262787657,8.336667883629712,11.448890511506281,1.1122226278765703,0.6122226278765704,0.41222262787657044,3.1122226278765703,0.9938777737212343,10.561113139382853
2023-02-12T00:00:00+00:00,synthetic_strategy_1,AAPL,earnings_estimate_cut,accepted,-8.056603059718386,1.9433969402816142,-4.056603059718386,-7.056603059718386,4.443396940281614,1.4858492350704036,8.943396940281614,0.7443396940281615,0.07943396940281615,0.08943396940281614,8.169809179155157,11.226412238873543,1.0566030597183858,0.5566030597183858,0.35660305971838574,3.0566030597183858,0.9944339694028161,10.283015298591929
2023-02-13T00:00:00+00:00,synthetic_strategy_2,MSFT,alpha_score_decay,accepted,0.4023633573334163,10.902363357333416,12.902363357333416,1.9023633573334164,4.402363357333416,1.475590839333354,8.902363357333416,-0.18976366426665836,-0.05097636642666584,-0.06097636642666583,8.292909927999752,11.390546570666334,1.0976366426665836,0.5976366426665837,0.39763664266658366,3.0976366426665836,0.9940236335733341,10.488183213332919
2023-02-14T00:00:00+00:00,synthetic_strategy_3,NVDA,target_actual_weight_gap,accepted,0.5817629474165602,11.08176294741656,13.08176294741656,2.08176294741656,4.58176294741656,1.52044073685414,9.08176294741656,0.758176294741656,0.0808176294741656,0.09081762947416559,96.24528884224968,118.32705178966624,1.0817629474165602,0.5817629474165602,0.38176294741656014,11.08176294741656,0.9941823705258344,10.408814737082801
2023-02-15T00:00:00+00:00,synthetic_strategy_0,JPM,fundamental_data_stale,accepted,0.5765672314425798,11.07656723144258,13.07656723144258,2.0765672314425796,4.57656723144258,1.519141807860645,9.07656723144258,0.757656723144258,0.0807656723144258,0.0907656723144258,8.229701694327739,11.306268925770318,12.07656723144258,6.07656723144258,4.07656723144258,3.0765672314425796,0.9942343276855742,10.382836157212898
2023-02-16T00:00:00+00:00,synthetic_strategy_1,XOM,debt_leverage_increase,accepted,0.39850652015378507,10.898506520153784,12.898506520153784,1.898506520153785,1.098506520153785,4.774626630038446,1.598506520153785,0.7398506520153785,0.07898506520153785,0.08898506520153784,8.304480439538645,11.40597391938486,1.101493479846215,0.6014934798462149,0.401493479846215,3.101493479846215,0.9939850652015378,10.507467399231075
2023-02-17T00:00:00+00:00,synthetic_strategy_2,AAPL,earnings_estimate_cut,accepted,-8.050413479272423,1.949586520727576,-4.050413479272424,-7.050413479272424,4.449586520727576,1.487396630181894,8.949586520727577,0.7449586520727576,0.07949586520727576,0.08949586520727576,8.151240437817272,11.201653917089695,1.050413479272424,0.5504134792724239,0.3504134792724239,3.050413479272424,0.9944958652072757,10.25206739636212
2023-02-18T00:00:00+00:00,synthetic_strategy_3,MSFT,alpha_score_decay,accepted,0.6144844783312822,11.114484478331281,13.114484478331281,2.114484478331282,4.614484478331282,1.5286211195828205,9.114484478331281,-0.1685515521668718,-0.04885515521668718,-0.058855155216687174,8.343453434993846,11.457937913325129,1.1144844783312822,0.6144844783312822,0.41448447833128216,3.114484478331282,0.9938551552166872,10.57242239165641
2023-02-19T00:00:00+00:00,synthetic_strategy_0,NVDA,target_actual_weight_gap,accepted,0.520912089841864,11.020912089841865,13.020912089841865,2.0209120898418638,4.520912089841864,1.505228022460466,9.020912089841865,0.7520912089841864,0.08020912089841864,0.09020912089841863,96.06273626952559,118.08364835936746,1.020912089841864,0.520912089841864,0.320912089841864,11.020912089841865,0.9947908791015814,10.10456044920932
2023-02-20T00:00:00+00:00,synthetic_strategy_1,JPM,fundamental_data_stale,accepted,0.38012670638804086,10.88012670638804,12.88012670638804,1.880126706388041,4.380126706388041,1.4700316765970103,8.88012670638804,0.738012670638804,0.07880126706388041,0.0888012670638804,8.359619880835877,11.479493174447837,12.11987329361196,6.119873293611959,4.119873293611959,3.1198732936119593,0.9938012670638804,10.599366468059795
2023-02-21T00:00:00+00:00,synthetic_strategy_2,XOM,debt_leverage_increase,accepted,0.5099779379480769,11.009977937948078,13.009977937948078,2.009977937948077,1.2099779379480768,4.802494484487019,1.7099779379480768,0.7509977937948077,0.08009977937948078,0.09009977937948077,8.02993381384423,11.039911751792308,1.0099779379480769,0.5099779379480769,0.3099779379480769,3.009977937948077,0.9949002206205192,10.049889689740384
2023-02-22T00:00:00+00:00,synthetic_strategy_3,AAPL,earnings_estimate_cut,accepted,-7.882697911126106,2.1173020888738936,-3.8826979111261064,-6.882697911126106,4.617302088873894,1.5293255222184734,9.117302088873894,0.7617302088873893,0.08117302088873894,0.09117302088873894,8.35190626662168,11.469208355495574,1.1173020888738934,0.6173020888738934,0.4173020888738934,3.1173020888738936,0.993826979111261,10.586510444369466
2023-02-23T00:00:00+00:00,synthetic_strategy_0,MSFT,alpha_score_decay,accepted,0.4597946054103944,10.959794605410394,12.959794605410394,1.9597946054103943,4.459794605410394,1.4899486513525986,8.959794605410394,-0.18402053945896055,-0.05040205394589606,-0.06040205394589605,8.120616183768817,11.160821578358423,1.0402053945896057,0.5402053945896056,0.3402053945896056,3.0402053945896057,0.9945979460541039,10.201026972948029
2023-02-24T00:00:00+00:00,synthetic_strategy_1,NVDA,target_actual_weight_gap,accepted,0.39305839859380687,10.893058398593807,12.893058398593807,1.8930583985938068,4.393058398593807,1.4732645996484517,8.893058398593807,0.7393058398593807,0.07893058398593807,0.08893058398593806,96.32082480421857,118.42776640562477,1.1069416014061932,0.6069416014061931,0.4069416014061932,11.106941601406193,0.993930583985938,10.534708007030966
2023-02-25T00:00:00+00:00,synthetic_strategy_2,JPM,fundamental_data_stale,accepted,0.5677630676942843,11.067763067694285,13.067763067694285,2.067763067694284,4.567763067694284,1.516940766923571,9.067763067694285,0.7567763067694284,0.08067763067694285,0.09067763067694284,8.203289203082853,11.271052270777137,12.067763067694285,6.067763067694284,4.067763067694284,3.067763067694284,0.9943223693230572,10.338815338471422
2023-02-26T00:00:00+00:00,synthetic_strategy_3,XOM,debt_leverage_increase,accepted,0.5894798050282292,11.08947980502823,13.08947980502823,2.0894798050282293,1.2894798050282292,4.822369951257057,1.7894798050282292,0.758947980502823,0.0808947980502823,0.09089479805028229,8.268439415084687,11.357919220112917,1.0894798050282293,0.5894798050282292,0.3894798050282292,3.0894798050282293,0.9941052019497177,10.447399025141147
2023-02-27T00:00:00+00:00,synthetic_strategy_0,AAPL,earnings_estimate_cut,accepted,-8.09082102815133,1.9091789718486702,-4.09082102815133,-7.09082102815133,4.40917897184867,1.4772947429621675,8.90917897184867,0.740917897184867,0.07909178971848671,0.0890917897184867,8.272463084453989,11.363284112605319,1.0908210281513298,0.5908210281513298,0.3908210281513298,3.0908210281513298,0.9940917897184867,10.45410514075665
2023-02-28T00:00:00+00:00,synthetic_strategy_1,MSFT,alpha_score_decay,accepted,0.43392377385888303,10.933923773858883,12.933923773858883,1.933923773858883,4.433923773858883,1.4834809434647207,8.933923773858883,-0.18660762261411168,-0.050660762261411175,-0.06066076226141117,8.198228678423352,11.264304904564469,1.066076226141117,0.566076226141117,0.366076226141117,3.066076226141117,0.9943392377385888,10.330381130705584
2023-03-01T00:00:00+00:00,synthetic_strategy_2,NVDA,target_actual_weight_gap,accepted,0.6078481440355448,11.107848144035545,13.107848144035545,2.1078481440355445,4.607848144035545,1.5269620360088862,9.107848144035545,0.7607848144035545,0.08107848144035545,0.09107848144035545,96.32354443210663,118.43139257614217,1.1078481440355448,0.6078481440355448,0.4078481440355447,11.107848144035545,0.9939215185596445,10.539240720177723
2023-03-02T00:00:00+00:00,synthetic_strategy_3,JPM,fundamental_data_stale,accepted,0.538284946983166,11.038284946983167,13.038284946983167,2.038284946983166,4.538284946983166,1.5095712367457914,9.038284946983167,0.7538284946983166,0.08038284946983167,0.09038284946983166,8.114854840949498,11.153139787932664,12.038284946983167,6.038284946983166,4.038284946983166,3.038284946983166,0.9946171505301683,10.19142473491583
2023-03-03T00:00:00+00:00,synthetic_strategy_0,XOM,debt_leverage_increase,accepted,0.3822862466981005,10.8822862466981,12.8822862466981,1.8822862466981005,1.0822862466981005,4.770571561674525,1.5822862466981005,0.7382286246698101,0.078822862466981,0.088822862466981,8.353141259905698,11.470855013207599,1.1177137533018995,0.6177137533018995,0.4177137533018995,3.1177137533018997,0.993822862466981,10.588568766509498
2023-03-04T00:00:00+00:00,synthetic_strategy_1,AAPL,earnings_estimate_cut,accepted,-8.007951408951545,1.9920485910484544,-4.007951408951546,-7.007951408951546,4.492048591048454,1.4980121477621136,8.992048591048455,0.7492048591048455,0.07992048591048455,0.08992048591048454,8.023854226854636,11.031805635806181,1.0079514089515456,0.5079514089515454,0.30795140895154544,3.0079514089515453,0.9949204859104845,10.039757044757728
2023-03-05T00:00:00+00:00,synthetic_strategy_2,MSFT,alpha_score_decay,accepted,0.6197627438324986,11.1197627438325,13.1197627438325,2.119762743832499,4.619762743832498,1.5299406859581246,9.1197627438325,-0.16802372561675014,-0.048802372561675016,-0.05880237256167501,8.359288231497496,11.479050975329995,1.1197627438324986,0.6197627438324986,0.4197627438324987,3.119762743832499,0.993802372561675,10.598813719162493
2023-03-06T00:00:00+00:00,synthetic_strategy_3,NVDA,target_actual_weight_gap,accepted,0.4770898686224628,10.977089868622462,12.977089868622462,1.9770898686224627,4.477089868622463,1.4942724671556158,8.977089868622462,0.7477089868622463,0.07977089868622463,0.08977089868622462,96.06873039413261,118.09164052551014,1.0229101313775373,0.5229101313775373,0.3229101313775372,11.022910131377538,0.9947708986862246,10.114550656887687
2023-03-07T00:00:00+00:00,synthetic_strategy_0,JPM,fundamental_data_stale,accepted,0.38614094475066907,10.88614094475067,12.88614094475067,1.886140944750669,4.386140944750669,1.4715352361876672,8.88614094475067,0.7386140944750669,0.07886140944750669,0.08886140944750669,8.341577165747992,11.455436220997324,12.11385905524933,6.113859055249331,4.113859055249331,3.113859055249331,0.9938614094475067,10.569295276246654
2023-03-08T00:00:00+00:00,synthetic_strategy_1,XOM,debt_leverage_increase,accepted,0.5522503561666677,11.052250356166669,13.052250356166669,2.0522503561666676,1.2522503561666678,4.8130625890416665,1.7522503561666678,0.7552250356166668,0.08052250356166668,0.09052250356166668,8.156751068500004,11.20900142466667,1.0522503561666676,0.5522503561666677,0.3522503561666677,3.0522503561666676,0.9944774964383333,10.261251780833339
2023-03-09T00:00:00+00:00,synthetic_strategy_2,AAPL,earnings_estimate_cut,accepted,-7.89960528618478,2.10039471381522,-3.89960528618478,-6.89960528618478,4.60039471381522,1.525098678453805,9.10039471381522,0.760039471381522,0.0810039471381522,0.0910039471381522,8.30118414144566,11.40157885526088,1.10039471381522,0.6003947138152198,0.40039471381521985,3.10039471381522,0.9939960528618478,10.5019735690761
2023-03-10T00:00:00+00:00,synthetic_strategy_3,MSFT,alpha_score_decay,accepted,0.42187903157040174,10.921879031570402,12.921879031570402,1.9218790315704017,4.421879031570402,1.4804697578926005,8.921879031570402,-0.18781209684295982,-0.05078120968429599,-0.060781209684295984,8.234362905288794,11.312483873718394,1.0781209684295983,0.5781209684295983,0.3781209684295983,3.0781209684295985,0.994218790315704,10.390604842147992
2023-03-11T00:00:00+00:00,synthetic_strategy_0,NVDA,target_actual_weight_gap,accepted,0.41973619952715624,10.919736199527156,12.919736199527156,1.9197361995271562,4.419736199527156,1.479934049881789,8.919736199527156,0.7419736199527156,0.07919736199527157,0.08919736199527156,96.24079140141853,118.32105520189137,1.0802638004728438,0.5802638004728438,0.3802638004728438,11.080263800472844,0.9941973619952715,10.401319002364218
2023-03-12T00:00:00+00:00,synthetic_strategy_1,JPM,fundamental_data_stale,accepted,0.5988040659939264,11.098804065993926,13.098804065993926,2.098804065993926,4.598804065993926,1.5247010164984816,9.098804065993926,0.7598804065993926,0.08098804065993927,0.09098804065993926,8.296412197981779,11.395216263975705,12.098804065993926,6.098804065993926,4.098804065993926,3.098804065993926,0.9940119593400607,10.494020329969633
2023-03-13T00:00:00+00:00,synthetic_strategy_2,XOM,debt_leverage_increase,accepted,0.5548030806381888,11.05480308063819,13.05480308063819,2.0548030806381887,1.2548030806381887,4.813700770159547,1.7548030806381887,0.7554803080638188,0.08054803080638188,0.09054803080638188,8.164409241914566,11.219212322552755,1.0548030806381887,0.5548030806381888,0.35480308063818883,3.0548030806381887,0.9944519691936181,10.274015403190944
2023-03-14T00:00:00+00:00,synthetic_strategy_3,AAPL,earnings_estimate_cut,accepted,-8.112926216415252,1.8870737835847478,-4.112926216415252,-7.112926216415252,4.387073783584748,1.471768445896187,8.887073783584748,0.7387073783584748,0.07887073783584748,0.08887073783584748,8.338778649245757,11.451704865661009,1.1129262164152522,0.6129262164152522,0.41292621641525223,3.1129262164152522,0.9938707378358475,10.56463108207626
2023-03-15T00:00:00+00:00,synthetic_strategy_0,MSFT,alpha_score_decay,accepted,0.47429676185526837,10.974296761855268,12.974296761855268,1.9742967618552683,4.4742967618552685,1.4935741904638171,8.974296761855268,-0.18257032381447316,-0.05025703238144732,-0.06025703238144731,8.077109714434195,11.102812952578926,1.0257032381447317,0.5257032381447316,0.3257032381447317,3.0257032381447315,0.9947429676185526,10.128516190723658
2023-03-16T00:00:00+00:00,synthetic_strategy_1,NVDA,target_actual_weight_gap,accepted,0.6195496578562807,11.11954965785628,13.11954965785628,2.1195496578562807,4.619549657856281,1.5298874144640702,9.11954965785628,0.761954965785628,0.08119549657856281,0.09119549657856281,96.35864897356885,118.47819863142513,1.1195496578562807,0.6195496578562807,0.41954965785628073,11.11954965785628,0.9938045034214372,10.597748289281403
2023-03-17T00:00:00+00:00,synthetic_strategy_2,JPM,fundamental_data_stale,accepted,0.4948966077253299,10.99489660772533,12.99489660772533,1.9948966077253298,4.49489660772533,1.4987241519313326,8.99489660772533,0.749489660772533,0.0799489660772533,0.08994896607725329,8.015310176824011,11.02041356909868,12.00510339227467,6.00510339227467,4.00510339227467,3.00510339227467,0.9949489660772532,10.02551696137335
2023-03-18T00:00:00+00:00,synthetic_strategy_3,XOM,debt_leverage_increase,accepted,0.38176543013736053,10.88176543013736,12.88176543013736,1.8817654301373605,1.0817654301373605,4.77044135753434,1.5817654301373605,0.738176543013736,0.07881765430137361,0.0888176543013736,8.354703709587918,11.472938279450558,1.1182345698626395,0.6182345698626395,0.41823456986263946,3.1182345698626395,0.9938176543013736,10.591172849313198
2023-03-19T00:00:00+00:00,synthetic_strategy_0,AAPL,earnings_estimate_cut,accepted,-7.964428861000932,2.0355711389990683,-3.9644288610009317,-6.964428861000932,4.535571138999068,1.508892784749767,9.03557113899907,0.7535571138999069,0.08035571138999069,0.09035571138999068,8.106713416997206,11.142284555996273,1.0355711389990685,0.5355711389990685,0.33557113899906843,3.0355711389990683,0.9946442886100093,10.177855694995342
2023-03-20T00:00:00+00:00,synthetic_strategy_1,MSFT,alpha_score_decay,accepted,0.6090682790309404,11.109068279030941,13.109068279030941,2.1090682790309403,4.60906827903094,1.527267069757735,9.109068279030941,-0.16909317209690597,-0.0489093172096906,-0.058909317209690594,8.327204837092822,11.436273116123761,1.1090682790309403,0.6090682790309404,0.40906827903094034,3.1090682790309403,0.9939093172096906,10.545341395154702
2023-03-21T00:00:00+00:00,synthetic_strategy_2,NVDA,target_actual_weight_gap,accepted,0.43632316649008535,10.936323166490086,12.936323166490086,1.9363231664900853,4.4363231664900855,1.4840807916225214,8.936323166490086,0.7436323166490085,0.07936323166490085,0.08936323166490084,96.19103050052975,118.25470733403967,1.0636768335099147,0.5636768335099147,0.36367683350991464,11.063676833509914,0.9943632316649008,10.318384167549572
2023-03-22T00:00:00+00:00,synthetic_strategy_3,JPM,fundamental_data_stale,accepted,0.40734053979291596,10.907340539792916,12.907340539792916,1.907340539792916,4.407340539792916,1.476835134948229,8.907340539792916,0.7407340539792916,0.07907340539792916,0.08907340539792916,8.277978380621253,11.370637840828337,12.092659460207084,6.092659460207084,4.092659460207084,3.0926594602070843,0.9940734053979291,10.46329730103542
2023-03-23T00:00:00+00:00,synthetic_strategy_0,XOM,debt_leverage_increase,accepted,0.5875541560940698,11.08755415609407,13.08755415609407,2.0875541560940696,1.2875541560940698,4.821888539023517,1.7875541560940698,0.758755415609407,0.0808755415609407,0.0908755415609407,8.26266246828221,11.350216624376278,1.0875541560940698,0.5875541560940698,0.38755415609406973,3.0875541560940696,0.9941244584390593,10.437770780470348
2023-03-24T00:00:00+00:00,synthetic_strategy_1,AAPL,earnings_estimate_cut,accepted,-7.929902281723739,2.070097718276261,-3.929902281723739,-6.929902281723739,4.570097718276261,1.5175244295690653,9.07009771827626,0.7570097718276261,0.08070097718276262,0.09070097718276261,8.210293154828783,11.280390873105045,1.0700977182762612,0.5700977182762611,0.37009771827626115,3.070097718276261,0.9942990228172374,10.350488591381305
2023-03-25T00:00:00+00:00,synthetic_strategy_2,MSFT,alpha_score_decay,accepted,0.39438243378078036,10.89438243378078,12.89438243378078,1.8943824337807804,4.39438243378078,1.473595608445195,8.89438243378078,-0.19056175662192196,-0.0510561756621922,-0.061056175662192194,8.316852698657659,11.422470264876878,1.1056175662192196,0.6056175662192197,0.4056175662192196,3.1056175662192196,0.9939438243378078,10.528087831096098
2023-03-26T00:00:00+00:00,synthetic_strategy_3,NVDA,target_actual_weight_gap,accepted,0.4571187655402162,10.957118765540216,12.957118765540216,1.9571187655402162,4.4571187655402165,1.4892796913850541,8.957118765540216,0.7457118765540216,0.07957118765540216,0.08957118765540216,96.12864370337935,118.17152493783914,1.0428812344597838,0.5428812344597838,0.3428812344597838,11.042881234459784,0.9945711876554022,10.214406172298919
2023-03-27T00:00:00+00:00,synthetic_strategy_0,JPM,fundamental_data_stale,accepted,0.6166675881567009,11.116667588156702,13.116667588156702,2.1166675881567008,4.616667588156701,1.5291668970391752,9.116667588156702,0.7616667588156701,0.08116667588156701,0.091166675881567,8.350002764470103,11.466670352626803,12.116667588156702,6.116667588156701,4.116667588156701,3.1166675881567008,0.993833324118433,10.583337940783505
2023-03-28T00:00:00+00:00,synthetic_strategy_1,XOM,debt_leverage_increase,accepted,0.5128172816663296,11.01281728166633,13.01281728166633,2.0128172816663294,1.2128172816663294,4.803204320416582,1.7128172816663294,0.751281728166633,0.08012817281666329,0.09012817281666329,8.038451844998988,11.051269126665318,1.0128172816663294,0.5128172816663296,0.3128172816663295,3.0128172816663294,0.9948718271833367,10.064086408331647
2023-03-29T00:00:00+00:00,synthetic_strategy_2,AAPL,earnings_estimate_cut,accepted,-8.119970460505781,1.8800295394942181,-4.119970460505782,-7.119970460505782,4.380029539494218,1.4700073848735544,8.880029539494219,0.7380029539494218,0.07880029539494218,0.08880029539494218,8.359911381517346,11.479881842023127,1.1199704605057819,0.6199704605057819,0.41997046050578185,3.119970460505782,0.9938002953949422,10.599852302528909
2023-03-30T00:00:00+00:00,synthetic_strategy_3,MSFT,alpha_score_decay,accepted,0.5180977849622052,11.018097784962205,13.018097784962205,2.018097784962205,4.5180977849622055,1.5045244462405514,9.018097784962205,-0.17819022150377947,-0.04981902215037795,-0.059819022150377946,8.054293354886616,11.07239113984882,1.0180977849622053,0.5180977849622052,0.3180977849622052,3.018097784962205,0.994819022150378,10.090488924811027
2023-03-31T00:00:00+00:00,synthetic_strategy_0,NVDA,target_actual_weight_gap,accepted,0.6153068606031316,11.115306860603132,13.115306860603132,2.1153068606031318,4.615306860603131,1.5288267151507828,9.115306860603132,0.7615306860603132,0.08115306860603132,0.09115306860603131,96.3459205818094,118.46122744241252,1.1153068606031316,0.6153068606031316,0.4153068606031316,11.115306860603132,0.9938469313939686,10.576534303015658
2023-04-01T00:00:00+00:00,synthetic_strategy_1,JPM,fundamental_data_stale,accepted,0.4521889067513543,10.952188906751354,12.952188906751354,1.9521889067513543,4.4521889067513545,1.4880472266878386,8.952188906751354,0.7452188906751355,0.07952188906751355,0.08952188906751354,8.143433279745937,11.191244372994582,12.047811093248646,6.0478110932486455,4.0478110932486455,3.0478110932486455,0.9945218890675135,10.239055466243228
2023-04-02T00:00:00+00:00,synthetic_strategy_2,XOM,debt_leverage_increase,accepted,0.39701353165954156,10.897013531659542,12.897013531659542,1.8970135316595416,1.0970135316595415,4.774253382914885,1.5970135316595415,0.7397013531659542,0.07897013531659541,0.08897013531659541,8.308959405021374,11.411945873361834,1.1029864683404584,0.6029864683404584,0.4029864683404584,3.1029864683404584,0.9939701353165954,10.514932341702291
2023-04-03T00:00:00+00:00,synthetic_strategy_3,AAPL,earnings_estimate_cut,accepted,-7.925650427886141,2.074349572113859,-3.925650427886141,-6.925650427886141,4.574349572113859,1.5185873930284648,9.07434957211386,0.757434957211386,0.08074349572113859,0.09074349572113859,8.223048716341578,11.297398288455437,1.0743495721138594,0.5743495721138593,0.37434957211385933,3.074349572113859,0.9942565042788614,10.371747860569297
2023-04-04T00:00:00+00:00,synthetic_strategy_0,MSFT,alpha_score_decay,accepted,0.5838274023002638,11.083827402300264,13.083827402300264,2.0838274023002636,4.583827402300264,1.520956850575066,9.083827402300264,-0.1716172597699736,-0.04916172597699737,-0.05916172597699736,8.251482206900791,11.335309609201055,1.0838274023002639,0.5838274023002638,0.3838274023002638,3.0838274023002636,0.9941617259769974,10.419137011501318
2023-04-05T00:00:00+00:00,synthetic_strategy_1,NVDA,target_actual_weight_gap,accepted,0.4040490293711738,10.904049029371174,12.904049029371174,1.9040490293711738,4.404049029371174,1.4760122573427934,8.904049029371174,0.7404049029371174,0.07904049029371174,0.08904049029371174,96.28785291188647,118.38380388251531,1.0959509706288262,0.5959509706288262,0.3959509706288261,11.095950970628826,0.9940404902937118,10.479754853144131
2023-04-06T00:00:00+00:00,synthetic_strategy_2,JPM,fundamental_data_stale,accepted,0.4408981062754166,10.940898106275416,12.940898106275416,1.9408981062754165,4.440898106275417,1.4852245265688542,8.940898106275416,0.7440898106275416,0.07940898106275417,0.08940898106275416,8.17730568117375,11.236407574898333,12.059101893724584,6.059101893724583,4.059101893724583,3.0591018937245833,0.9944089810627542,10.295509468622917
2023-04-07T00:00:00+00:00,synthetic_strategy_3,XOM,debt_leverage_increase,accepted,0.61118087784653,11.11118087784653,13.11118087784653,2.1111808778465297,1.31118087784653,4.827795219461632,1.81118087784653,0.761118087784653,0.0811118087784653,0.0911118087784653,8.33354263353959,11.444723511386119,1.11118087784653,0.61118087784653,0.4111808778465299,3.1111808778465297,0.9938881912215347,10.55590438923265
2023-04-08T00:00:00+00:00,synthetic_strategy_0,AAPL,earnings_estimate_cut,accepted,-7.969548194238352,2.030451805761648,-3.969548194238352,-6.969548194238352,4.530451805761648,1.507612951440412,9.030451805761649,0.7530451805761648,0.08030451805761649,0.09030451805761648,8.091355417284944,11.121807223046591,1.030451805761648,0.530451805761648,0.33045180576164795,3.030451805761648,0.9946954819423836,10.15225902880824
2023-04-09T00:00:00+00:00,synthetic_strategy_1,MSFT,alpha_score_decay,accepted,0.3809720271259789,10.88097202712598,12.88097202712598,1.8809720271259789,4.380972027125979,1.4702430067814947,8.88097202712598,-0.19190279728740212,-0.05119027972874021,-0.06119027972874021,8.357083918622063,11.476111891496085,1.1190279728740211,0.6190279728740211,0.4190279728740211,3.1190279728740213,0.9938097202712598,10.595139864370106
2023-04-10T00:00:00+00:00,synthetic_strategy_2,NVDA,target_actual_weight_gap,accepted,0.500220392182299,11.0002203921823,13.0002203921823,2.0002203921822987,4.500220392182299,1.5000550980455747,9.0002203921823,0.7500220392182299,0.08000220392182299,0.09000220392182298,96.0006611765469,118.0008815687292,1.000220392182299,0.500220392182299,0.3002203921822989,11.0002203921823,0.994997796078177,10.001101960911495
2023-04-11T00:00:00+00:00,synthetic_strategy_3,JPM,fundamental_data_stale,accepted,0.6189711802354712,11.118971180235471,13.118971180235471,2.118971180235471,4.618971180235471,1.5297427950588678,9.118971180235471,0.7618971180235471,0.08118971180235471,0.0911897118023547,8.356913540706413,11.475884720941885,12.118971180235471,6.118971180235471,4.118971180235471,3.118971180235471,0.9938102881976453,10.594855901177356
2023-04-12T00:00:00+00:00,synthetic_strategy_0,XOM,debt_leverage_increase,accepted,0.46912204471134156,10.969122044711341,12.969122044711341,1.9691220447113416,1.1691220447113415,4.792280511177835,1.6691220447113415,0.7469122044711342,0.07969122044711342,0.08969122044711342,8.092633865865976,11.123511821154635,1.0308779552886584,0.5308779552886584,0.33087795528865843,3.0308779552886587,0.9946912204471134,10.154389776443292
2023-04-13T00:00:00+00:00,synthetic_strategy_1,AAPL,earnings_estimate_cut,accepted,-8.111014271167376,1.888985728832624,-4.111014271167376,-7.111014271167376,4.388985728832624,1.472246432208156,8.888985728832624,0.7388985728832624,0.07888985728832625,0.08888985728832624,8.333042813502129,11.444057084669504,1.111014271167376,0.611014271167376,0.41101427116737604,3.111014271167376,0.9938898572883262,10.55507135583688
2023-04-14T00:00:00+00:00,synthetic_strategy_2,MSFT,alpha_score_decay,accepted,0.5594851105449503,11.05948511054495,13.05948511054495,2.05948511054495,4.5594851105449505,1.5148712776362376,9.05948511054495,-0.17405148894550496,-0.0494051488945505,-0.059405148894550494,8.17845533163485,11.2379404421798,1.0594851105449503,0.5594851105449503,0.35948511054495025,3.05948511054495,0.9944051488945505,10.297425552724752
2023-04-15T00:00:00+00:00,synthetic_strategy_3,NVDA,target_actual_weight_gap,accepted,0.5956856131948209,11.09568561319482,13.09568561319482,2.0956856131948207,4.595685613194821,1.5239214032987052,9.09568561319482,0.7595685613194821,0.08095685613194821,0.0909568561319482,96.28705683958447,118.38274245277928,1.095685613194821,0.5956856131948209,0.3956856131948209,11.09568561319482,0.9940431438680518,10.478428065974104
2023-04-16T00:00:00+00:00,synthetic_strategy_0,JPM,fundamental_data_stale,accepted,0.4158577605681533,10.915857760568153,12.915857760568153,1.9158577605681533,4.415857760568153,1.4789644401420383,8.915857760568153,0.7415857760568153,0.07915857760568154,0.08915857760568154,8.25242671829554,11.336568957727387,12.084142239431847,6.084142239431847,4.084142239431847,3.0841422394318467,0.9941585776056815,10.420711197159234
2023-04-17T00:00:00+00:00,synthetic_strategy_1,XOM,debt_leverage_increase,accepted,0.42599691538215445,10.925996915382154,12.925996915382154,1.9259969153821546,1.1259969153821543,4.781499228845538,1.6259969153821543,0.7425996915382155,0.07925996915382155,0.08925996915382155,8.222009253853537,11.296012338471382,1.0740030846178454,0.5740030846178455,0.37400308461784554,3.0740030846178454,0.9942599691538215,10.370015423089228
2023-04-18T00:00:00+00:00,synthetic_strategy_2,AAPL,earnings_estimate_cut,accepted,-7.896787980540366,2.103212019459634,-3.896787980540366,-6.896787980540366,4.603212019459634,1.5258030048649085,9.103212019459635,0.7603212019459634,0.08103212019459634,0.09103212019459633,8.309636058378903,11.412848077838536,1.103212019459634,0.6032120194596341,0.40321201945963403,3.103212019459634,0.9939678798054037,10.51606009729817
2023-04-19T00:00:00+00:00,synthetic_strategy_3,MSFT,alpha_score_decay,accepted,0.5474064837128559,11.047406483712855,13.047406483712855,2.047406483712856,4.547406483712856,1.511851620928214,9.047406483712855,-0.1752593516287144,-0.049525935162871446,-0.05952593516287144,8.142219451138567,11.189625934851424,1.047406483712856,0.5474064837128559,0.347406483712856,3.047406483712856,0.9945259351628715,10.23703241856428
2023-04-20T00:00:00+00:00,synthetic_strategy_0,NVDA,target_actual_weight_gap,accepted,0.3845718516997447,10.884571851699745,12.884571851699745,1.8845718516997447,4.384571851699745,1.4711429629249362,8.884571851699745,0.7384571851699745,0.07884571851699745,0.08884571851699745,96.34628444490076,118.46171259320103,1.1154281483002553,0.6154281483002553,0.4154281483002553,11.115428148300255,0.9938457185169974,10.577140741501276
2023-04-21T00:00:00+00:00,synthetic_strategy_1,JPM,fundamental_data_stale,accepted,0.48233807907758486,10.982338079077586,12.982338079077586,1.9823380790775849,4.482338079077585,1.4955845197693962,8.982338079077586,0.7482338079077585,0.07982338079077585,0.08982338079077584,8.052985762767245,11.07064768368966,12.017661920922414,6.017661920922415,4.017661920922415,3.017661920922415,0.9948233807907758,10.088309604612075
2023-04-22T00:00:00+00:00,synthetic_strategy_2,XOM,debt_leverage_increase,accepted,0.6199794308393288,11.11997943083933,13.11997943083933,2.119979430839329,1.319979430839329,4.829994857709832,1.819979430839329,0.7619979430839329,0.08119979430839329,0.09119979430839328,8.359938292517986,11.479917723357316,1.119979430839329,0.6199794308393288,0.41997943083932887,3.119979430839329,0.9938002056916067,10.599897154196645
2023-04-23T00:00:00+00:00,synthetic_strategy_3,AAPL,earnings_estimate_cut,accepted,-8.013255457262298,1.9867445427377013,-4.013255457262298,-7.013255457262298,4.486744542737702,1.4966861356844254,8.986744542737702,0.7486744542737701,0.07986744542737702,0.08986744542737701,8.039766371786897,11.053021829049195,1.0132554572622987,0.5132554572622986,0.31325545726229864,3.0132554572622987,0.994867445427377,10.066277286311493
2023-04-24T00:00:00+00:00,synthetic_strategy_0,MSFT,alpha_score_decay,accepted,0.3834363545359027,10.883436354535903,12.883436354535903,1.8834363545359027,4.3834363545359025,1.4708590886339756,8.883436354535903,-0.19165636454640972,-0.05116563645464098,-0.06116563645464097,8.349690936392292,11.46625458185639,1.1165636454640973,0.6165636454640973,0.4165636454640973,3.1165636454640975,0.993834363545359,10.582818227320487
2023-04-25T00:00:00+00:00,synthetic_strategy_1,NVDA,target_actual_weight_gap,accepted,0.5432926251684245,11.043292625168425,13.043292625168425,2.0432926251684247,4.543292625168425,1.5108231562921062,9.043292625168425,0.7543292625168424,0.08043292625168424,0.09043292625168424,96.12987787550527,118.17317050067369,1.0432926251684245,0.5432926251684245,0.34329262516842446,11.043292625168425,0.9945670737483158,10.216463125842122
2023-04-26T00:00:00+00:00,synthetic_strategy_2,JPM,fundamental_data_stale,accepted,0.6054076126709907,11.10540761267099,13.10540761267099,2.105407612670991,4.605407612670991,1.5263519031677477,9.10540761267099,0.760540761267099,0.08105407612670991,0.0910540761267099,8.316222838012973,11.421630450683963,12.10540761267099,6.105407612670991,4.105407612670991,3.105407612670991,0.9939459238732901,10.527038063354954
2023-04-27T00:00:00+00:00,synthetic_strategy_3,XOM,debt_leverage_increase,accepted,0.42954499373259236,10.929544993732593,12.929544993732593,1.9295449937325924,1.1295449937325923,4.782386248433148,1.6295449937325923,0.7429544993732592,0.07929544993732593,0.08929544993732592,8.211365018802223,11.28182002506963,1.0704550062674076,0.5704550062674076,0.37045500626740757,3.0704550062674074,0.9942954499373259,10.352275031337038
2023-04-28T00:00:00+00:00,synthetic_strategy_0,AAPL,earnings_estimate_cut,accepted,-8.087252133364766,1.9127478666352336,-4.087252133364767,-7.087252133364767,4.412747866635233,1.4781869666588083,8.912747866635234,0.7412747866635233,0.07912747866635234,0.08912747866635233,8.2617564000943,11.349008533459067,1.0872521333647664,0.5872521333647666,0.38725213336476655,3.0872521333647667,0.9941274786663523,10.436260666823832
2023-04-29T00:00:00+00:00,synthetic_strategy_1,MSFT,alpha_score_decay,accepted,0.5929389202665849,11.092938920266585,13.092938920266585,2.092938920266585,4.592938920266585,1.5232347300666462,9.092938920266585,-0.17070610797334151,-0.04907061079733415,-0.059070610797334146,8.278816760799755,11.37175568106634,1.092938920266585,0.5929389202665849,0.3929389202665849,3.092938920266585,0.9940706107973342,10.464694601332925
2023-04-30T00:00:00+00:00,synthetic_strategy_2,NVDA,target_actual_weight_gap,accepted,0.5633027970005271,11.063302797000526,13.063302797000526,2.063302797000527,4.563302797000527,1.5158256992501318,9.063302797000526,0.7563302797000527,0.08063302797000527,0.09063302797000526,96.18990839100158,118.25321118800211,1.063302797000527,0.5633027970005271,0.3633027970005271,11.063302797000526,0.9943669720299947,10.316513985002635
2023-05-01T00:00:00+00:00,synthetic_strategy_3,JPM,fundamental_data_stale,accepted,0.39074864599935905,10.89074864599936,12.89074864599936,1.890748645999359,4.390748645999359,1.4726871614998398,8.89074864599936,0.7390748645999359,0.0789074864599936,0.08890748645999359,8.327754062001922,11.437005416002563,12.10925135400064,6.109251354000641,4.109251354000641,3.109251354000641,0.9939074864599936,10.546256770003204
2023-05-02T00:00:00+00:00,synthetic_strategy_0,XOM,debt_leverage_increase,accepted,0.4648500739140976,10.964850073914098,12.964850073914098,1.9648500739140975,1.1648500739140975,4.791212518478524,1.6648500739140975,0.7464850073914098,0.07964850073914098,0.08964850073914098,8.105449778257707,11.14059970434361,1.0351499260859025,0.5351499260859024,0.33514992608590244,3.0351499260859023,0.994648500739141,10.175749630429513
2023-05-03T00:00:00+00:00,synthetic_strategy_1,AAPL,earnings_estimate_cut,accepted,-7.8816908970972355,2.118309102902765,-3.881690897097235,-6.8816908970972355,4.6183091029027645,1.5295772757256911,9.118309102902765,0.7618309102902765,0.08118309102902765,0.09118309102902765,8.354927308708294,11.47323641161106,1.1183091029027648,0.6183091029027648,0.4183091029027648,3.118309102902765,0.9938169089709723,10.591545514513824
2023-05-04T00:00:00+00:00,synthetic_strategy_2,MSFT,alpha_score_decay,accepted,0.5046629730177775,11.004662973017778,13.004662973017778,2.0046629730177776,4.504662973017777,1.5011657432544443,9.004662973017778,-0.17953370269822225,-0.049953370269822224,-0.05995337026982222,8.013988919053332,11.01865189207111,1.0046629730177776,0.5046629730177775,0.3046629730177775,3.0046629730177776,0.9949533702698222,10.023314865088887
2023-05-05T00:00:00+00:00,synthetic_strategy_3,NVDA,target_actual_weight_gap,accepted,0.3804893002964586,10.880489300296459,12.880489300296459,1.8804893002964587,4.380489300296459,1.4701223250741147,8.880489300296459,0.7380489300296459,0.07880489300296459,0.08880489300296458,96.35853209911062,118.47804279881417,1.1195106997035413,0.6195106997035413,0.4195106997035414,11.119510699703541,0.9938048930029646,10.597553498517707
2023-05-06T00:00:00+00:00,synthetic_strategy_0,JPM,fundamental_data_stale,accepted,0.5261336183146474,11.026133618314647,13.026133618314647,2.0261336183146477,4.526133618314647,1.5065334045786618,9.026133618314647,0.7526133618314648,0.08026133618314647,0.09026133618314647,8.078400854943942,11.10453447325859,12.026133618314647,6.026133618314647,4.026133618314647,3.0261336183146477,0.9947386638168535,10.130668091573238
2023-05-07T00:00:00+00:00,synthetic_strategy_1,XOM,debt_leverage_increase,accepted,0.6127763540318176,11.112776354031817,13.112776354031817,2.112776354031818,1.3127763540318176,4.828194088507955,1.8127763540318176,0.7612776354031817,0.08112776354031818,0.09112776354031818,8.338329062095452,11.451105416127271,1.1127763540318176,0.6127763540318176,0.41277635403181767,3.112776354031818,0.9938722364596818,10.563881770159089
2023-05-08T00:00:00+00:00,synthetic_strategy_2,AAPL,earnings_estimate_cut,accepted,-8.05519484292209,1.9448051570779106,-4.05519484292209,-7.05519484292209,4.44480515707791,1.4862012892694776,8.94480515707791,0.7444805157077911,0.07944805157077911,0.0894480515707791,8.165584528766269,11.220779371688359,1.0551948429220894,0.5551948429220895,0.3551948429220895,3.0551948429220896,0.9944480515707791,10.275974214610448
2023-05-09T00:00:00+00:00,synthetic_strategy_3,MSFT,alpha_score_decay,accepted,0.4014467492162146,10.901446749216214,12.901446749216214,1.9014467492162146,4.401446749216214,1.4753616873040536,8.901446749216214,-0.18985532507837855,-0.050985532507837855,-0.06098553250783785,8.295659752351357,11.39421300313514,1.0985532507837854,0.5985532507837854,0.39855325078378534,3.098553250783785,0.9940144674921622,10.492766253918926
2023-05-10T00:00:00+00:00,synthetic_strategy_0,NVDA,target_actual_weight_gap,accepted,0.58059093043892,11.08059093043892,13.08059093043892,2.08059093043892,4.58059093043892,1.52014773260973,9.08059093043892,0.758059093043892,0.0808059093043892,0.0908059093043892,96.24177279131676,118.32236372175568,1.08059093043892,0.58059093043892,0.38059093043892,11.08059093043892,0.9941940906956108,10.4029546521946
2023-05-11T00:00:00+00:00,synthetic_strategy_1,JPM,fundamental_data_stale,accepted,0.5777858554293612,11.077785855429362,13.077785855429362,2.077785855429361,4.577785855429362,1.5194464638573404,9.077785855429362,0.7577785855429361,0.08077785855429362,0.09077785855429361,8.233357566288083,11.311143421717444,12.077785855429362,6.077785855429362,4.077785855429362,3.077785855429361,0.9942221414457064,10.388929277146806
2023-05-12T00:00:00+00:00,synthetic_strategy_2,XOM,debt_leverage_increase,accepted,0.39936451114879873,10.899364511148798,12.899364511148798,1.8993645111487987,1.0993645111487986,4.7748411277872,1.5993645111487986,0.7399364511148798,0.07899364511148799,0.08899364511148798,8.301906466553604,11.402541955404805,1.1006354888512013,0.6006354888512012,0.40063548885120126,3.1006354888512013,0.993993645111488,10.503177444256007
2023-05-13T00:00:00+00:00,synthetic_strategy_3,AAPL,earnings_estimate_cut,accepted,-8.05185319809093,1.9481468019090693,-4.051853198090931,-7.051853198090931,4.448146801909069,1.4870367004772673,8.94814680190907,0.7448146801909069,0.0794814680190907,0.0894814680190907,8.155559594272791,11.207412792363723,1.0518531980909307,0.5518531980909307,0.35185319809093063,3.0518531980909307,0.9944814680190907,10.259265990454653
2023-05-14T00:00:00+00:00,synthetic_strategy_0,MSFT,alpha_score_decay,accepted,0.6139974870224649,11.113997487022464,13.113997487022464,2.113997487022465,4.6139974870224645,1.5284993717556161,9.113997487022464,-0.1686002512977535,-0.04886002512977535,-0.05886002512977535,8.341992461067395,11.45598994808986,1.113997487022465,0.6139974870224649,0.4139974870224649,3.113997487022465,0.9938600251297753,10.569987435112324
2023-05-15T00:00:00+00:00,synthetic_strategy_1,NVDA,target_actual_weight_gap,accepted,0.5224773009581924,11.022477300958192,13.022477300958192,2.0224773009581924,4.522477300958192,1.505619325239548,9.022477300958192,0.7522477300958192,0.08022477300958193,0.09022477300958193,96.06743190287457,118.08990920383278,1.0224773009581924,0.5224773009581924,0.3224773009581924,11.022477300958192,0.9947752269904181,10.112386504790962
2023-05-16T00:00:00+00:00,synthetic_strategy_2,JPM,fundamental_data_stale,accepted,0.3802103600273598,10.880210360027359,12.880210360027359,1.8802103600273599,4.38021036002736,1.47005259000684,8.880210360027359,0.7380210360027359,0.0788021036002736,0.08880210360027359,8.359368919917921,11.47915855989056,12.119789639972641,6.11978963997264,4.11978963997264,3.11978963997264,0.9938021036002735,10.598948199863202
2023-05-17T00:00:00+00:00,synthetic_strategy_3,XOM,debt_leverage_increase,accepted,0.5083911702100403,11.008391170210041,13.008391170210041,2.0083911702100403,1.2083911702100403,4.80209779255251,1.7083911702100403,0.750839117021004,0.0800839117021004,0.0900839117021004,8.025173510630122,11.033564680840161,1.0083911702100403,0.5083911702100403,0.30839117021004037,3.0083911702100403,0.9949160882978996,10.041955851050202
